-- phpMyAdmin SQL Dump
-- version 4.6.4
-- https://www.phpmyadmin.net/
--
-- Host: 127.0.0.1
-- Gegenereerd op: 02 aug 2017 om 13:06
-- Serverversie: 5.7.14
-- PHP-versie: 7.0.10

SET SQL_MODE = "NO_AUTO_VALUE_ON_ZERO";
SET time_zone = "+00:00";


/*!40101 SET @OLD_CHARACTER_SET_CLIENT=@@CHARACTER_SET_CLIENT */;
/*!40101 SET @OLD_CHARACTER_SET_RESULTS=@@CHARACTER_SET_RESULTS */;
/*!40101 SET @OLD_COLLATION_CONNECTION=@@COLLATION_CONNECTION */;
/*!40101 SET NAMES utf8mb4 */;

--
-- Database: `wiped`
--

-- --------------------------------------------------------

--
-- Tabelstructuur voor tabel `availability`
--

CREATE TABLE `availability` (
  `day_id` int(6) NOT NULL,
  `user_id` int(6) NOT NULL
) ENGINE=InnoDB DEFAULT CHARSET=latin1;

--
-- Gegevens worden geëxporteerd voor tabel `availability`
--

INSERT INTO `availability` (`day_id`, `user_id`) VALUES
(1, 2),
(2, 2),
(3, 2),
(4, 2),
(5, 2),
(1, 4),
(2, 4),
(3, 4),
(4, 4),
(5, 4),
(1, 1),
(2, 1),
(5, 1),
(1, 3),
(2, 3),
(3, 3),
(4, 3),
(5, 3),
(1, 7),
(1, 9),
(2, 9),
(3, 9),
(4, 9),
(5, 9),
(1, 10),
(2, 10),
(3, 10),
(4, 10),
(5, 10);

-- --------------------------------------------------------

--
-- Tabelstructuur voor tabel `availability_days`
--

CREATE TABLE `availability_days` (
  `id` int(1) NOT NULL,
  `name` varchar(10) NOT NULL
) ENGINE=InnoDB DEFAULT CHARSET=latin1;

--
-- Gegevens worden geëxporteerd voor tabel `availability_days`
--

INSERT INTO `availability_days` (`id`, `name`) VALUES
(1, 'Maandag'),
(2, 'Dinsdag'),
(3, 'Woensdag'),
(4, 'Donderdag'),
(5, 'Vrijdag'),
(6, 'Zaterdag'),
(7, 'Zondag');

-- --------------------------------------------------------

--
-- Tabelstructuur voor tabel `check_categories`
--

CREATE TABLE `check_categories` (
  `id` int(11) NOT NULL,
  `name` varchar(255) DEFAULT NULL,
  `division_id` int(11) DEFAULT NULL,
  `active` bit(1) DEFAULT NULL
) ENGINE=InnoDB DEFAULT CHARSET=latin1;

--
-- Gegevens worden geëxporteerd voor tabel `check_categories`
--

INSERT INTO `check_categories` (`id`, `name`, `division_id`, `active`) VALUES
(1, 'Kwaliteit', 2, b'1'),
(2, 'SEO', 3, b'1'),
(3, 'Formulieren', 2, b'1'),
(4, 'Shop', 2, b'1'),
(5, 'Beheer', 2, b'1'),
(6, 'Server', 2, b'1'),
(7, 'Browsercompatibiliteit', 2, b'1'),
(8, 'Voorbeeld', NULL, b'0');

-- --------------------------------------------------------

--
-- Tabelstructuur voor tabel `check_items`
--

CREATE TABLE `check_items` (
  `id` int(11) NOT NULL,
  `name` varchar(255) DEFAULT NULL,
  `category_id` int(11) DEFAULT NULL,
  `active` bit(1) DEFAULT NULL
) ENGINE=InnoDB DEFAULT CHARSET=latin1;

--
-- Gegevens worden geëxporteerd voor tabel `check_items`
--

INSERT INTO `check_items` (`id`, `name`, `category_id`, `active`) VALUES
(1, 'Er is een 404 en 500 pagina ingesteld', 1, b'1'),
(2, 'Er worden geen JavaScript errors getoond bij het inladen van de pagina', 1, b'1'),
(3, 'Er worden geen 404 responses getoond bij het inladen van de pagina', 1, b'1'),
(4, 'Op de website staan geen menukopjes die op een 404 pagina uitkomen', 1, b'1'),
(5, 'De aanwezige afbeeldingen zijn geoptimaliseerd (Juiste grote, type en kwaliteit)', 1, b'1'),
(6, 'De website scoort minimaal twee maal een \'B\' in GTMetrix (gtmetrix.com)', 1, b'1'),
(7, 'Er is een sitemap gegenereerd en gekoppeld aan een link in de footer', 2, b'1'),
(8, 'Er is een robots.txt gegenereerd', 2, b'1'),
(9, 'Er zijn favicons aanwezig in de juiste formaten (van 32 x 32 t/m 128 x 128)', 2, b'1'),
(10, 'Op alle pagina\'s is een juiste meta titel ingevuld en de werking is getest in de browser', 2, b'1'),
(11, 'Op alle pagina\'s is een werkende meta description aanwezig', 2, b'1'),
(12, 'Op alle webpagina\'s is microdata aanwezig (Rich Snippets) in JSON of HTML/XML formaat', 2, b'1'),
(13, 'Alle OpenGraph  objecten zijn toegevoegd (titel, beschrijving, afbeelding, type etc.)', 2, b'1'),
(14, 'In de OpenGraph opmaak hebben afbeeldingen de juiste formaten en zijn relevant voor de website', 2, b'1'),
(15, 'Er zijn Alt en Title attributen aanwezig voor ALLE afbeeldingen op de website', 2, b'1'),
(16, 'Alle pagina\'s hebben SEO vriendelijke URL\'s', 2, b'1'),
(17, 'Er is een redirect ingesteld die de non WWW naar de WWW versie stuurt doormiddel van een 301 redirect', 2, b'1'),
(18, 'Er is een Google Analytics account ingesteld', 2, b'1'),
(19, 'De noindex nofollow robots meta tag is aangepast naar index, follow', 2, b'1'),
(20, 'Er zijn geen dubbele versies van de homepage beschikbaar', 2, b'1'),
(21, 'Alle items uit formulieren worden via mail doorgestuurd', 3, b'1'),
(22, 'Alle velden worden gevalideerd met JavaScript en PHP voor de veiligheid', 3, b'1'),
(23, 'Alle labels kloppen bij de velden', 3, b'1'),
(24, 'De formulieren zijn beveiligd tegen cross side scripting', 3, b'1'),
(25, 'Er is een mooie bedankt pagina ingesteld na het versturen van een formulier', 3, b'1'),
(26, 'Producten zijn correct gekoppeld en gecategoriseerd', 4, b'1'),
(27, 'Producten zijn correct geprijsd', 4, b'1'),
(28, 'De BTW wordt goed berekend', 4, b'1'),
(29, 'Het winkelmandje werkt naar behoren', 4, b'1'),
(30, 'De betaalmodule werkt en een betaling wordt correct afgehandeld in het systeem', 4, b'1'),
(31, 'Er wordt een bevestigingsemail verzonden', 4, b'1'),
(32, 'Een bezoeker kan in \'mijn account\' aanmelden', 4, b'1'),
(33, 'Een bezoeker kan zijn wachtwoord aanpassen', 4, b'1'),
(34, 'Een bezoeker kan een account aanmaken', 4, b'1'),
(35, 'Er is een klant account ingesteld en de inloggegevens zijn beschikbaar', 5, b'1'),
(36, 'De klant ziet alleen de juiste menu opties en de daarbij horende rechten', 5, b'1'),
(37, 'De inloggegevens zijn naar de klant gestuurd', 5, b'1'),
(38, 'De klantgegevens zijn correct ingesteld in beheer (naam, email, adres etc.)', 5, b'1'),
(39, 'Pagina\'s kunnen in alle talen worden aangemaakt en bewerkt', 5, b'1'),
(40, 'Afbeeldingen kunnen goed geupload worden met waarnodig een image cropper', 5, b'1'),
(41, 'Lijsten werken naar behoren in alle talen', 5, b'1'),
(42, 'Er is een mailadres voor de klant aangemaakt', 6, b'1'),
(43, 'ALLE testdata is verwijderd', 6, b'1'),
(44, 'Alle cache is opgeschoond', 6, b'1'),
(45, 'De database is opgeschoond', 6, b'1'),
(46, 'De IP blokkade is opgeheven', 6, b'1'),
(47, 'Op de system cache folder zijn 755 rechten ingesteld', 6, b'1'),
(48, 'Op de image map zijn 755 rechten ingesteld', 6, b'1'),
(49, 'Op de files map zijn 755 rechten ingesteld', 6, b'1'),
(50, 'Windows: Chrome, Firefox, Edge, IE 10+, Opera', 7, b'1'),
(51, 'Mac: Firefox, Safari, Opera', 7, b'1'),
(52, 'Android Telefoon: Chrome, Default Browser', 7, b'1'),
(53, 'Android Tablet: Android browser, Chrome', 7, b'1'),
(54, 'iPad: Safari', 7, b'1'),
(55, 'iPhone: Safari', 7, b'1'),
(56, 'Let op schrijffouten', 2, NULL),
(57, 'Dingen testen', 2, b'0'),
(58, 'Item 1', 8, b'1');

-- --------------------------------------------------------

--
-- Tabelstructuur voor tabel `ci_sessions`
--

CREATE TABLE `ci_sessions` (
  `id` varchar(128) NOT NULL,
  `ip_address` varchar(45) NOT NULL,
  `timestamp` int(10) UNSIGNED NOT NULL DEFAULT '0',
  `data` blob NOT NULL
) ENGINE=MyISAM DEFAULT CHARSET=utf8;

--
-- Gegevens worden geëxporteerd voor tabel `ci_sessions`
--

INSERT INTO `ci_sessions` (`id`, `ip_address`, `timestamp`, `data`) VALUES
('02c5783137fc516cbb8569b924d523aeab6542db', '127.0.0.1', 1494834679, 0x5f5f63695f6c6173745f726567656e65726174657c693a313439343833343637393b6e616d657c733a31383a224a616e2d57696c6c656d20487569736d616e223b757365725f69647c733a313a2231223b70726f66696c655f69647c733a313a2231223b6469766973696f6e5f69647c733a313a2232223b6469766973696f6e5f6e616d657c733a363a22202d20576562223b70726f66696c655f696d6167657c733a33353a222f637573746f6d2f696d6167652f70726f66696c652f6a616e77696c6c656d2e6a7067223b736c6f67616e7c733a31373a2254686520706f77657220746f20776f7721223b6d656e755f73746174657c4e3b63616c656e6461727c733a3130323a2268747470733a2f2f63616c656e6461722e676f6f676c652e636f6d2f63616c656e6461722f656d6265643f6d6f64653d5745454b267372633d6a616e77696c6c656d2534306d697866696e6974792e6e6c2663747a3d4575726f70652f416d7374657264616d223b656d61696c7c733a32323a226a616e77696c6c656d406d697866696e6974792e6e6c223b),
('9b41380b2060a4a8eb06b4b44be3ff8b27738408', '127.0.0.1', 1494834833, 0x5f5f63695f6c6173745f726567656e65726174657c693a313439343833343833333b6e616d657c733a31383a224a616e2d57696c6c656d20487569736d616e223b757365725f69647c733a313a2231223b70726f66696c655f69647c733a313a2231223b6469766973696f6e5f69647c733a313a2232223b6469766973696f6e5f6e616d657c733a363a22202d20576562223b70726f66696c655f696d6167657c733a33353a222f637573746f6d2f696d6167652f70726f66696c652f6a616e77696c6c656d2e6a7067223b736c6f67616e7c733a31373a2254686520706f77657220746f20776f7721223b6d656e755f73746174657c4e3b63616c656e6461727c733a3130323a2268747470733a2f2f63616c656e6461722e676f6f676c652e636f6d2f63616c656e6461722f656d6265643f6d6f64653d5745454b267372633d6a616e77696c6c656d2534306d697866696e6974792e6e6c2663747a3d4575726f70652f416d7374657264616d223b656d61696c7c733a32323a226a616e77696c6c656d406d697866696e6974792e6e6c223b),
('dab818088584249d104ac09a2c3b14ff94dc2cc8', '127.0.0.1', 1494836430, 0x5f5f63695f6c6173745f726567656e65726174657c693a313439343833363433303b6e616d657c733a31383a224a616e2d57696c6c656d20487569736d616e223b757365725f69647c733a313a2231223b70726f66696c655f69647c733a313a2231223b6469766973696f6e5f69647c733a313a2232223b6469766973696f6e5f6e616d657c733a363a22202d20576562223b70726f66696c655f696d6167657c733a33353a222f637573746f6d2f696d6167652f70726f66696c652f6a616e77696c6c656d2e6a7067223b736c6f67616e7c733a31373a2254686520706f77657220746f20776f7721223b6d656e755f73746174657c4e3b63616c656e6461727c733a3130323a2268747470733a2f2f63616c656e6461722e676f6f676c652e636f6d2f63616c656e6461722f656d6265643f6d6f64653d5745454b267372633d6a616e77696c6c656d2534306d697866696e6974792e6e6c2663747a3d4575726f70652f416d7374657264616d223b656d61696c7c733a32323a226a616e77696c6c656d406d697866696e6974792e6e6c223b),
('213359e1838785b253dc30286e09aaad40deef77', '127.0.0.1', 1494835433, 0x5f5f63695f6c6173745f726567656e65726174657c693a313439343833353433333b6e616d657c733a31383a224a616e2d57696c6c656d20487569736d616e223b757365725f69647c733a313a2231223b70726f66696c655f69647c733a313a2231223b6469766973696f6e5f69647c733a313a2232223b6469766973696f6e5f6e616d657c733a363a22202d20576562223b70726f66696c655f696d6167657c733a33353a222f637573746f6d2f696d6167652f70726f66696c652f6a616e77696c6c656d2e6a7067223b736c6f67616e7c733a31373a2254686520706f77657220746f20776f7721223b6d656e755f73746174657c4e3b63616c656e6461727c733a3130323a2268747470733a2f2f63616c656e6461722e676f6f676c652e636f6d2f63616c656e6461722f656d6265643f6d6f64653d5745454b267372633d6a616e77696c6c656d2534306d697866696e6974792e6e6c2663747a3d4575726f70652f416d7374657264616d223b656d61696c7c733a32323a226a616e77696c6c656d406d697866696e6974792e6e6c223b),
('635ee73c457c53fe760efce8314629b1391afce5', '127.0.0.1', 1494835812, 0x5f5f63695f6c6173745f726567656e65726174657c693a313439343833353831323b6e616d657c733a31383a224a616e2d57696c6c656d20487569736d616e223b757365725f69647c733a313a2231223b70726f66696c655f69647c733a313a2231223b6469766973696f6e5f69647c733a313a2232223b6469766973696f6e5f6e616d657c733a363a22202d20576562223b70726f66696c655f696d6167657c733a33353a222f637573746f6d2f696d6167652f70726f66696c652f6a616e77696c6c656d2e6a7067223b736c6f67616e7c733a31373a2254686520706f77657220746f20776f7721223b6d656e755f73746174657c4e3b63616c656e6461727c733a3130323a2268747470733a2f2f63616c656e6461722e676f6f676c652e636f6d2f63616c656e6461722f656d6265643f6d6f64653d5745454b267372633d6a616e77696c6c656d2534306d697866696e6974792e6e6c2663747a3d4575726f70652f416d7374657264616d223b656d61696c7c733a32323a226a616e77696c6c656d406d697866696e6974792e6e6c223b),
('366092e26bbb4c789b68227c8c2ccf81cbbd15a5', '127.0.0.1', 1494836364, 0x5f5f63695f6c6173745f726567656e65726174657c693a313439343833363336343b6e616d657c733a31383a224a616e2d57696c6c656d20487569736d616e223b757365725f69647c733a313a2231223b70726f66696c655f69647c733a313a2231223b6469766973696f6e5f69647c733a313a2232223b6469766973696f6e5f6e616d657c733a363a22202d20576562223b70726f66696c655f696d6167657c733a33353a222f637573746f6d2f696d6167652f70726f66696c652f6a616e77696c6c656d2e6a7067223b736c6f67616e7c733a31373a2254686520706f77657220746f20776f7721223b6d656e755f73746174657c4e3b63616c656e6461727c733a3130323a2268747470733a2f2f63616c656e6461722e676f6f676c652e636f6d2f63616c656e6461722f656d6265643f6d6f64653d5745454b267372633d6a616e77696c6c656d2534306d697866696e6974792e6e6c2663747a3d4575726f70652f416d7374657264616d223b656d61696c7c733a32323a226a616e77696c6c656d406d697866696e6974792e6e6c223b),
('9337504d07ac94f9d70a9a6061d48b258b96dcd1', '127.0.0.1', 1494836801, 0x5f5f63695f6c6173745f726567656e65726174657c693a313439343833363830313b6e616d657c733a31383a224a616e2d57696c6c656d20487569736d616e223b757365725f69647c733a313a2231223b70726f66696c655f69647c733a313a2231223b6469766973696f6e5f69647c733a313a2232223b6469766973696f6e5f6e616d657c733a363a22202d20576562223b70726f66696c655f696d6167657c733a33353a222f637573746f6d2f696d6167652f70726f66696c652f6a616e77696c6c656d2e6a7067223b736c6f67616e7c733a31373a2254686520706f77657220746f20776f7721223b6d656e755f73746174657c4e3b63616c656e6461727c733a3130323a2268747470733a2f2f63616c656e6461722e676f6f676c652e636f6d2f63616c656e6461722f656d6265643f6d6f64653d5745454b267372633d6a616e77696c6c656d2534306d697866696e6974792e6e6c2663747a3d4575726f70652f416d7374657264616d223b656d61696c7c733a32323a226a616e77696c6c656d406d697866696e6974792e6e6c223b),
('cea3ac4fc63185f1f5a33e3ba30921a990842c60', '127.0.0.1', 1494837251, 0x5f5f63695f6c6173745f726567656e65726174657c693a313439343833373235313b6e616d657c733a31383a224a616e2d57696c6c656d20487569736d616e223b757365725f69647c733a313a2231223b70726f66696c655f69647c733a313a2231223b6469766973696f6e5f69647c733a313a2232223b6469766973696f6e5f6e616d657c733a363a22202d20576562223b70726f66696c655f696d6167657c733a33353a222f637573746f6d2f696d6167652f70726f66696c652f6a616e77696c6c656d2e6a7067223b736c6f67616e7c733a31373a2254686520706f77657220746f20776f7721223b6d656e755f73746174657c4e3b63616c656e6461727c733a3130323a2268747470733a2f2f63616c656e6461722e676f6f676c652e636f6d2f63616c656e6461722f656d6265643f6d6f64653d5745454b267372633d6a616e77696c6c656d2534306d697866696e6974792e6e6c2663747a3d4575726f70652f416d7374657264616d223b656d61696c7c733a32323a226a616e77696c6c656d406d697866696e6974792e6e6c223b),
('f6702d2babd2e493e9f0bbed9eb367741525fe4d', '127.0.0.1', 1494837870, 0x5f5f63695f6c6173745f726567656e65726174657c693a313439343833373837303b6e616d657c733a31383a224a616e2d57696c6c656d20487569736d616e223b757365725f69647c733a313a2231223b70726f66696c655f69647c733a313a2231223b6469766973696f6e5f69647c733a313a2232223b6469766973696f6e5f6e616d657c733a363a22202d20576562223b70726f66696c655f696d6167657c733a33353a222f637573746f6d2f696d6167652f70726f66696c652f6a616e77696c6c656d2e6a7067223b736c6f67616e7c733a31373a2254686520706f77657220746f20776f7721223b6d656e755f73746174657c4e3b63616c656e6461727c733a3130323a2268747470733a2f2f63616c656e6461722e676f6f676c652e636f6d2f63616c656e6461722f656d6265643f6d6f64653d5745454b267372633d6a616e77696c6c656d2534306d697866696e6974792e6e6c2663747a3d4575726f70652f416d7374657264616d223b656d61696c7c733a32323a226a616e77696c6c656d406d697866696e6974792e6e6c223b),
('21ceea59b43af5fd03366075655fc7c63bb0c90a', '127.0.0.1', 1494838505, 0x5f5f63695f6c6173745f726567656e65726174657c693a313439343833383530303b6e616d657c733a31383a224a616e2d57696c6c656d20487569736d616e223b757365725f69647c733a313a2231223b70726f66696c655f69647c733a313a2231223b6469766973696f6e5f69647c733a313a2232223b6469766973696f6e5f6e616d657c733a363a22202d20576562223b70726f66696c655f696d6167657c733a33353a222f637573746f6d2f696d6167652f70726f66696c652f6a616e77696c6c656d2e6a7067223b736c6f67616e7c733a31373a2254686520706f77657220746f20776f7721223b6d656e755f73746174657c4e3b63616c656e6461727c733a3130323a2268747470733a2f2f63616c656e6461722e676f6f676c652e636f6d2f63616c656e6461722f656d6265643f6d6f64653d5745454b267372633d6a616e77696c6c656d2534306d697866696e6974792e6e6c2663747a3d4575726f70652f416d7374657264616d223b656d61696c7c733a32323a226a616e77696c6c656d406d697866696e6974792e6e6c223b),
('8ad389bd006a523fe403d19195fbf23b04f4cdaf', '127.0.0.1', 1494850421, 0x5f5f63695f6c6173745f726567656e65726174657c693a313439343835303432313b6e616d657c733a31383a224a616e2d57696c6c656d20487569736d616e223b757365725f69647c733a313a2231223b70726f66696c655f69647c733a313a2231223b6469766973696f6e5f69647c733a313a2232223b6469766973696f6e5f6e616d657c733a363a22202d20576562223b70726f66696c655f696d6167657c733a33353a222f637573746f6d2f696d6167652f70726f66696c652f6a616e77696c6c656d2e6a7067223b736c6f67616e7c733a31373a2254686520706f77657220746f20776f7721223b6d656e755f73746174657c4e3b63616c656e6461727c733a3130323a2268747470733a2f2f63616c656e6461722e676f6f676c652e636f6d2f63616c656e6461722f656d6265643f6d6f64653d5745454b267372633d6a616e77696c6c656d2534306d697866696e6974792e6e6c2663747a3d4575726f70652f416d7374657264616d223b656d61696c7c733a32323a226a616e77696c6c656d406d697866696e6974792e6e6c223b),
('dc673e606fd60a02148958a74fac4bcdfcda0c26', '127.0.0.1', 1494850841, 0x5f5f63695f6c6173745f726567656e65726174657c693a313439343835303834313b6e616d657c733a31383a224a616e2d57696c6c656d20487569736d616e223b757365725f69647c733a313a2231223b70726f66696c655f69647c733a313a2231223b6469766973696f6e5f69647c733a313a2232223b6469766973696f6e5f6e616d657c733a363a22202d20576562223b70726f66696c655f696d6167657c733a33353a222f637573746f6d2f696d6167652f70726f66696c652f6a616e77696c6c656d2e6a7067223b736c6f67616e7c733a31373a2254686520706f77657220746f20776f7721223b6d656e755f73746174657c4e3b63616c656e6461727c733a3130323a2268747470733a2f2f63616c656e6461722e676f6f676c652e636f6d2f63616c656e6461722f656d6265643f6d6f64653d5745454b267372633d6a616e77696c6c656d2534306d697866696e6974792e6e6c2663747a3d4575726f70652f416d7374657264616d223b656d61696c7c733a32323a226a616e77696c6c656d406d697866696e6974792e6e6c223b),
('b5a91f9035e863113facd2257727e157bd21ca10', '127.0.0.1', 1494851553, 0x5f5f63695f6c6173745f726567656e65726174657c693a313439343835313535333b6e616d657c733a31383a224a616e2d57696c6c656d20487569736d616e223b757365725f69647c733a313a2231223b70726f66696c655f69647c733a313a2231223b6469766973696f6e5f69647c733a313a2232223b6469766973696f6e5f6e616d657c733a363a22202d20576562223b70726f66696c655f696d6167657c733a33353a222f637573746f6d2f696d6167652f70726f66696c652f6a616e77696c6c656d2e6a7067223b736c6f67616e7c733a31373a2254686520706f77657220746f20776f7721223b6d656e755f73746174657c4e3b63616c656e6461727c733a3130323a2268747470733a2f2f63616c656e6461722e676f6f676c652e636f6d2f63616c656e6461722f656d6265643f6d6f64653d5745454b267372633d6a616e77696c6c656d2534306d697866696e6974792e6e6c2663747a3d4575726f70652f416d7374657264616d223b656d61696c7c733a32323a226a616e77696c6c656d406d697866696e6974792e6e6c223b),
('fdd9298ba38040589acc8d8a933b71ca3af57584', '127.0.0.1', 1494853078, 0x5f5f63695f6c6173745f726567656e65726174657c693a313439343835333037383b6e616d657c733a31383a224a616e2d57696c6c656d20487569736d616e223b757365725f69647c733a313a2231223b70726f66696c655f69647c733a313a2231223b6469766973696f6e5f69647c733a313a2232223b6469766973696f6e5f6e616d657c733a363a22202d20576562223b70726f66696c655f696d6167657c733a33353a222f637573746f6d2f696d6167652f70726f66696c652f6a616e77696c6c656d2e6a7067223b736c6f67616e7c733a31373a2254686520706f77657220746f20776f7721223b6d656e755f73746174657c4e3b63616c656e6461727c733a3130323a2268747470733a2f2f63616c656e6461722e676f6f676c652e636f6d2f63616c656e6461722f656d6265643f6d6f64653d5745454b267372633d6a616e77696c6c656d2534306d697866696e6974792e6e6c2663747a3d4575726f70652f416d7374657264616d223b656d61696c7c733a32323a226a616e77696c6c656d406d697866696e6974792e6e6c223b),
('078b36bfefb13d82be16919937e8b24f2de331e0', '127.0.0.1', 1494853081, 0x5f5f63695f6c6173745f726567656e65726174657c693a313439343835333038313b);

-- --------------------------------------------------------

--
-- Tabelstructuur voor tabel `contacts`
--

CREATE TABLE `contacts` (
  `id` int(11) NOT NULL,
  `parent_id` int(11) DEFAULT NULL,
  `name` varchar(120) NOT NULL,
  `address` varchar(120) NOT NULL,
  `zip` varchar(10) NOT NULL,
  `city` varchar(40) NOT NULL,
  `country` varchar(40) DEFAULT NULL,
  `phone` varchar(20) DEFAULT NULL,
  `email` varchar(150) DEFAULT NULL,
  `website` varchar(255) DEFAULT NULL,
  `kvk` varchar(20) DEFAULT NULL,
  `btw` varchar(20) DEFAULT NULL,
  `contact_name` varchar(120) DEFAULT NULL,
  `contact_phone` varchar(20) DEFAULT NULL,
  `contact_email` varchar(150) DEFAULT NULL,
  `date_created` datetime NOT NULL,
  `created_by` int(11) DEFAULT NULL,
  `active` bit(1) NOT NULL,
  `notify` text
) ENGINE=InnoDB DEFAULT CHARSET=latin1;

--
-- Gegevens worden geëxporteerd voor tabel `contacts`
--

INSERT INTO `contacts` (`id`, `parent_id`, `name`, `address`, `zip`, `city`, `country`, `phone`, `email`, `website`, `kvk`, `btw`, `contact_name`, `contact_phone`, `contact_email`, `date_created`, `created_by`, `active`, `notify`) VALUES
(1, NULL, 'Quisimedia', 'Vincent van Goghlaan 66', '3351BW', 'Papendrecht', 'Nederland', '+317880 80 128', 'contact@quisimedia.nl', 'http://www.quisimedia.nl', '123465790', 'NL211211211B01', 'Jan-Willem Huisman', '+31 78 80 80 128', 'contact@quisimedia.nl', '2015-10-02 16:13:00', 1, b'1', NULL),
(2, NULL, 'Digitransfer', 'Papland 19R', '4206 CK', 'Gorinchem', 'Nederland', '+31 183 82 02 09', 'info@digitransfer.info', 'http://www.digitransfer.info', '1234567890', 'NL123123132B01', 'Dick de Kuijper', '+31 183 82 02 09', 'dick@digitransfer.info', '2015-10-05 09:27:00', 1, b'1', 'Dit is een testopmerking'),
(3, NULL, 'Tankmatch', 'Biesboschhaven Noord 12', '4251 NL', 'Werkendam', 'Nederland', '+31 183 50 70 46', 'info@tankmatch.com', 'http://www.tankmatch.com', NULL, NULL, 'Andre Barge', '+31 183 50 70 46', 'anieman@tankmatch.com', '2015-10-05 10:11:00', 1, b'1', NULL),
(4, NULL, 'Oonincx Scheepsonderhoud BV', 'Vierlinghstraat 49A 12', '4251 LC', 'Werkendam', 'Nederland', '+31 183 50 98 93', 'info@oso-bv.nl', 'http://www.oso-bv.nl', '', '', 'test', '', '', '0000-00-00 00:00:00', NULL, b'0', NULL),
(6, NULL, 'Geen bedrijf', 'Tesselschadestraat 14', '3314 ZG', 'Dordrecht', 'Nederland', '0655251112', 'geen@idee.nl', 'http://www.website.nl', '1234567890', 'NL8655441144B01', 'Truus Naamloos', '1234567890', 'truus@geen-bedrijf.nl', '0000-00-00 00:00:00', NULL, b'0', NULL),
(7, NULL, 'asdf', 'asdf', 'asdf', 'adsf', 'asdf', 'asdf', 'asdf', 'asdf', 'asdf', 'asdf', '1234', '1234', '1234', '0000-00-00 00:00:00', 1, b'0', 'asdf'),
(8, NULL, 'asdf', 'asdf', 'asdf', 'adsf', 'asdf', 'asdf', 'asdf', 'asdf', 'asdf', 'asdf', '1234', '1234', '1234', '2015-10-05 14:38:32', 1, b'0', 'asdf'),
(9, NULL, 'Test', 'Test', 'test', 'test', 'test', '1234567890', 'geen@idee.nl', 'http://www.google.nl', 'TEST', 'TEST', 'test', 'test', 'test', '2015-10-05 15:08:49', 1, b'0', 'test'),
(10, NULL, 'Van Amerongen CA Technologie B.V.', 'Biezenwei 6', '4004 MB', 'Tiel', 'Nederland', '0344 - 670 570', 'info@van-amerongen.com', 'http://www.van-amerongen.com/', '', '', '', '', '', '2015-10-09 09:37:42', 1, b'1', ''),
(11, NULL, 'Ben Vreemdeling B.V.', 'Rollerdijk 12', '2345 GN', 'Wormerveen', 'Nederland', '0141112225', 'info@benvreemdeling.nl', 'www.benvreemdeling.nl', '', '', 'Ben Vreemdeling', '0141112225', 'ik@benvreemdeling.nl', '2016-01-25 13:50:26', 1, b'0', 'Dit is een testbedrijf'),
(12, NULL, 'XQuisite', 'Veenmos 3', '2951HK', 'Alblasserdam', 'Nederland', '0788880754', 'info@xquisite.nl', 'www.xquisite.nl', '', '', 'Daniella Geerlings', '0653630855', 'daniella@xquisite.nl', '2016-01-25 13:52:43', 1, b'1', ''),
(13, NULL, 'Roodborstje', 'Biesboschhaven Noord 12', '4251 NL', 'Werkendam', 'Nederland', '+31 (0)183 89 39 38', 'info@roodborstje.eu', 'roodborstje.eu', '1234678', '', 'Ellen', '+31 (0)183 89 39 38', 'info@roodborstje.eu', '2016-01-29 09:13:57', 1, b'1', 'Bedrijf van Ellen'),
(14, NULL, 'Van Doesburg Tegelwerken', 'Polingstraat 17', '4184 DK', 'Opijnen', 'Nederland', '0655107257', 'info@vandoesburgtegelwerken.nl', 'http://www.vandoesburgtegelwerken.nl', '', '', 'Henry van Doesburg', '0655107257', 'info@vandoesburgtegelwerken.nl', '2016-01-29 13:39:44', 1, b'1', ''),
(15, NULL, 'Letterpress Winkel', 'Mosterdmolenweg 5D', '3417 XM', 'Montfoort', 'Nederland', '0348 - 50 62 65', 'info@letterpresswinkel.nl', 'www.letterpresswinkel.nl', '', '', 'Andre Pessel', '0348 - 50 62 65', 'info@letterpresswinkel.nl', '2016-02-12 16:54:24', 1, b'1', ''),
(16, NULL, 'Concordia Group', 'Biesboschhaven Noord 7', '4241NL', 'Werkendam', 'Nederland', '+31 183 60 03 91', 'info@concordiagroup.nl', 'concordiagroup.nl', '', '', 'Karst van der Wiel', '(06) 57 31 04 77', 'karst@concordiagroup.n', '2016-02-15 12:54:53', 3, b'1', ''),
(17, NULL, 'Reproservice de Toren', 'Waaldijk 134', '4214 LD', 'Vuren', 'Nederland', '0183631149', 'reproservice@hetnet.nl', 'detorenrepro.nl', '', '', 'Jaap van Huisstede (Hans Peter)', '0183631149', 'info@123klokkijken.nl', '2016-02-15 12:58:09', 3, b'1', ''),
(18, NULL, 'BSR van Uden Stevedoring', 'Gustoweg 68', '3029 AS', 'Rotterdam', 'Nederland', '', '', 'bsrvus.nl', '', '', 'Ralph Bos', '(06) 11 58 65 53', 'r.bos@bsrvanudenstevedoring.nl', '2016-02-15 12:59:48', 3, b'1', ''),
(19, NULL, 'JP isolatie', 'Korte Kruisweg 64', '2676 BS', 'Maasdijk', 'Nederland', '+31 10 590 35 80', 'info@pronkisolatie.nl', 'pronkisolatie.nl', '', '', 'Jan Pronk', '(06) 53 46 48 80', 'jpronk@pronkisolatie.nl', '2016-02-15 13:02:31', 3, b'1', ''),
(20, NULL, 'kluizenonline.nl', 'Rijthoek 15 B', '4175 LM', 'Haaften', 'Nederland', '0418641022', 'info@kluizenonline.nl', 'https://www.kluizenonline.nl', '', '1699.33.702.B.01', 'John van Hemert', '', 'info@kluizenonline.nl', '2016-02-15 13:05:03', 3, b'1', ''),
(21, NULL, 'Dijkland', 'Rijtshoek 9', '4175 LM', 'Haaften', 'Nederland', '', '', '', '', '', 'BV Lopik', '', 'bvlopik@dijkland.nl', '2016-02-15 14:14:31', 2, b'1', ''),
(22, NULL, 'Eurosalt', 'Plaza 6', '4782 SK', 'Moerdijk', 'Nederland', '0168 393208', 'info@eurosalt.nl', 'www.eurosalt.nl', '', 'NL0085.36.910.B01', 'Sven Heddes', '0653977895', 's.heddes@eurosalt.nl', '2016-02-16 17:38:34', 3, b'1', ''),
(23, NULL, 'Admix', 'Kratonkade 3', '3024 ES', 'Rotterdam', 'Nederland', '010 270 7575', 'info@admix.nl', 'www.admix.nl', '', '', 'Vincent van Es / Michel de bruijn', '(06) 52 05 47 54', 'vincent@admix.nl', '2016-02-16 17:50:50', 3, b'1', ''),
(24, NULL, 'VRisolatie', 'Biezenwei 6', '4004 MB', 'Tiel', 'Nederland', '', 'info@vrisolatie.nl', 'vrisolatie.nl', '', '', 'Erwin Salomon', '+31 (0)344 – 670 570', 'esalomon@van-amerongen.com ', '2016-02-17 16:11:01', 3, b'1', 'Onderdeel van Van Amerongen'),
(25, NULL, 'Lediberg Benelux BV', 'Kikkertweg 56', '1521RG', 'WORMERVEER', 'Nederland', '+31 75 616 11 00', '', 'lediberg.nl', '', 'NL807270714B01', 'Ruud Mol', '', 'ruud@lediberg.nl', '2016-02-17 16:45:52', 3, b'1', ''),
(26, NULL, 'Van der Zalm', '', '', '', 'Nederland', '', '', '', '', '', '', '', '', '2016-02-17 17:23:37', 2, b'1', 'Van de Zalm'),
(27, NULL, 'DPGWA', 'Bieschboshaven', '', 'Werkendam', 'Nederland', '', '', '', '', '', '', '', '', '2016-02-19 10:58:24', 2, b'1', ''),
(28, NULL, 'Merwetank', 'Avelingen Oost 14', '4202MNq', 'Gorinchem', 'Nederland', '0183201030', 'info@merwetank.nl', 'merwetank.nl', '', '', 'Wout de Jong', '(06) 51 57 21 74', 'w.de.jong@merwetank.nl', '2016-02-22 17:18:44', 3, b'1', ''),
(29, NULL, 'GR vastgoed BV', 'Biesboschhaven Noord 12', '4241NL', 'Werkendam', 'Nederland', '', 'mark@grvastgoed.nl', 'grvastgoed.nl', '', '', 'Mark Roodhart', '06 53 38 39 46', 'mark@grvastgoed.nl', '2016-02-22 17:30:15', 3, b'1', ''),
(30, NULL, 'Galle Makelaars', 'Biesboschhaven Noord 12', '4241NL', 'Werkendam', 'Nederland', '', '', 'www.gallemakelaars.nl', '', '', 'Frank Galle', '(06) 54 24 54 44', 'frank@gallemakelaars.nl', '2016-02-23 12:24:47', 3, b'1', ''),
(31, NULL, 'TankMatch Hamburg', 'Ditmar-Koel-Straße 24', '20459', 'Hamburg', 'Duitsland', '+49 40 69 63 5330', 'team@tankmatch.de', '', '', '', 'Norbert Pochinski', '', '', '2016-02-24 17:42:10', 3, b'1', ''),
(32, NULL, 'OSO BV', 'Vierlinghstraat 49A 12 ', '4251 LC ', 'Werkendam', 'Nederland', '+31 (0)183 50 98 93', 'jaap@oso-bv.nl', 'www.oso-bv.nl', '', '', 'Jaap Oonincx', '(06) 51 22 78 12', 'jaap@oso-bv.nl', '2016-02-25 12:46:32', 3, b'1', ''),
(33, NULL, 'Kleton Isoliertechniek', 'An der Feuerwache 7', '49716', 'Meppen', 'Duitsland', '', '', '', '', '', '', '', '', '2016-03-03 12:24:42', 3, b'1', 'Onderdeel van JP isolatie'),
(34, NULL, 'Search Signals', 'Kerkstraat 10', '1404 HH ', 'Bussum', 'Nederland', '0355448633', 'bas.klein@searchsignals.nl', 'www.searchsignals.nl', '', '', 'Bas Klein', '035 – 544 86 33', 'bas.klein@searchsignals.nl', '2016-03-03 14:17:46', 3, b'1', ''),
(35, NULL, 'Euro-RIjn', 'Plaza 6', '4782 SK', 'Moerdijk', 'Nederland', '+31 (0) 168 39 32 19', 'l.vriens@eurorijn.com', 'euro-rijn.com', '', '', '', '', '', '2016-04-08 16:11:26', 3, b'1', ''),
(36, NULL, 'Techned', 'Veersteeg 15', '4212 LR ', 'Spijk', 'Nederland', '(0183) 63 07 70', '', 'technedbenelux.nl', '', '', 'Marcel Geluk', '(06) 10 46 14 63', 'marcel.geluk@technedbenelux.nl', '2016-05-09 11:52:03', 3, b'1', ''),
(37, NULL, 'KDC vastgoed', 'Plaza 6', '4782 SK', 'Moerdijk', 'Nederland', '', 'info@burovandendool.nl', 'kdcvastgoed.nl', '', '', 'Dick van den Dool', '(06) 53 12 47 77', 'info@burovandendool.nl', '2016-05-24 11:15:32', 3, b'1', ''),
(38, NULL, 'VQM', 'biezenwei 6', '', '', 'Nederland', '', '', '', '', '', 'Erwin Salomon', '', '', '2016-05-27 16:17:39', 3, b'1', ''),
(39, NULL, 'ForF', '', '', '', 'Nederland', '', '', '', '', '', '', '', '', '2016-06-07 11:31:38', 3, b'1', ''),
(40, NULL, 'Liquid control trading BV', 'Vierlinghstraat 49A - 12', '4251 LC', 'Werkendam', 'Nederland', '', '', '', '', '', '', '', '', '2016-06-14 14:23:05', 3, b'1', ''),
(41, NULL, 'ICL', 'Graanweg 23', '4782PP', 'Moerdijk', 'Nederland', '0168820070', '', 'www.commoditieslogistics.com', '', '', 'Hans Cleton', '0653554418', 'hans.cleton@commoditieslogistics.com', '2016-06-17 16:07:29', 3, b'1', ''),
(42, NULL, 'Buro van den Dool', 'Laag Dalemseweg 88 ', '4208 BA ', 'Gorinchem', 'Nederland', '0183 56 57 24 ', '', 'burovandendool.nl', '', '', 'Dick van den Dool', '06 53 12 47 77', 'info@burovandendool.nl', '2016-06-21 16:12:53', 3, b'1', ''),
(43, NULL, 'MvH Stucadoors', 'Burgemeesterscheffershof', '', 'Kedichem', 'Nederland', '', 'info@mvhstucadoors.nl', 'mvhstucadoors.nl', '', '', 'Marcel van Hemert', '', '', '2016-06-23 16:20:35', 3, b'1', ''),
(44, NULL, 'ARA Group', '', '', '', 'Nederland', '', '', 'www.aragroup.nl', '', '', 'Ad van Bergum', '', '', '2016-06-24 11:07:03', 3, b'1', ''),
(45, NULL, 'Roodborstje', 'biesboschhaven Noord 12', '4241NL', 'W\'dam', 'Nederland', '', 'ellen@roodborstje.eu', 'www.roodborstje.eu', '', '', '', '', '', '2016-07-07 15:48:13', 3, b'1', ''),
(46, NULL, 'Fotein', 'biezenwei 6', '4004 MB', 'Tiel', 'Nederland', '0344670581', 'info@fotein.nl', 'www.fotein.nl', '65479513', 'NL856129318B01', 'Erwin Salomon', '', '', '2016-07-12 10:05:45', 3, b'1', ''),
(47, NULL, 'Hakkert', '', '', '', 'Nederland', '', '', '', '', '', 'Johan Hakkert', '', '', '2016-08-01 10:41:51', 3, b'1', ''),
(48, NULL, 'Eco Agri', '', '', '', 'Nederland', '', '', '', '', '', '', '', '', '2016-08-09 15:58:38', 3, b'1', ''),
(49, NULL, 'van den Bosch', 'Hoogven 10', '5469 EM', 'Erp', 'Nederland', '+31 413 217 217 ', '', 'vandenbosch.com', '', '', 'Gerard Aalders', '', '', '2016-08-12 14:11:03', 3, b'1', ''),
(50, NULL, 'Mixfinity', '', '', '', 'Nederland', '', '', '', '', '', '', '', '', '2016-08-12 14:40:46', 3, b'1', ''),
(51, NULL, 'Copray communicatie en Media', '', '', '', 'Nederland', '', '', '', '', '', '', '', '', '2016-08-22 11:26:37', 3, b'1', ''),
(52, NULL, 'Bart van Noord', '', '', '', 'Nederland', '', '', '', '', '', '', '', '', '2016-09-28 10:11:09', 3, b'1', ''),
(53, NULL, 'Citrus Achmea', '', '', '', 'Nederland', '', '', '', '', '', '', '', '', '2016-10-25 16:26:53', 3, b'1', ''),
(54, NULL, 'Wilbert Kozijn', '', '', '', 'Nederland', '', '', '', '', '', '', '', '', '2016-11-01 16:22:13', 3, b'1', ''),
(55, NULL, 'Oudcomb', '', '', '', 'Nederland', '', '', '', '', '', 'Yannick Oudakker', '', 'yannick@oudcomb.com', '2016-11-22 11:10:10', 3, b'1', ''),
(56, NULL, 'Van Zee makelaardij', '', '', '', 'Nederland', '', '', '', '', '', 'Ric van Zee', '', '', '2016-12-06 16:09:21', 3, b'1', ''),
(57, NULL, 'Combined Cargo Terminals b.v.', 'Middenweg 35', '4782 PM', 'Moerdijk', 'Nederland', '+31 (0) 168 334276', 'secretariaat@cctmoerdijk.com', 'www.cctmoerdijk.com', '', '', 'Lichelle van der Graaf', '', '', '2017-02-07 11:35:03', 3, b'1', ''),
(58, NULL, 'Interovo Egg Group', 'Bonegraafseweg 15', '4051 CG ', 'Ochten', 'Nederland', '+31 (0)344 642 014', '', '', '', '', 'Ralph Bos', '', 'ralph.bos@interovo.com', '2017-02-09 15:29:35', 3, b'1', ''),
(59, NULL, 'Set Select', 'Touwslagerstraat 10', '1013 DM ', 'Amsterdam', 'Nederland', '020-779 61 09', '', '', '', '', 'Karel van Vugt', '020-779 61 09', 'karel@setselect.nl', '2017-02-15 13:20:29', 3, b'1', ''),
(60, NULL, 'Sperma bedrijf', '', '', '', 'Nederland', '', '', '', '', '', '', '', '', '2017-02-15 13:22:15', 3, b'1', ''),
(61, NULL, 'Pippel Infra', '', '', '', 'Nederland', '', '', '', '', '', 'Gerrit Pippel', '', '', '2017-04-10 14:57:07', 3, b'1', '');

-- --------------------------------------------------------

--
-- Tabelstructuur voor tabel `customer_login`
--

CREATE TABLE `customer_login` (
  `id` int(11) NOT NULL,
  `customer_id` int(11) DEFAULT NULL,
  `name` varchar(255) DEFAULT NULL,
  `username` varchar(255) DEFAULT NULL,
  `password` varchar(255) DEFAULT NULL,
  `logo` varchar(255) DEFAULT NULL
) ENGINE=MyISAM DEFAULT CHARSET=latin1;

-- --------------------------------------------------------

--
-- Tabelstructuur voor tabel `details`
--

CREATE TABLE `details` (
  `id` int(10) NOT NULL,
  `name` varchar(255) NOT NULL,
  `servername` varchar(255) NOT NULL,
  `username` varchar(255) NOT NULL,
  `password` varchar(8000) NOT NULL,
  `created_at` datetime DEFAULT NULL,
  `last_update` datetime DEFAULT NULL,
  `created_by` int(4) DEFAULT NULL
) ENGINE=MyISAM DEFAULT CHARSET=latin1;

--
-- Gegevens worden geëxporteerd voor tabel `details`
--

INSERT INTO `details` (`id`, `name`, `servername`, `username`, `password`, `created_at`, `last_update`, `created_by`) VALUES
(11, 'van-zee.nl', 'van-zee.nl', 'van-zee.nl', 'fa6da5c4c0a524eb3a7f1431b61e6cdc48d3c1e3ccd9df8bf123cc408dfbcb55ade761eda9845305f009d3fe6cad625c3b611af746af4221072b708ef38d3661WusebWDf8GQbDU2wlr9qW8Yt4uO2H3igsxqulfN7058=', '2017-04-24 17:17:21', NULL, 9),
(4, 'Letterpress server plesk omgeving', 'https://vps-274643-5125.hosted.at.hostnet.nl:8443', 'admin', 'e2a6358556c2be9c86a0c4d152d28c5134340285a069095673d87cc6f1135e24f66b15c6840b50c3355b058fce19541cd289a7a0ba136c6a96fc723385bcfd67W/Hp7naJlu1AtT/1W1VG4JVi/Z1C/QwqdPF+65I7Rh/nObaRS+VUTlZsujnOa+X6', '2017-02-14 09:33:25', NULL, 2),
(5, 'Tankmatch insights plesk omgeving', 'https://vps-269994-4980.hosted.at.hostnet.nl:8443', 'admin', '4f5556431177feea7aeb4c6cc09751c41bb5bd67fe27bffd6afa95b73ab5b0b88582ab1bfdd66fdd846ef91d94c6ebe4ee062585a60159e66c1c9c817441e0cbtiPlfXNWC18ZAcO+6h4/KyzJhEH69oLTaT+EYZo+OQRamS4CHXVHXPV4ktVH72Ma', '2017-02-14 09:34:53', NULL, 2),
(6, 'Van Amerongen plesk omgeving', 'https://vps-273134-5089.hosted.at.hostnet.nl:8443', 'admin', '97d31deefaee1cfeb803d7d81f36c87a6aee6594928f7e89c4a94a5ef8b2f3257c1fc2d10a16bb731762978048858a87b1517fe8f97743bf07954377e7745946gIaBJgqWPOFL4zKrUUmFSAvRcW/Z+eFYp1R+mAc68fzrwcSDeaabd/PkEsLrx/Ol', '2017-02-14 09:35:53', NULL, 2),
(7, 'Mixfinity Plesk omgeving', 'https://vps-259199-4611.hosted.at.hostnet.nl:8443', 'admin', 'fd0dd2789f9d2b41b9240b0cc4b3c17bee5f5a9eb9a7a1f3b091eb698bfbab60c493ac0037d6a4bb98964dbe493fc2914282a52c79ad5185c2366ca4f12834aae0VH0AZVPS9WnmBZaUgHI0fN2ZEYDnqQUuoxha5N7+n1Xr1qYWMprLJBZf05QS0O', '2017-02-14 09:36:37', NULL, 2),
(8, 'letterpresswinkel.nl ftp', '185.85.18.4', 'letterpress', 'cb7c09baaf5bfbe18e89dcae11d67d5ba1f155be7a43f91a16fb7bc7a7b04bad9efa59d4e782854c513a41bbf0592e6f60a45ea3d1b3c0468fc0ba809907606dIr13XLIe2NWgelqds33UptUifS+2RyrtGRaO8wkMSK0=', '2017-02-14 12:54:28', NULL, 2),
(9, 'Andre pessel mail@letterpresswinkel.nl', 'mail.letterpresswinkel.nl', 'mail@letterpresswinkel.nl', '8bc1d1fb5d2f633fa8b1a5262e242009f0e3be0ba8653645f9535170ef3a2d5dc7be95d067a70ea8c73be83972bafe59aea0d5a26ddf4b6ce7de2eabd2f79423yGQ25TJR+cNVRWOWMSyGd/oLZcn88kNU6sX1biN7lmU=', '2017-02-14 14:08:58', NULL, 2),
(10, 'persoonlijkstylingadvies.nl', 'vps-276108-5177.hosted.at.hostnet.nl:8443', 'admin', 'ebc023d65f9e3ae06c5626ffeb89086f0efc8dd7d9caab644f11e347d9ec527c20a1d9ef24c09659d862365508a5fccd5e2eb20b2ccf091d7066558efb32e125zlHYX4gM44rISsVl+tzqgcjoK9LF/LU1f7ZOD2SjX0irNORt7Ibt25aazyejZqrg', '2017-02-27 15:34:43', NULL, 2);

-- --------------------------------------------------------

--
-- Tabelstructuur voor tabel `divisions`
--

CREATE TABLE `divisions` (
  `id` int(11) NOT NULL,
  `name` varchar(50) NOT NULL
) ENGINE=InnoDB DEFAULT CHARSET=latin1;

--
-- Gegevens worden geëxporteerd voor tabel `divisions`
--

INSERT INTO `divisions` (`id`, `name`) VALUES
(1, 'Graphic'),
(2, 'Web'),
(3, 'Search'),
(4, 'Copy'),
(5, 'Photo'),
(6, 'Print');

-- --------------------------------------------------------

--
-- Tabelstructuur voor tabel `offers`
--

CREATE TABLE `offers` (
  `id` int(11) NOT NULL,
  `contact_id` int(11) NOT NULL,
  `name` varchar(200) NOT NULL,
  `sended` bit(1) DEFAULT NULL,
  `offer_status` int(1) NOT NULL,
  `generated` bit(1) DEFAULT NULL,
  `date_created` datetime NOT NULL,
  `date_sended` datetime DEFAULT NULL,
  `notify` text,
  `created_by` int(11) NOT NULL,
  `expiration_date` datetime DEFAULT NULL
) ENGINE=InnoDB DEFAULT CHARSET=latin1;

--
-- Gegevens worden geëxporteerd voor tabel `offers`
--

INSERT INTO `offers` (`id`, `contact_id`, `name`, `sended`, `offer_status`, `generated`, `date_created`, `date_sended`, `notify`, `created_by`, `expiration_date`) VALUES
(20, 15, 'Beheer letterpress', b'0', 2, NULL, '2016-02-15 09:45:37', '2016-02-15 09:48:23', NULL, 2, '0000-00-00 00:00:00'),
(21, 2, 'Digitransfer week 7', b'0', 2, NULL, '2016-02-15 14:00:53', '2016-02-15 14:21:14', NULL, 2, '0000-00-00 00:00:00'),
(22, 15, 'Letterpress tool + website', b'0', 2, NULL, '2016-02-15 14:01:50', '2016-02-15 14:13:37', NULL, 1, '0000-00-00 00:00:00'),
(23, 20, 'Webshop 2016', b'0', 2, NULL, '2016-02-15 14:02:24', '2016-02-15 14:05:07', NULL, 3, '0000-00-00 00:00:00'),
(24, 21, 'Dijkland februari', b'0', 2, NULL, '2016-02-15 15:45:02', '2016-02-15 15:45:14', NULL, 2, '0000-00-00 00:00:00'),
(25, 10, 'Beurs stand Fruit Logistica Azie ', b'0', 2, NULL, '2016-02-15 17:47:32', '2016-02-15 17:48:29', NULL, 3, '0000-00-00 00:00:00'),
(26, 10, 'ClassScan App concept voor Kanzi', b'0', 2, NULL, '2016-02-15 17:50:22', '2016-02-15 17:50:29', NULL, 3, '0000-00-00 00:00:00'),
(27, 18, 'Offertemap + leaflets', b'0', 2, NULL, '2016-02-16 16:05:00', '2016-02-16 16:08:11', NULL, 3, '0000-00-00 00:00:00'),
(28, 22, 'Bestaande flyers aanpassen', b'0', 2, NULL, '2016-02-16 17:38:58', '2016-02-16 17:39:07', NULL, 3, '0000-00-00 00:00:00'),
(29, 23, 'Freelance uren week 8', b'0', 2, NULL, '2016-02-16 17:51:17', '2016-02-16 17:51:27', NULL, 3, '0000-00-00 00:00:00'),
(30, 24, 'Deur bestickering met Peren', b'0', 2, NULL, '2016-02-17 16:11:21', '2016-02-17 16:11:33', NULL, 3, '0000-00-00 00:00:00'),
(31, 9, 'test', b'0', -1, NULL, '2016-02-17 16:25:18', NULL, NULL, 3, '0000-00-00 00:00:00'),
(32, 0, '5', b'0', 0, NULL, '2016-02-17 16:40:34', NULL, NULL, 3, '0000-00-00 00:00:00'),
(33, 0, '5', b'0', 0, NULL, '2016-02-17 16:40:44', NULL, NULL, 3, '0000-00-00 00:00:00'),
(34, 10, 'test', b'0', -1, NULL, '2016-02-17 16:41:01', NULL, NULL, 3, '0000-00-00 00:00:00'),
(35, 25, 'Graveer creator implementeren', b'0', 2, NULL, '2016-02-17 16:46:38', '2016-02-17 16:46:59', NULL, 3, '0000-00-00 00:00:00'),
(36, 26, 'website aanpassingen', b'0', 2, NULL, '2016-02-17 17:24:11', '2016-02-17 17:24:22', NULL, 2, '0000-00-00 00:00:00'),
(37, 27, 'ADministratie', b'0', 2, NULL, '2016-02-19 10:58:43', '2016-02-19 10:58:50', NULL, 2, '0000-00-00 00:00:00'),
(38, 2, 'Digitransfer week 8', b'0', 2, NULL, '2016-02-22 10:18:43', '2016-02-22 10:19:00', NULL, 2, '0000-00-00 00:00:00'),
(39, 1, 'test', b'0', 2, NULL, '2016-02-22 16:00:51', '2016-02-22 16:00:57', NULL, 1, '0000-00-00 00:00:00'),
(40, 22, 'FAX bericht maken', b'0', 2, NULL, '2016-02-22 17:12:05', '2016-02-22 17:12:11', NULL, 3, '0000-00-00 00:00:00'),
(41, 22, 'Powermelt vertalen flyer', b'0', 2, NULL, '2016-02-22 17:13:44', '2016-02-22 17:13:54', NULL, 3, '0000-00-00 00:00:00'),
(42, 16, 'Achterwand Beurs', b'0', 2, NULL, '2016-02-22 17:15:55', '2016-02-22 17:16:05', NULL, 3, '0000-00-00 00:00:00'),
(43, 28, 'Drukwerk briefpapier 5000 vel', b'0', 2, NULL, '2016-02-22 17:19:07', '2016-02-22 17:19:14', NULL, 3, '0000-00-00 00:00:00'),
(44, 28, 'aanpassing website', b'0', 2, NULL, '2016-02-22 17:20:16', '2016-02-22 17:20:25', NULL, 3, '0000-00-00 00:00:00'),
(45, 29, 'Mail server', b'0', 2, NULL, '2016-02-22 17:30:35', '2016-02-22 17:30:46', NULL, 3, '0000-00-00 00:00:00'),
(46, 30, 'Advertentie', b'0', 2, NULL, '2016-02-23 12:25:01', '2016-02-23 12:25:07', NULL, 3, '0000-00-00 00:00:00'),
(47, 3, 'Aanpassingen website', b'0', 2, NULL, '2016-02-24 10:23:06', '2016-02-24 10:23:13', NULL, 3, '0000-00-00 00:00:00'),
(48, 31, 'briefpapier 2500 vel', b'0', 2, NULL, '2016-02-24 17:42:28', '2016-02-24 17:42:36', NULL, 3, '0000-00-00 00:00:00'),
(49, 32, 'Social toevoegen aan website', b'0', 2, NULL, '2016-02-25 12:46:50', '2016-02-25 12:46:58', NULL, 3, '0000-00-00 00:00:00'),
(50, 21, 'Dijkland maandpunten', b'0', 2, NULL, '2016-03-01 11:47:22', '2016-03-01 11:47:34', NULL, 2, '0000-00-00 00:00:00'),
(51, 2, 'Digitransfer weekpunten', b'0', 2, NULL, '2016-03-01 11:48:24', '2016-03-01 11:48:29', NULL, 2, '0000-00-00 00:00:00'),
(52, 33, 'Website 2016', b'0', 2, NULL, '2016-03-03 12:24:58', '2016-03-03 12:25:07', NULL, 3, '0000-00-00 00:00:00'),
(53, 34, 'Gooischetuinservice.nl', b'0', 2, NULL, '2016-03-03 14:18:16', '2016-03-03 14:18:23', NULL, 3, '0000-00-00 00:00:00'),
(54, 33, 'Logo + drukwerk', b'0', 2, NULL, '2016-03-08 11:16:43', '2016-03-08 11:16:50', NULL, 3, '0000-00-00 00:00:00'),
(55, 2, '', b'0', 2, NULL, '2016-03-11 17:20:41', '2016-03-11 17:20:53', NULL, 2, '0000-00-00 00:00:00'),
(56, 2, 'Digitransfer week 10', b'0', 2, NULL, '2016-03-11 17:22:21', '2016-03-11 17:22:27', NULL, 2, '0000-00-00 00:00:00'),
(57, 2, 'Digitransfer week 12', b'0', 2, NULL, '2016-03-21 13:59:37', '2016-03-21 13:59:45', NULL, 2, '0000-00-00 00:00:00'),
(58, 19, 'Website responsive maken d.m.v. bootstrap', b'0', 2, NULL, '2016-03-29 12:08:13', '2016-03-29 12:08:21', NULL, 3, '0000-00-00 00:00:00'),
(59, 1, 'Whooptiedoo', b'0', -1, NULL, '2016-03-30 15:07:53', NULL, NULL, 1, '0000-00-00 00:00:00'),
(60, 21, 'Dijkland maandpunten', b'0', 2, NULL, '2016-04-04 10:34:41', '2016-04-04 10:34:53', NULL, 2, '0000-00-00 00:00:00'),
(61, 21, 'Dijkland maandpunten april', b'0', 2, NULL, '2016-04-04 15:12:07', '2016-04-04 15:12:13', NULL, 2, '0000-00-00 00:00:00'),
(62, 2, 'Digitransfer week 14', b'0', 2, NULL, '2016-04-05 15:05:43', '2016-04-05 15:05:49', NULL, 2, '0000-00-00 00:00:00'),
(63, 22, 'Zouttablet zak design', b'0', 2, NULL, '2016-04-08 16:08:56', '2016-04-08 16:09:11', NULL, 3, '0000-00-00 00:00:00'),
(64, 35, 'HaringParty Moerdijk 2016', b'0', 2, NULL, '2016-04-08 16:11:51', '2016-04-08 16:12:08', NULL, 3, '0000-00-00 00:00:00'),
(65, 18, 'Uitnodiging 100 jaar', b'0', 2, NULL, '2016-04-08 16:15:55', '2016-04-08 16:16:31', NULL, 3, '0000-00-00 00:00:00'),
(66, 35, 'afspraak kaartje', b'0', 2, NULL, '2016-04-08 16:46:57', '2016-04-08 16:47:03', NULL, 3, '0000-00-00 00:00:00'),
(67, 18, 'diensten leaflets', b'0', 2, NULL, '2016-04-11 11:51:02', '2016-04-11 11:51:10', NULL, 3, '0000-00-00 00:00:00'),
(68, 3, 'safety items', b'0', 2, NULL, '2016-04-12 17:02:14', '2016-04-12 17:02:23', NULL, 3, '0000-00-00 00:00:00'),
(69, 3, 'signing', b'0', 2, NULL, '2016-04-13 11:02:30', '2016-04-13 11:02:37', NULL, 3, '0000-00-00 00:00:00'),
(70, 10, 'FFT safety poster', b'0', 2, NULL, '2016-04-14 16:28:36', '2016-04-14 16:30:16', NULL, 3, '0000-00-00 00:00:00'),
(71, 2, 'Sportbedrukking flyer', b'0', 2, NULL, '2016-04-14 16:31:47', '2016-04-14 16:31:57', NULL, 3, '0000-00-00 00:00:00'),
(72, 26, 'briefpapier Word doc maken', b'0', 2, NULL, '2016-04-14 16:34:03', '2016-04-14 16:34:26', NULL, 3, '0000-00-00 00:00:00'),
(73, 16, 'advertentie Rotra Ventre', b'0', 2, NULL, '2016-04-14 16:50:06', '2016-04-14 16:50:15', NULL, 3, '0000-00-00 00:00:00'),
(74, 2, 'Digitransfer week 16', b'0', 2, NULL, '2016-04-18 11:43:50', '2016-04-18 11:43:58', NULL, 2, '0000-00-00 00:00:00'),
(75, 10, 'Palliflex vertalingen', b'0', 2, NULL, '2016-04-19 14:27:37', '2016-04-19 14:27:46', NULL, 3, '0000-00-00 00:00:00'),
(76, 2, 'Digitransfer week 17', b'0', 2, NULL, '2016-04-29 09:03:21', '2016-04-29 09:03:29', NULL, 2, '0000-00-00 00:00:00'),
(77, 24, 'Duitse bouw posters', b'0', 2, NULL, '2016-04-29 12:45:34', '2016-04-29 12:45:43', NULL, 3, '0000-00-00 00:00:00'),
(78, 2, 'Digitransfer week 18', b'0', 2, NULL, '2016-05-03 11:59:56', '2016-05-03 12:00:05', NULL, 2, '0000-00-00 00:00:00'),
(79, 2, 'Week 19', b'0', 2, NULL, '2016-05-09 11:45:43', '2016-05-09 11:45:59', NULL, 3, '0000-00-00 00:00:00'),
(80, 16, 'banners beurs gorinchem', b'0', 2, NULL, '2016-05-09 11:48:34', '2016-05-09 11:48:43', NULL, 3, '0000-00-00 00:00:00'),
(81, 36, 'Datasheeds', b'0', 2, NULL, '2016-05-09 11:52:21', '2016-05-09 11:52:34', NULL, 3, '0000-00-00 00:00:00'),
(82, 32, 'website update', b'0', 2, NULL, '2016-05-09 14:19:17', '2016-05-09 14:19:27', NULL, 3, '0000-00-00 00:00:00'),
(83, 32, '', b'0', -1, NULL, '2016-05-11 11:11:22', NULL, NULL, 3, '0000-00-00 00:00:00'),
(84, 10, 'Product folder', b'0', 2, NULL, '2016-05-20 14:41:02', '2016-05-20 14:41:13', NULL, 3, '0000-00-00 00:00:00'),
(85, 10, 'Stand', b'0', 2, NULL, '2016-05-20 14:43:23', '2016-05-20 14:43:30', NULL, 3, '0000-00-00 00:00:00'),
(86, 32, 'nieuwe BV naam + identity', b'0', 2, NULL, '2016-05-24 10:35:55', '2016-05-24 10:36:04', NULL, 3, '0000-00-00 00:00:00'),
(87, 10, 'Kanzi App', b'0', 2, NULL, '2016-05-24 10:37:24', '2016-05-24 10:37:37', NULL, 3, '0000-00-00 00:00:00'),
(88, 36, 'Datasheets wartel accessoires', b'0', 2, NULL, '2016-05-24 11:05:16', '2016-05-24 11:05:25', NULL, 3, '0000-00-00 00:00:00'),
(89, 3, 'Website vullen ', b'0', 2, NULL, '2016-05-24 11:06:52', '2016-05-24 11:06:58', NULL, 3, '0000-00-00 00:00:00'),
(90, 37, 'Brochure merweplaza', b'0', 2, NULL, '2016-05-24 11:16:01', '2016-05-24 11:16:08', NULL, 3, '0000-00-00 00:00:00'),
(91, 27, 'Wiped afronden', b'0', 2, NULL, '2016-05-25 10:56:41', '2016-05-25 10:56:49', NULL, 3, '0000-00-00 00:00:00'),
(92, 31, 'visitekaartjes marius', b'0', 2, NULL, '2016-05-26 11:49:51', '2016-05-26 11:50:02', NULL, 3, '0000-00-00 00:00:00'),
(93, 10, 'Corporate website van-amerongen.com', b'0', 2, NULL, '2016-05-27 16:09:24', '2016-05-27 16:09:34', NULL, 3, '0000-00-00 00:00:00'),
(94, 0, 'Concept VQM promo', b'0', 0, NULL, '2016-05-27 16:17:02', NULL, NULL, 3, '0000-00-00 00:00:00'),
(95, 38, 'Concept VQM promo', b'0', 2, NULL, '2016-05-27 16:17:57', '2016-05-27 16:18:05', NULL, 3, '0000-00-00 00:00:00'),
(96, 10, 'Dooors website', b'0', 2, NULL, '2016-05-27 16:20:00', '2016-05-27 16:20:06', NULL, 3, '0000-00-00 00:00:00'),
(97, 24, 'poster Doorvoeren', b'0', 2, NULL, '2016-05-27 16:29:41', '2016-05-27 16:29:48', NULL, 3, '0000-00-00 00:00:00'),
(98, 10, 'Presentatie App', b'0', 2, NULL, '2016-05-27 16:31:02', '2016-05-27 16:31:13', NULL, 3, '0000-00-00 00:00:00'),
(99, 10, 'Product folder Duits en Nederlands', b'0', 2, NULL, '2016-05-30 15:07:05', '2016-05-30 15:07:13', NULL, 3, '0000-00-00 00:00:00'),
(100, 10, 'logo BRF', b'0', 2, NULL, '2016-06-07 10:43:59', '2016-06-07 10:44:08', NULL, 3, '0000-00-00 00:00:00'),
(101, 2, 'Week 23', b'0', 2, NULL, '2016-06-07 11:23:54', '2016-06-07 11:24:04', NULL, 3, '0000-00-00 00:00:00'),
(102, 2, 'Vrumona implementatie', b'0', 2, NULL, '2016-06-07 11:25:23', '2016-06-07 11:25:39', NULL, 3, '0000-00-00 00:00:00'),
(103, 2, 'Minitransfer', b'0', 2, NULL, '2016-06-07 11:27:23', '2016-06-07 11:27:32', NULL, 3, '0000-00-00 00:00:00'),
(104, 2, 'Goede doelen project', b'0', 2, NULL, '2016-06-07 11:29:25', '2016-06-07 11:29:34', NULL, 3, '0000-00-00 00:00:00'),
(105, 39, 'Android App James', b'0', 2, NULL, '2016-06-07 11:32:01', '2016-06-07 11:32:15', NULL, 3, '0000-00-00 00:00:00'),
(106, 3, 'Website live zetten', b'0', 2, NULL, '2016-06-13 12:39:07', '2016-06-13 12:39:17', NULL, 1, '0000-00-00 00:00:00'),
(107, 40, 'domein + hosting', b'0', 2, NULL, '2016-06-14 14:23:41', '2016-06-14 14:55:21', NULL, 3, '0000-00-00 00:00:00'),
(108, 40, 'Huisstijl LCT-BV', b'0', 2, NULL, '2016-06-14 14:57:51', '2016-06-14 14:58:00', NULL, 3, '0000-00-00 00:00:00'),
(109, 15, 'Letterpress bugfixes JW', b'0', 2, NULL, '2016-06-14 15:00:22', '2016-06-14 15:00:38', NULL, 2, '0000-00-00 00:00:00'),
(110, 2, 'Digitransfer week 24', b'0', 2, NULL, '2016-06-16 10:29:12', '2016-06-16 10:29:22', NULL, 2, '0000-00-00 00:00:00'),
(111, 10, 'service flyer', b'0', 2, NULL, '2016-06-17 16:03:00', '2016-06-17 16:03:10', NULL, 3, '0000-00-00 00:00:00'),
(112, 41, 'Corporate identity schets voorstel', b'0', 2, NULL, '2016-06-17 16:07:52', '2016-06-17 16:07:59', NULL, 3, '0000-00-00 00:00:00'),
(113, 22, 'Flyer', b'0', 2, NULL, '2016-06-17 16:17:07', '2016-06-17 16:17:28', NULL, 3, '0000-00-00 00:00:00'),
(114, 10, 'Poolse palliflex folder', b'0', 2, NULL, '2016-06-17 16:31:22', '2016-06-17 16:31:30', NULL, 3, '0000-00-00 00:00:00'),
(115, 36, 'TNAML 3 x datasheet correcties', b'0', 2, NULL, '2016-06-20 11:19:12', '2016-06-20 11:19:19', NULL, 3, '0000-00-00 00:00:00'),
(116, 10, 'Turkse vertaling diverse folders', b'0', 2, NULL, '2016-06-20 14:25:41', '2016-06-20 14:25:48', NULL, 3, '0000-00-00 00:00:00'),
(117, 10, 'smoelenboek pagina', b'0', 2, NULL, '2016-06-21 15:43:23', '2016-06-21 15:43:33', NULL, 3, '0000-00-00 00:00:00'),
(118, 42, 'website responisve maken + pagina\'s', b'0', 2, NULL, '2016-06-21 16:13:16', '2016-06-21 17:00:01', NULL, 3, '0000-00-00 00:00:00'),
(119, 3, 'reclame borden schepen', b'0', 2, NULL, '2016-06-21 16:46:56', '2016-06-21 16:47:05', NULL, 3, '0000-00-00 00:00:00'),
(120, 0, 'visitekaartjes', b'0', 0, NULL, '2016-06-21 16:48:28', NULL, NULL, 3, '0000-00-00 00:00:00'),
(121, 3, 'visitekaartjes rail', b'0', 2, NULL, '2016-06-21 16:48:38', '2016-06-21 16:59:04', NULL, 3, '0000-00-00 00:00:00'),
(122, 2, 'Digitransfer week 25', b'0', 2, NULL, '2016-06-23 10:37:52', '2016-06-23 10:38:11', NULL, 2, '0000-00-00 00:00:00'),
(123, 43, 'Huisstijl restyling', b'0', 2, NULL, '2016-06-23 16:20:55', '2016-06-23 16:21:03', NULL, 3, '0000-00-00 00:00:00'),
(124, 44, 'visitekaartje aanpassen', b'0', 2, NULL, '2016-06-24 11:07:16', '2016-06-24 11:07:22', NULL, 3, '0000-00-00 00:00:00'),
(125, 2, 'Digiransfer Week 26', b'0', 2, NULL, '2016-06-27 12:16:53', '2016-06-27 12:17:08', NULL, 2, '0000-00-00 00:00:00'),
(126, 15, 'Extra punten letterpress', b'0', 2, NULL, '2016-06-28 17:53:13', '2016-06-28 17:54:01', NULL, 2, '0000-00-00 00:00:00'),
(127, 30, 'Adv Juli ', b'0', 2, NULL, '2016-07-01 10:46:19', '2016-07-01 10:46:25', NULL, 3, '0000-00-00 00:00:00'),
(128, 10, 'Folders in Frans', b'0', 2, NULL, '2016-07-04 13:59:18', '2016-07-04 13:59:25', NULL, 3, '0000-00-00 00:00:00'),
(129, 2, 'Digiransfer Week 28', b'0', 1, NULL, '2016-07-05 15:18:46', '2016-07-05 15:18:55', NULL, 2, '0000-00-00 00:00:00'),
(130, 13, 'Website 2016', b'0', 2, NULL, '2016-07-07 15:48:30', '2016-07-07 15:48:43', NULL, 3, '0000-00-00 00:00:00'),
(131, 10, 'Dooor vertalingen', b'0', 2, NULL, '2016-07-08 11:21:48', '2016-07-08 11:21:57', NULL, 3, '0000-00-00 00:00:00'),
(132, 2, 'Digiransfer Week 27', b'0', 2, NULL, '2016-07-08 11:49:42', '2016-07-08 11:49:53', NULL, 2, '0000-00-00 00:00:00'),
(133, 43, 'Test', b'0', 2, NULL, '2016-07-12 21:35:26', '2016-07-12 21:38:54', NULL, 3, '0000-00-00 00:00:00'),
(134, 0, 'test', b'0', 0, NULL, '2016-07-12 21:37:03', NULL, NULL, 3, '0000-00-00 00:00:00'),
(135, 43, 'Website 2016', b'0', -1, NULL, '2016-07-12 21:37:13', NULL, NULL, 3, '0000-00-00 00:00:00'),
(136, 1, 'Test Offerte', b'0', 0, NULL, '2017-01-24 15:38:08', NULL, NULL, 1, '0000-00-00 00:00:00');

-- --------------------------------------------------------

--
-- Tabelstructuur voor tabel `offer_default_categories`
--

CREATE TABLE `offer_default_categories` (
  `id` int(11) NOT NULL,
  `name` varchar(255) NOT NULL
) ENGINE=InnoDB DEFAULT CHARSET=latin1;

--
-- Gegevens worden geëxporteerd voor tabel `offer_default_categories`
--

INSERT INTO `offer_default_categories` (`id`, `name`) VALUES
(1, 'Graphic'),
(2, 'Web'),
(3, 'Search'),
(4, 'Algemeen');

-- --------------------------------------------------------

--
-- Tabelstructuur voor tabel `offer_default_lines`
--

CREATE TABLE `offer_default_lines` (
  `id` int(11) NOT NULL,
  `category_id` int(11) NOT NULL,
  `name` varchar(200) NOT NULL,
  `description` text NOT NULL,
  `image` varchar(200) NOT NULL,
  `work_hour` decimal(18,2) DEFAULT NULL,
  `price` decimal(18,2) NOT NULL,
  `show_price_on_end` bit(1) DEFAULT NULL,
  `priority` int(3) NOT NULL,
  `date_created` datetime NOT NULL,
  `date_lastupdate` datetime NOT NULL,
  `created_by` int(11) NOT NULL,
  `fixed_price` bit(1) DEFAULT NULL
) ENGINE=InnoDB DEFAULT CHARSET=latin1;

--
-- Gegevens worden geëxporteerd voor tabel `offer_default_lines`
--

INSERT INTO `offer_default_lines` (`id`, `category_id`, `name`, `description`, `image`, `work_hour`, `price`, `show_price_on_end`, `priority`, `date_created`, `date_lastupdate`, `created_by`, `fixed_price`) VALUES
(6, 2, 'Digitransfer weekpunten', '<p>Digitransfer weekpunten<br></p>', '', '40.00', '45.00', NULL, 0, '2016-02-15 14:01:54', '2016-02-15 14:04:00', 2, NULL),
(7, 2, 'Webshop BASIC', '', '', '50.00', '3500.00', NULL, 0, '2016-02-15 14:04:39', '2016-02-15 14:04:39', 3, b'1'),
(8, 2, 'Dijkland maandpunten', '<p>Dijkland maandpunten<br></p>', '', '40.00', '65.00', NULL, 0, '2016-02-15 14:05:22', '2016-02-15 14:05:40', 2, NULL),
(9, 4, 'Lege regel', '', '', '0.00', '0.00', NULL, 0, '2016-02-15 14:13:26', '2016-02-15 14:13:26', 1, b'1'),
(10, 1, 'Design op uren', '', '', '0.00', '75.00', NULL, 0, '2016-02-15 17:48:05', '2016-02-15 17:48:05', 3, NULL),
(11, 1, 'Drukwerk op nacalculatie', '', '', '0.00', '0.00', NULL, 0, '2016-02-16 16:07:44', '2016-02-16 16:07:48', 3, NULL),
(12, 2, 'Whhopptiedoo', '<p>\r\n\r\n</p><p>Lorem ipsum dolor sit amet, consectetur adipiscing elit. Nunc imperdiet nibh nulla, in laoreet nulla dignissim non. Duis ante sem, imperdiet nec varius vel, elementum vitae massa. Ut tincidunt ac nisl at luctus. Nam consectetur eros in erat ultricies porttitor. Integer sit amet urna quis nulla auctor laoreet. Praesent eu feugiat tellus, in tincidunt tellus. In a erat leo. Nunc vitae suscipit magna.</p><p>In tristique arcu lacus, in efficitur libero posuere vitae. Class aptent taciti sociosqu ad litora torquent per conubia nostra, per inceptos himenaeos. Quisque ut hendrerit tellus. In dignissim vulputate aliquam. Phasellus a dictum ex, et facilisis nisl. Proin id malesuada velit. Maecenas tortor nulla, euismod sed justo sit amet, tempus commodo arcu. Praesent non arcu ut dui pretium condimentum. Mauris vulputate erat sit amet facilisis venenatis. Donec at turpis accumsan, aliquet neque non, elementum leo. Vestibulum ante ipsum primis in faucibus orci luctus et ultrices posuere cubilia Curae; Sed varius luctus tortor eget viverra. Ut a efficitur massa, eget consectetur mauris. Aenean lacinia lorem velit, eget ultricies neque aliquam nec. Mauris sed arcu odio. Morbi tincidunt lectus eget est porttitor dictum.</p><p>Ut pharetra elit urna. Sed id lectus laoreet, consequat eros non, pretium mi. Ut at ante vehicula, lobortis augue non, congue mi. Sed in suscipit ante, at imperdiet urna. Suspendisse vitae pulvinar sapien, ac fermentum dui. Quisque et turpis ut sem vestibulum gravida nec in purus. Cum sociis natoque penatibus et magnis dis parturient montes, nascetur ridiculus mus. Proin a elementum enim. Nulla semper feugiat lectus vitae commodo. Vivamus finibus leo sit amet urna finibus placerat. Integer ac erat sed mauris finibus rutrum.</p><p>Aliquam vitae scelerisque ipsum. Duis vulputate purus eu iaculis tincidunt. Aliquam quis quam vitae mauris commodo lacinia elementum at ipsum. Nulla tristique nec nisi eu elementum. Quisque est magna, pellentesque nec lacinia at, malesuada fermentum erat. Mauris eu laoreet risus. Nunc eleifend iaculis odio, quis blandit enim egestas eu. Maecenas sed nisi ultrices, lobortis nisi a, rutrum lorem. Duis eget venenatis neque.</p><p>Suspendisse non tellus a sapien iaculis finibus. Quisque mollis faucibus tellus, vel ullamcorper nunc fringilla ac. Aenean ut tellus mauris. Interdum et malesuada fames ac ante ipsum primis in faucibus. Etiam tempus sed turpis ut cursus. Sed molestie commodo massa sed efficitur. Maecenas convallis, tellus lacinia sagittis euismod, magna ex fermentum tortor, quis accumsan neque lorem ut arcu. Integer non euismod libero, ac lacinia arcu. Maecenas nisi est, porttitor ac erat eu, accumsan aliquam nibh. Nulla accumsan sollicitudin quam, eget malesuada metus iaculis a. Duis a lectus non metus lobortis euismod. Cras ornare elit at laoreet varius. Vestibulum quis pretium ex. Donec tincidunt augue imperdiet nisi vehicula, vitae venenatis purus porttitor. In nulla enim, volutpat sed sagittis sed, hendrerit vitae dolor. Sed cursus convallis elementum.</p>\r\n\r\n<br><p></p>', '', '20.00', '70.00', b'1', 0, '2016-03-30 15:09:00', '2016-03-30 15:09:00', 1, NULL),
(13, 1, 'Fixed price', '<p>Fixed price:</p>', '', '0.00', '0.00', NULL, 0, '2016-04-14 16:29:48', '2016-04-14 16:29:52', 3, b'1');

-- --------------------------------------------------------

--
-- Tabelstructuur voor tabel `offer_lines`
--

CREATE TABLE `offer_lines` (
  `id` int(11) NOT NULL,
  `offer_id` int(11) NOT NULL,
  `name` varchar(200) NOT NULL,
  `description` text NOT NULL,
  `image` varchar(200) DEFAULT NULL,
  `work_hour` decimal(10,0) DEFAULT NULL,
  `price` decimal(18,2) DEFAULT NULL,
  `show_price_on_end` bit(1) DEFAULT NULL,
  `priority` int(3) DEFAULT NULL,
  `date_created` datetime NOT NULL,
  `date_lastupdate` datetime NOT NULL,
  `created_by` int(11) DEFAULT NULL,
  `fixed_price` bit(1) DEFAULT NULL
) ENGINE=InnoDB DEFAULT CHARSET=latin1;

--
-- Gegevens worden geëxporteerd voor tabel `offer_lines`
--

INSERT INTO `offer_lines` (`id`, `offer_id`, `name`, `description`, `image`, `work_hour`, `price`, `show_price_on_end`, `priority`, `date_created`, `date_lastupdate`, `created_by`, `fixed_price`) VALUES
(76, 13, 'Website inclusief layout', '<p>Wij maken een speciaal op uw wensen gespitst ontwerp zodat u weer jaren op de online markt vooruit kunt.</p>', '', '24', '1499.00', b'1', 2, '2016-01-04 13:18:36', '2016-01-04 13:18:36', 1, b'1'),
(77, 14, 'Website inclusief layout', '<p>Wij maken een speciaal op uw wensen gespitst ontwerp zodat u weer jaren op de online markt vooruit kunt.</p>', '', '24', '1499.00', b'1', 1, '2016-01-04 14:29:24', '2016-01-04 14:29:24', 1, b'1'),
(78, 15, 'Visitekaartjes 100 stuks', 'Wij maken visitekaartjes en leveren 100 stuks', '', NULL, '120.00', b'1', 1, '2016-01-05 11:58:59', '2016-01-05 11:58:59', 1, b'1'),
(79, 16, 'Visitekaartjes 100 stuks', 'Cras varius pellentesque neque non blandit. Sed sodales interdum erat, sit amet aliquet est mollis a. Quisque sed ipsum urna. Suspendisse ut magna id nisi feugiat ultrices in quis ligula. Aliquam congue aliquet erat, ut cursus est auctor eget. Praesent ac bibendum erat. Vivamus ac tempus nibh.<br><br>Praesent nisi nisi, venenatis accumsan arcu et, lacinia rhoncus turpis. Vivamus dictum et turpis lacinia fermentum. Nulla non vestibulum risus. Maecenas bibendum vulputate consequat. Nam quam nisl, varius id nisi at, volutpat ornare sem. Vestibulum in quam id augue consequat tristique. Ut interdum blandit ipsum at aliquet. Donec ac urna ornare, dignissim urna non, dictum sapien. Mauris quis pharetra est. Integer varius sapien lacus, vitae mattis ipsum egestas nec. Mauris mi risus, aliquet vitae nisi quis, tempor imperdiet sem. Quisque vulputate enim sollicitudin turpis convallis, a cursus nunc elementum. Nunc interdum et lacus ac ultrices. Mauris rutrum ut diam in auctor.<br><br>Vivamus non turpis sed massa feugiat sagittis vel placerat urna. Ut sit amet nibh odio. Morbi ultricies varius mauris, vel dapibus nibh blandit non. Fusce finibus ante vel velit dictum lacinia. Curabitur imperdiet ex magna, sit amet pellentesque est sollicitudin nec. Suspendisse interdum massa nunc, ut mollis felis rhoncus nec. In sed sagittis ligula, feugiat dictum magna. Nunc placerat ornare tellus, vitae facilisis urna posuere ut. Suspendisse eget orci vel justo aliquet accumsan. Cras maximus, diam sed ultrices sollicitudin, turpis nunc accumsan metus, laoreet maximus mi mauris non purus. Pellentesque dignissim, justo in fermentum aliquam, enim nisl accumsan lorem, nec semper lacus arcu id nisl. Donec tempor ante eget molestie pharetra. Integer vel sodales tortor. Nam feugiat, erat ac consectetur mollis, magna arcu elementum purus, in consequat erat mi sed nunc. Integer faucibus vitae eros vel blandit.<br><br>Aenean vestibulum augue in massa ullamcorper ullamcorper. Vivamus lacinia dui sit amet tellus interdum pulvinar. Pellentesque habitant morbi tristique senectus et netus et malesuada fames ac turpis egestas. Cras eget pharetra risus. Donec condimentum urna augue, sed luctus est egestas vel. Nam laoreet ex lectus, ac suscipit sem tincidunt vel. Fusce egestas nulla ullamcorper porta sollicitudin. Curabitur vitae euismod mauris, a fermentum urna. Fusce semper euismod accumsan. Maecenas consequat nisl a urna maximus, finibus luctus est egestas. Morbi mollis turpis nec nulla auctor auctor. Pellentesque aliquam ut sem vitae efficitur. Morbi vulputate sollicitudin purus, ut pharetra eros mollis commodo.', '', '0', '120.00', b'1', 1, '2016-01-25 13:54:54', '2016-01-25 13:55:27', 1, b'1'),
(80, 17, 'Website inclusief layout', '<p>Wij maken een speciaal op uw wensen gespitst ontwerp zodat u weer jaren op de online markt vooruit kunt.</p>', '', '24', '1499.00', b'1', 1, '2016-01-29 09:29:35', '2016-01-29 09:29:35', 1, b'1'),
(81, 18, 'Website inclusief layout', '<p>Wij maken een speciaal op uw wensen gespitst ontwerp zodat u weer jaren op de online markt vooruit kunt.</p>', '', '24', '1499.00', b'1', 1, '2016-01-29 09:36:56', '2016-01-29 09:36:56', 1, b'1'),
(82, 18, 'Visitekaartjes 100 stuks', 'Wij maken visitekaartjes en leveren 100 stuks', '', NULL, '120.00', b'1', 2, '2016-01-29 09:36:58', '2016-01-29 09:36:58', 1, b'1'),
(83, 19, 'Website inclusief layout', '<p>Wij maken een speciaal op uw wensen gespitst ontwerp zodat u weer jaren op de online markt vooruit kunt.</p>', '', '24', '1499.00', b'1', 1, '2016-01-29 13:41:26', '2016-01-29 13:41:26', 1, b'1'),
(84, 19, 'Visitekaartjes 100 stuks', 'Wij maken visitekaartjes en leveren 100 stuks', '', NULL, '120.00', b'1', 2, '2016-01-29 13:41:29', '2016-01-29 13:41:29', 1, b'1'),
(85, 20, 'Beheer implementeren Letterpress', '<p>Implementeren<br></p>', '', '70', '4550.00', b'1', 1, '2016-02-15 09:45:59', '2016-02-15 09:47:50', 2, b'1'),
(86, 23, 'Webshop BASIC', '', '', '50', '3500.00', NULL, 1, '2016-02-15 14:04:58', '2016-02-15 14:04:58', 3, b'1'),
(87, 21, 'Digitransfer weekpunten', '<p>Digitransfer weekpunten<br></p>', '', '40', '45.00', NULL, 1, '2016-02-15 14:11:30', '2016-02-15 14:11:30', 2, NULL),
(88, 22, 'Lege regel', '', '', '0', '0.00', NULL, 1, '2016-02-15 14:13:33', '2016-02-15 14:13:33', 1, b'1'),
(89, 22, 'Digitransfer weekpunten', '<p>Digitransfer weekpunten<br></p>', '', '40', '45.00', NULL, 2, '2016-02-15 14:43:29', '2016-02-15 14:43:29', 1, NULL),
(90, 24, 'Dijkland maandpunten', '<p>Dijkland maandpunten<br></p>', '', '40', '65.00', NULL, 1, '2016-02-15 15:45:09', '2016-02-15 15:45:09', 2, NULL),
(91, 25, 'Design op uren', '', '', '0', '75.00', NULL, 1, '2016-02-15 17:48:20', '2016-02-15 17:48:20', 3, NULL),
(92, 26, 'Design op uren', '', '', '0', '75.00', NULL, 1, '2016-02-15 17:50:25', '2016-02-15 17:50:25', 3, NULL),
(93, 27, 'Design op uren', '', '', '0', '75.00', NULL, 1, '2016-02-16 16:05:05', '2016-02-16 16:05:05', 3, NULL),
(94, 27, 'Drukwerk op nacalculatie', '', '', '0', '0.00', NULL, 2, '2016-02-16 16:08:03', '2016-02-16 16:08:03', 3, NULL),
(95, 28, 'Design op uren', '', '', '0', '75.00', NULL, 1, '2016-02-16 17:39:02', '2016-02-16 17:39:02', 3, NULL),
(96, 29, 'Design op uren', '', '', '0', '75.00', NULL, 1, '2016-02-16 17:51:22', '2016-02-16 17:51:22', 3, NULL),
(97, 30, 'Drukwerk op nacalculatie', '', '', '0', '0.00', NULL, 1, '2016-02-17 16:11:25', '2016-02-17 16:11:25', 3, NULL),
(98, 30, 'Design op uren', '', '', '0', '75.00', NULL, 2, '2016-02-17 16:11:27', '2016-02-17 16:11:27', 3, NULL),
(99, 35, 'Design op uren', '', '', '0', '75.00', NULL, 1, '2016-02-17 16:46:41', '2016-02-17 16:46:41', 3, NULL),
(100, 36, 'Lege regel', '', '', '0', '0.00', NULL, 1, '2016-02-17 17:24:17', '2016-02-17 17:24:17', 2, b'1'),
(101, 37, 'Lege regel', '', '', '0', '0.00', NULL, 1, '2016-02-19 10:58:47', '2016-02-19 10:58:47', 2, b'1'),
(102, 38, 'Digitransfer weekpunten', '<p>Digitransfer weekpunten<br></p>', '', '40', '45.00', NULL, 1, '2016-02-22 10:18:52', '2016-02-22 10:18:52', 2, NULL),
(103, 39, 'Lege regel', '', '', '0', '0.00', NULL, 1, '2016-02-22 16:00:55', '2016-02-22 16:00:55', 1, b'1'),
(104, 40, 'Design op uren', '', '', '0', '75.00', NULL, 1, '2016-02-22 17:12:07', '2016-02-22 17:12:07', 3, NULL),
(105, 41, 'Design op uren', '', '', '0', '75.00', NULL, 1, '2016-02-22 17:13:47', '2016-02-22 17:13:47', 3, NULL),
(106, 41, 'Drukwerk op nacalculatie', '', '', '0', '0.00', NULL, 2, '2016-02-22 17:13:49', '2016-02-22 17:13:49', 3, NULL),
(107, 42, 'Design op uren', '', '', '0', '75.00', NULL, 1, '2016-02-22 17:15:58', '2016-02-22 17:15:58', 3, NULL),
(108, 43, 'Drukwerk op nacalculatie', '', '', '0', '0.00', NULL, 1, '2016-02-22 17:19:09', '2016-02-22 17:19:09', 3, NULL),
(109, 44, 'Design op uren', '', '', '0', '75.00', NULL, 1, '2016-02-22 17:20:21', '2016-02-22 17:20:21', 3, NULL),
(110, 45, 'Lege regel', '', '', '0', '0.00', NULL, 1, '2016-02-22 17:30:41', '2016-02-22 17:30:41', 3, b'1'),
(111, 46, 'Lege regel', '', '', '0', '0.00', NULL, 1, '2016-02-23 12:25:03', '2016-02-23 12:25:03', 3, b'1'),
(112, 47, 'Lege regel', '', '', '0', '0.00', NULL, 1, '2016-02-24 10:23:08', '2016-02-24 10:23:08', 3, b'1'),
(113, 48, 'Drukwerk op nacalculatie', '', '', '0', '0.00', NULL, 1, '2016-02-24 17:42:33', '2016-02-24 17:42:33', 3, NULL),
(114, 49, 'Design op uren', '', '', '0', '75.00', NULL, 1, '2016-02-25 12:46:54', '2016-02-25 12:46:54', 3, NULL),
(115, 50, 'Lege regel', '', '', '0', '0.00', NULL, 1, '2016-03-01 11:47:25', '2016-03-01 11:47:25', 2, b'1'),
(116, 51, 'Lege regel', '', '', '0', '0.00', NULL, 1, '2016-03-01 11:48:26', '2016-03-01 11:48:26', 2, b'1'),
(117, 52, 'Design op uren', '', '', '0', '75.00', NULL, 1, '2016-03-03 12:25:02', '2016-03-03 12:25:02', 3, NULL),
(118, 53, 'Design op uren', '', '', '0', '75.00', NULL, 1, '2016-03-03 14:18:19', '2016-03-03 14:18:19', 3, NULL),
(119, 54, 'Design op uren', '', '', '0', '75.00', NULL, 1, '2016-03-08 11:16:46', '2016-03-08 11:16:46', 3, NULL),
(120, 55, 'Lege regel', '', '', '0', '0.00', NULL, 1, '2016-03-11 17:20:48', '2016-03-11 17:20:48', 2, b'1'),
(121, 55, 'Lege regel', '', '', '0', '0.00', NULL, 2, '2016-03-11 17:21:01', '2016-03-11 17:21:01', 2, b'1'),
(122, 56, 'Lege regel', '', '', '0', '0.00', NULL, 1, '2016-03-11 17:22:24', '2016-03-11 17:22:24', 2, b'1'),
(123, 57, 'Lege regel', '', '', '0', '0.00', NULL, 1, '2016-03-21 13:59:41', '2016-03-21 13:59:41', 2, b'1'),
(124, 58, 'Design op uren', '', '', '0', '75.00', NULL, 1, '2016-03-29 12:08:17', '2016-03-29 12:08:17', 3, NULL),
(125, 59, 'Webshop BASIC', '', '', '50', '3500.00', NULL, 2, '2016-03-30 15:08:03', '2016-03-30 15:08:03', 1, b'1'),
(127, 59, 'Design op uren', '', '', '0', '75.00', NULL, 4, '2016-03-30 15:08:16', '2016-03-30 15:08:16', 1, NULL),
(128, 59, 'Whhopptiedoo', '<p>\r\n\r\n</p><p>Lorem ipsum dolor sit amet, consectetur adipiscing elit. Nunc imperdiet nibh nulla, in laoreet nulla dignissim non. Duis ante sem, imperdiet nec varius vel, elementum vitae massa. Ut tincidunt ac nisl at luctus. Nam consectetur eros in erat ultricies porttitor. Integer sit amet urna quis nulla auctor laoreet. Praesent eu feugiat tellus, in tincidunt tellus. In a erat leo. Nunc vitae suscipit magna.</p><p>In tristique arcu lacus, in efficitur libero posuere vitae. Class aptent taciti sociosqu ad litora torquent per conubia nostra, per inceptos himenaeos. Quisque ut hendrerit tellus. In dignissim vulputate aliquam. Phasellus a dictum ex, et facilisis nisl. Proin id malesuada velit. Maecenas tortor nulla, euismod sed justo sit amet, tempus commodo arcu. Praesent non arcu ut dui pretium condimentum. Mauris vulputate erat sit amet facilisis venenatis. Donec at turpis accumsan, aliquet neque non, elementum leo. Vestibulum ante ipsum primis in faucibus orci luctus et ultrices posuere cubilia Curae; Sed varius luctus tortor eget viverra. Ut a efficitur massa, eget consectetur mauris. Aenean lacinia lorem velit, eget ultricies neque aliquam nec. Mauris sed arcu odio. Morbi tincidunt lectus eget est porttitor dictum.</p><p>Ut pharetra elit urna. Sed id lectus laoreet, consequat eros non, pretium mi. Ut at ante vehicula, lobortis augue non, congue mi. Sed in suscipit ante, at imperdiet urna. Suspendisse vitae pulvinar sapien, ac fermentum dui. Quisque et turpis ut sem vestibulum gravida nec in purus. Cum sociis natoque penatibus et magnis dis parturient montes, nascetur ridiculus mus. Proin a elementum enim. Nulla semper feugiat lectus vitae commodo. Vivamus finibus leo sit amet urna finibus placerat. Integer ac erat sed mauris finibus rutrum.</p><p>Aliquam vitae scelerisque ipsum. Duis vulputate purus eu iaculis tincidunt. Aliquam quis quam vitae mauris commodo lacinia elementum at ipsum. Nulla tristique nec nisi eu elementum. Quisque est magna, pellentesque nec lacinia at, malesuada fermentum erat. Mauris eu laoreet risus. Nunc eleifend iaculis odio, quis blandit enim egestas eu. Maecenas sed nisi ultrices, lobortis nisi a, rutrum lorem. Duis eget venenatis neque.</p><p>Suspendisse non tellus a sapien iaculis finibus. Quisque mollis faucibus tellus, vel ullamcorper nunc fringilla ac. Aenean ut tellus mauris. Interdum et malesuada fames ac ante ipsum primis in faucibus. Etiam tempus sed turpis ut cursus. Sed molestie commodo massa sed efficitur. Maecenas convallis, tellus lacinia sagittis euismod, magna ex fermentum tortor, quis accumsan neque lorem ut arcu. Integer non euismod libero, ac lacinia arcu. Maecenas nisi est, porttitor ac erat eu, accumsan aliquam nibh. Nulla accumsan sollicitudin quam, eget malesuada metus iaculis a. Duis a lectus non metus lobortis euismod. Cras ornare elit at laoreet varius. Vestibulum quis pretium ex. Donec tincidunt augue imperdiet nisi vehicula, vitae venenatis purus porttitor. In nulla enim, volutpat sed sagittis sed, hendrerit vitae dolor. Sed cursus convallis elementum.</p>\r\n\r\n<br><p></p>', '', '20', '70.00', b'1', 1, '2016-03-30 15:09:14', '2016-03-30 15:09:14', 1, NULL),
(129, 60, 'Lege regel', '', '', '0', '0.00', NULL, 1, '2016-04-04 10:34:43', '2016-04-04 10:34:43', 2, b'1'),
(130, 61, 'Lege regel', '', '', '0', '0.00', NULL, 1, '2016-04-04 15:12:09', '2016-04-04 15:12:09', 2, b'1'),
(131, 62, 'Lege regel', '', '', '0', '0.00', NULL, 1, '2016-04-05 15:05:45', '2016-04-05 15:05:45', 2, b'1'),
(132, 63, 'Design op uren', '', '', '0', '75.00', NULL, 1, '2016-04-08 16:09:02', '2016-04-08 16:09:02', 3, NULL),
(133, 64, 'Design op uren', '', '', '0', '75.00', NULL, 1, '2016-04-08 16:11:54', '2016-04-08 16:11:54', 3, NULL),
(134, 65, 'Design op uren', '', '', '0', '75.00', NULL, 1, '2016-04-08 16:15:59', '2016-04-08 16:15:59', 3, NULL),
(135, 66, 'Design op uren', '', '', '0', '75.00', NULL, 1, '2016-04-08 16:46:59', '2016-04-08 16:46:59', 3, NULL),
(136, 67, 'Design op uren', '', '', '0', '75.00', NULL, 1, '2016-04-11 11:51:06', '2016-04-11 11:51:06', 3, NULL),
(137, 68, 'Design op uren', '', '', '0', '75.00', NULL, 1, '2016-04-12 17:02:19', '2016-04-12 17:02:19', 3, NULL),
(138, 69, 'Design op uren', '', '', '0', '75.00', NULL, 1, '2016-04-13 11:02:32', '2016-04-13 11:02:32', 3, NULL),
(139, 70, 'Fixed price', '<p>Fixed price:</p>', '', '0', '0.00', NULL, 1, '2016-04-14 16:30:11', '2016-04-14 16:30:11', 3, b'1'),
(140, 71, 'Design op uren', '', '', '0', '75.00', NULL, 1, '2016-04-14 16:31:52', '2016-04-14 16:31:52', 3, NULL),
(141, 72, 'Fixed price', '<p>Fixed price:</p>', '', '0', '0.00', NULL, 1, '2016-04-14 16:34:19', '2016-04-14 16:34:19', 3, b'1'),
(142, 73, 'Design op uren', '', '', '0', '75.00', NULL, 1, '2016-04-14 16:50:11', '2016-04-14 16:50:11', 3, NULL),
(143, 74, 'Lege regel', '', '', '0', '0.00', NULL, 1, '2016-04-18 11:43:52', '2016-04-18 11:43:52', 2, b'1'),
(144, 75, 'Design op uren', '', '', '0', '75.00', NULL, 1, '2016-04-19 14:27:39', '2016-04-19 14:27:39', 3, NULL),
(145, 76, 'Lege regel', '', '', '0', '0.00', NULL, 1, '2016-04-29 09:03:24', '2016-04-29 09:03:24', 2, b'1'),
(146, 77, 'Design op uren', '', '', '0', '75.00', NULL, 1, '2016-04-29 12:45:38', '2016-04-29 12:45:38', 3, NULL),
(147, 78, 'Lege regel', '', '', '0', '0.00', NULL, 1, '2016-05-03 11:59:58', '2016-05-03 11:59:58', 2, b'1'),
(148, 79, 'Digitransfer weekpunten', '<p>Digitransfer weekpunten<br></p>', '', '40', '45.00', NULL, 1, '2016-05-09 11:45:52', '2016-05-09 11:45:52', 3, NULL),
(149, 80, 'Design op uren', '', '', '0', '75.00', NULL, 1, '2016-05-09 11:48:37', '2016-05-09 11:48:37', 3, NULL),
(150, 81, 'Design op uren', '', '', '0', '75.00', NULL, 1, '2016-05-09 11:52:27', '2016-05-09 11:52:27', 3, NULL),
(151, 82, 'Design op uren', '', '', '0', '75.00', NULL, 1, '2016-05-09 14:19:20', '2016-05-09 14:19:20', 3, NULL),
(152, 59, 'Drukwerk op nacalculatie', '', '', '0', '0.00', NULL, 5, '2016-05-11 18:14:55', '2016-05-11 18:14:55', 1, NULL),
(153, 84, 'Design op uren', '', '', '0', '75.00', NULL, 1, '2016-05-20 14:41:07', '2016-05-20 14:41:07', 3, NULL),
(154, 85, 'Design op uren', '', '', '0', '75.00', NULL, 1, '2016-05-20 14:43:27', '2016-05-20 14:43:27', 3, NULL),
(155, 86, 'Design op uren', '', '', '0', '75.00', NULL, 1, '2016-05-24 10:35:58', '2016-05-24 10:35:58', 3, NULL),
(156, 87, 'Fixed price', '<p>Fixed price:</p>', '', '0', '0.00', NULL, 1, '2016-05-24 10:37:29', '2016-05-24 10:37:29', 3, b'1'),
(157, 88, 'Design op uren', '', '', '0', '75.00', NULL, 1, '2016-05-24 11:05:20', '2016-05-24 11:05:20', 3, NULL),
(158, 89, 'Design op uren', '', '', '0', '75.00', NULL, 1, '2016-05-24 11:06:54', '2016-05-24 11:06:54', 3, NULL),
(159, 90, 'Design op uren', '', '', '0', '75.00', NULL, 1, '2016-05-24 11:16:04', '2016-05-24 11:16:04', 3, NULL),
(160, 91, 'Lege regel', '', '', '0', '0.00', NULL, 1, '2016-05-25 10:56:45', '2016-05-25 10:56:45', 3, b'1'),
(161, 92, 'Lege regel', '', '', '0', '0.00', NULL, 1, '2016-05-26 11:49:57', '2016-05-26 11:49:57', 3, b'1'),
(162, 93, 'Design op uren', '', '', '0', '75.00', NULL, 1, '2016-05-27 16:09:27', '2016-05-27 16:09:27', 3, NULL),
(163, 95, 'Design op uren', '', '', '0', '75.00', NULL, 1, '2016-05-27 16:18:01', '2016-05-27 16:18:01', 3, NULL),
(164, 96, 'Design op uren', '', '', '0', '75.00', NULL, 1, '2016-05-27 16:20:02', '2016-05-27 16:20:02', 3, NULL),
(165, 97, 'Design op uren', '', '', '0', '75.00', NULL, 1, '2016-05-27 16:29:44', '2016-05-27 16:29:44', 3, NULL),
(166, 98, 'Design op uren', '', '', '0', '75.00', NULL, 1, '2016-05-27 16:31:10', '2016-05-27 16:31:10', 3, NULL),
(167, 99, 'Design op uren', '', '', '0', '75.00', NULL, 1, '2016-05-30 15:07:08', '2016-05-30 15:07:08', 3, NULL),
(168, 100, 'Design op uren', '', '', '0', '75.00', NULL, 1, '2016-06-07 10:44:03', '2016-06-07 10:44:03', 3, NULL),
(169, 101, 'Digitransfer weekpunten', '<p>Digitransfer weekpunten<br></p>', '', '40', '45.00', NULL, 1, '2016-06-07 11:24:00', '2016-06-07 11:24:00', 3, NULL),
(170, 102, 'Digitransfer weekpunten', '<p>Digitransfer weekpunten<br></p>', '', '40', '45.00', NULL, 1, '2016-06-07 11:25:29', '2016-06-07 11:25:29', 3, NULL),
(171, 103, 'Design op uren', '', '', '0', '75.00', NULL, 1, '2016-06-07 11:27:28', '2016-06-07 11:27:28', 3, NULL),
(172, 104, 'Design op uren', '', '', '0', '75.00', NULL, 1, '2016-06-07 11:29:31', '2016-06-07 11:29:31', 3, NULL),
(173, 105, 'Design op uren', '', '', '0', '75.00', NULL, 1, '2016-06-07 11:32:07', '2016-06-07 11:32:07', 3, NULL),
(174, 106, 'Lege regel', '', '', '0', '0.00', NULL, 1, '2016-06-13 12:39:11', '2016-06-13 12:39:14', 1, b'1'),
(175, 107, 'Lege regel', '', '', '0', '0.00', NULL, 1, '2016-06-14 14:55:15', '2016-06-14 14:55:15', 3, b'1'),
(176, 108, 'Design op uren', '', '', '0', '75.00', NULL, 1, '2016-06-14 14:57:55', '2016-06-14 14:57:55', 3, NULL),
(177, 109, 'Lege regel', '', '', '0', '0.00', NULL, 1, '2016-06-14 15:00:26', '2016-06-14 15:00:26', 2, b'1'),
(178, 110, 'Lege regel', '', '', '0', '0.00', NULL, 1, '2016-06-16 10:29:15', '2016-06-16 10:29:15', 2, b'1'),
(179, 111, 'Design op uren', '', '', '0', '75.00', NULL, 1, '2016-06-17 16:03:06', '2016-06-17 16:03:06', 3, NULL),
(180, 112, 'Design op uren', '', '', '0', '75.00', NULL, 1, '2016-06-17 16:07:55', '2016-06-17 16:07:55', 3, NULL),
(181, 113, 'Design op uren', '', '', '0', '75.00', NULL, 1, '2016-06-17 16:17:10', '2016-06-17 16:17:10', 3, NULL),
(182, 113, 'Fixed price', '<p>Fixed price:</p>', '', '0', '0.00', NULL, 2, '2016-06-17 16:17:19', '2016-06-17 16:17:19', 3, b'1'),
(183, 114, 'Design op uren', '', '', '0', '75.00', NULL, 1, '2016-06-17 16:31:26', '2016-06-17 16:31:26', 3, NULL),
(184, 115, 'Design op uren', '', '', '0', '75.00', NULL, 1, '2016-06-20 11:19:15', '2016-06-20 11:19:15', 3, NULL),
(185, 116, 'Design op uren', '', '', '0', '75.00', NULL, 1, '2016-06-20 14:25:44', '2016-06-20 14:25:44', 3, NULL),
(186, 117, 'Fixed price', '<p>Fixed price:</p>', '', '0', '0.00', NULL, 1, '2016-06-21 15:43:29', '2016-06-21 15:43:29', 3, b'1'),
(187, 119, 'Drukwerk op nacalculatie', '', '', '0', '0.00', NULL, 1, '2016-06-21 16:47:00', '2016-06-21 16:47:00', 3, NULL),
(188, 118, 'Lege regel', '', '', '0', '0.00', NULL, 1, '2016-06-21 16:50:11', '2016-06-21 16:50:11', 2, b'1'),
(189, 121, 'Drukwerk op nacalculatie', '', '', '0', '0.00', NULL, 1, '2016-06-21 16:59:00', '2016-06-21 16:59:00', 3, NULL),
(190, 118, 'Fixed price', '<p>Fixed price:</p>', '', '0', '0.00', NULL, 2, '2016-06-21 16:59:57', '2016-06-21 16:59:57', 3, b'1'),
(191, 122, 'Lege regel', '', '', '0', '0.00', NULL, 1, '2016-06-23 10:37:56', '2016-06-23 10:37:56', 2, b'1'),
(192, 123, 'Design op uren', '', '', '0', '75.00', NULL, 1, '2016-06-23 16:20:59', '2016-06-23 16:20:59', 3, NULL),
(193, 124, 'Fixed price', '<p>Fixed price:</p>', '', '0', '0.00', NULL, 1, '2016-06-24 11:07:19', '2016-06-24 11:07:19', 3, b'1'),
(194, 125, 'Lege regel', '', '', '0', '0.00', NULL, 1, '2016-06-27 12:16:56', '2016-06-27 12:16:56', 2, b'1'),
(195, 126, 'Lege regel', '', '', '0', '0.00', NULL, 1, '2016-06-28 17:53:18', '2016-06-28 17:53:18', 2, b'1'),
(196, 127, 'Fixed price', '<p>Fixed price:</p>', '', '0', '0.00', NULL, 1, '2016-07-01 10:46:21', '2016-07-01 10:46:21', 3, b'1'),
(197, 128, 'Design op uren', '', '', '0', '75.00', NULL, 1, '2016-07-04 13:59:21', '2016-07-04 13:59:21', 3, NULL),
(198, 129, 'Lege regel', '', '', '0', '0.00', NULL, 1, '2016-07-05 15:18:48', '2016-07-05 15:18:48', 2, b'1'),
(199, 130, 'Fixed price', '<p>Fixed price:</p>', '', '0', '0.00', NULL, 1, '2016-07-07 15:48:36', '2016-07-07 15:48:36', 3, b'1'),
(200, 131, 'Design op uren', '', '', '0', '75.00', NULL, 1, '2016-07-08 11:21:51', '2016-07-08 11:21:51', 3, NULL),
(201, 132, 'Lege regel', '', '', '0', '0.00', NULL, 1, '2016-07-08 11:49:45', '2016-07-08 11:49:45', 2, b'1'),
(202, 135, 'Design op uren', '', '', '0', '75.00', NULL, 1, '2016-07-12 21:37:21', '2016-07-12 21:37:21', 3, NULL),
(203, 135, 'Drukwerk op nacalculatie', '<p>tatasdfasdfsad fasdf sadfsadf asdfsa</p>', '', '0', '0.00', NULL, 2, '2016-09-16 17:27:52', '2016-09-16 17:27:58', 1, NULL),
(204, 129, 'Whhopptiedoo', '<p>\r\n\r\n</p><p>Lorem ipsum dolor sit amet, consectetur adipiscing elit. Nunc imperdiet nibh nulla, in laoreet nulla dignissim non. Duis ante sem, imperdiet nec varius vel, elementum vitae massa. Ut tincidunt ac nisl at luctus. Nam consectetur eros in erat ultricies porttitor. Integer sit amet urna quis nulla auctor laoreet. Praesent eu feugiat tellus, in tincidunt tellus. In a erat leo. Nunc vitae suscipit magna.</p><p>In tristique arcu lacus, in efficitur libero posuere vitae. Class aptent taciti sociosqu ad litora torquent per conubia nostra, per inceptos himenaeos. Quisque ut hendrerit tellus. In dignissim vulputate aliquam. Phasellus a dictum ex, et facilisis nisl. Proin id malesuada velit. Maecenas tortor nulla, euismod sed justo sit amet, tempus commodo arcu. Praesent non arcu ut dui pretium condimentum. Mauris vulputate erat sit amet facilisis venenatis. Donec at turpis accumsan, aliquet neque non, elementum leo. Vestibulum ante ipsum primis in faucibus orci luctus et ultrices posuere cubilia Curae; Sed varius luctus tortor eget viverra. Ut a efficitur massa, eget consectetur mauris. Aenean lacinia lorem velit, eget ultricies neque aliquam nec. Mauris sed arcu odio. Morbi tincidunt lectus eget est porttitor dictum.</p><p>Ut pharetra elit urna. Sed id lectus laoreet, consequat eros non, pretium mi. Ut at ante vehicula, lobortis augue non, congue mi. Sed in suscipit ante, at imperdiet urna. Suspendisse vitae pulvinar sapien, ac fermentum dui. Quisque et turpis ut sem vestibulum gravida nec in purus. Cum sociis natoque penatibus et magnis dis parturient montes, nascetur ridiculus mus. Proin a elementum enim. Nulla semper feugiat lectus vitae commodo. Vivamus finibus leo sit amet urna finibus placerat. Integer ac erat sed mauris finibus rutrum.</p><p>Aliquam vitae scelerisque ipsum. Duis vulputate purus eu iaculis tincidunt. Aliquam quis quam vitae mauris commodo lacinia elementum at ipsum. Nulla tristique nec nisi eu elementum. Quisque est magna, pellentesque nec lacinia at, malesuada fermentum erat. Mauris eu laoreet risus. Nunc eleifend iaculis odio, quis blandit enim egestas eu. Maecenas sed nisi ultrices, lobortis nisi a, rutrum lorem. Duis eget venenatis neque.</p><p>Suspendisse non tellus a sapien iaculis finibus. Quisque mollis faucibus tellus, vel ullamcorper nunc fringilla ac. Aenean ut tellus mauris. Interdum et malesuada fames ac ante ipsum primis in faucibus. Etiam tempus sed turpis ut cursus. Sed molestie commodo massa sed efficitur. Maecenas convallis, tellus lacinia sagittis euismod, magna ex fermentum tortor, quis accumsan neque lorem ut arcu. Integer non euismod libero, ac lacinia arcu. Maecenas nisi est, porttitor ac erat eu, accumsan aliquam nibh. Nulla accumsan sollicitudin quam, eget malesuada metus iaculis a. Duis a lectus non metus lobortis euismod. Cras ornare elit at laoreet varius. Vestibulum quis pretium ex. Donec tincidunt augue imperdiet nisi vehicula, vitae venenatis purus porttitor. In nulla enim, volutpat sed sagittis sed, hendrerit vitae dolor. Sed cursus convallis elementum.</p>\r\n\r\n<br><p></p>', '', '20', '70.00', b'1', 2, '2016-11-15 16:02:25', '2016-11-15 16:02:25', 1, NULL),
(205, 129, 'Drukwerk op nacalculatie', '', '', '0', '0.00', NULL, 3, '2016-12-14 11:42:35', '2016-12-14 11:42:35', 1, NULL),
(206, 136, 'Webshop BASIC', '', '', '50', '3500.00', NULL, 1, '2017-01-24 15:38:17', '2017-01-24 15:38:17', 1, b'1'),
(207, 136, 'Whhopptiedoo', '<p>\r\n\r\n</p><p>Lorem ipsum dolor sit amet, consectetur adipiscing elit. Nunc imperdiet nibh nulla, in laoreet nulla dignissim non. Duis ante sem, imperdiet nec varius vel, elementum vitae massa. Ut tincidunt ac nisl at luctus. Nam consectetur eros in erat ultricies porttitor. Integer sit amet urna quis nulla auctor laoreet. Praesent eu feugiat tellus, in tincidunt tellus. In a erat leo. Nunc vitae suscipit magna.</p><p>In tristique arcu lacus, in efficitur libero posuere vitae. Class aptent taciti sociosqu ad litora torquent per conubia nostra, per inceptos himenaeos. Quisque ut hendrerit tellus. In dignissim vulputate aliquam. Phasellus a dictum ex, et facilisis nisl. Proin id malesuada velit. Maecenas tortor nulla, euismod sed justo sit amet, tempus commodo arcu. Praesent non arcu ut dui pretium condimentum. Mauris vulputate erat sit amet facilisis venenatis. Donec at turpis accumsan, aliquet neque non, elementum leo. Vestibulum ante ipsum primis in faucibus orci luctus et ultrices posuere cubilia Curae; Sed varius luctus tortor eget viverra. Ut a efficitur massa, eget consectetur mauris. Aenean lacinia lorem velit, eget ultricies neque aliquam nec. Mauris sed arcu odio. Morbi tincidunt lectus eget est porttitor dictum.</p><p>Ut pharetra elit urna. Sed id lectus laoreet, consequat eros non, pretium mi. Ut at ante vehicula, lobortis augue non, congue mi. Sed in suscipit ante, at imperdiet urna. Suspendisse vitae pulvinar sapien, ac fermentum dui. Quisque et turpis ut sem vestibulum gravida nec in purus. Cum sociis natoque penatibus et magnis dis parturient montes, nascetur ridiculus mus. Proin a elementum enim. Nulla semper feugiat lectus vitae commodo. Vivamus finibus leo sit amet urna finibus placerat. Integer ac erat sed mauris finibus rutrum.</p><p>Aliquam vitae scelerisque ipsum. Duis vulputate purus eu iaculis tincidunt. Aliquam quis quam vitae mauris commodo lacinia elementum at ipsum. Nulla tristique nec nisi eu elementum. Quisque est magna, pellentesque nec lacinia at, malesuada fermentum erat. Mauris eu laoreet risus. Nunc eleifend iaculis odio, quis blandit enim egestas eu. Maecenas sed nisi ultrices, lobortis nisi a, rutrum lorem. Duis eget venenatis neque.</p><p>Suspendisse non tellus a sapien iaculis finibus. Quisque mollis faucibus tellus, vel ullamcorper nunc fringilla ac. Aenean ut tellus mauris. Interdum et malesuada fames ac ante ipsum primis in faucibus. Etiam tempus sed turpis ut cursus. Sed molestie commodo massa sed efficitur. Maecenas convallis, tellus lacinia sagittis euismod, magna ex fermentum tortor, quis accumsan neque lorem ut arcu. Integer non euismod libero, ac lacinia arcu. Maecenas nisi est, porttitor ac erat eu, accumsan aliquam nibh. Nulla accumsan sollicitudin quam, eget malesuada metus iaculis a. Duis a lectus non metus lobortis euismod. Cras ornare elit at laoreet varius. Vestibulum quis pretium ex. Donec tincidunt augue imperdiet nisi vehicula, vitae venenatis purus porttitor. In nulla enim, volutpat sed sagittis sed, hendrerit vitae dolor. Sed cursus convallis elementum.</p>\r\n\r\n<br><p></p>', '', '20', '70.00', b'1', 2, '2017-01-24 15:38:21', '2017-01-24 15:38:21', 1, NULL),
(208, 20, 'Whhopptiedoo', '<p>\r\n\r\n</p><p>Lorem ipsum dolor sit amet, consectetur adipiscing elit. Nunc imperdiet nibh nulla, in laoreet nulla dignissim non. Duis ante sem, imperdiet nec varius vel, elementum vitae massa. Ut tincidunt ac nisl at luctus. Nam consectetur eros in erat ultricies porttitor. Integer sit amet urna quis nulla auctor laoreet. Praesent eu feugiat tellus, in tincidunt tellus. In a erat leo. Nunc vitae suscipit magna.</p><p>In tristique arcu lacus, in efficitur libero posuere vitae. Class aptent taciti sociosqu ad litora torquent per conubia nostra, per inceptos himenaeos. Quisque ut hendrerit tellus. In dignissim vulputate aliquam. Phasellus a dictum ex, et facilisis nisl. Proin id malesuada velit. Maecenas tortor nulla, euismod sed justo sit amet, tempus commodo arcu. Praesent non arcu ut dui pretium condimentum. Mauris vulputate erat sit amet facilisis venenatis. Donec at turpis accumsan, aliquet neque non, elementum leo. Vestibulum ante ipsum primis in faucibus orci luctus et ultrices posuere cubilia Curae; Sed varius luctus tortor eget viverra. Ut a efficitur massa, eget consectetur mauris. Aenean lacinia lorem velit, eget ultricies neque aliquam nec. Mauris sed arcu odio. Morbi tincidunt lectus eget est porttitor dictum.</p><p>Ut pharetra elit urna. Sed id lectus laoreet, consequat eros non, pretium mi. Ut at ante vehicula, lobortis augue non, congue mi. Sed in suscipit ante, at imperdiet urna. Suspendisse vitae pulvinar sapien, ac fermentum dui. Quisque et turpis ut sem vestibulum gravida nec in purus. Cum sociis natoque penatibus et magnis dis parturient montes, nascetur ridiculus mus. Proin a elementum enim. Nulla semper feugiat lectus vitae commodo. Vivamus finibus leo sit amet urna finibus placerat. Integer ac erat sed mauris finibus rutrum.</p><p>Aliquam vitae scelerisque ipsum. Duis vulputate purus eu iaculis tincidunt. Aliquam quis quam vitae mauris commodo lacinia elementum at ipsum. Nulla tristique nec nisi eu elementum. Quisque est magna, pellentesque nec lacinia at, malesuada fermentum erat. Mauris eu laoreet risus. Nunc eleifend iaculis odio, quis blandit enim egestas eu. Maecenas sed nisi ultrices, lobortis nisi a, rutrum lorem. Duis eget venenatis neque.</p><p>Suspendisse non tellus a sapien iaculis finibus. Quisque mollis faucibus tellus, vel ullamcorper nunc fringilla ac. Aenean ut tellus mauris. Interdum et malesuada fames ac ante ipsum primis in faucibus. Etiam tempus sed turpis ut cursus. Sed molestie commodo massa sed efficitur. Maecenas convallis, tellus lacinia sagittis euismod, magna ex fermentum tortor, quis accumsan neque lorem ut arcu. Integer non euismod libero, ac lacinia arcu. Maecenas nisi est, porttitor ac erat eu, accumsan aliquam nibh. Nulla accumsan sollicitudin quam, eget malesuada metus iaculis a. Duis a lectus non metus lobortis euismod. Cras ornare elit at laoreet varius. Vestibulum quis pretium ex. Donec tincidunt augue imperdiet nisi vehicula, vitae venenatis purus porttitor. In nulla enim, volutpat sed sagittis sed, hendrerit vitae dolor. Sed cursus convallis elementum.</p>\r\n\r\n<br><p></p>', '', '20', '70.00', b'1', 2, '2017-02-14 09:36:51', '2017-02-14 09:36:51', 3, NULL),
(209, 20, 'Dijkland maandpunten', '<p>Dijkland maandpunten<br></p>', '', '40', '65.00', NULL, 3, '2017-02-14 09:36:53', '2017-02-14 09:36:53', 3, NULL),
(210, 136, 'Design op uren', '', '', '0', '75.00', NULL, 3, '2017-03-08 17:12:07', '2017-03-08 17:12:07', 1, NULL),
(211, 136, 'Digitransfer weekpunten', '<p>Digitransfer weekpunten<br></p>', '', '40', '45.00', NULL, 4, '2017-03-08 17:12:13', '2017-03-08 17:12:13', 1, NULL);

-- --------------------------------------------------------

--
-- Tabelstructuur voor tabel `offer_status`
--

CREATE TABLE `offer_status` (
  `id` int(2) NOT NULL DEFAULT '0',
  `naam` varchar(50) NOT NULL
) ENGINE=InnoDB DEFAULT CHARSET=latin1;

--
-- Gegevens worden geëxporteerd voor tabel `offer_status`
--

INSERT INTO `offer_status` (`id`, `naam`) VALUES
(0, 'Aanmaak'),
(1, 'Verzonden'),
(2, 'Doorgezet'),
(3, 'Archief');

-- --------------------------------------------------------

--
-- Tabelstructuur voor tabel `profiles`
--

CREATE TABLE `profiles` (
  `id` int(11) NOT NULL,
  `name` varchar(50) NOT NULL
) ENGINE=InnoDB DEFAULT CHARSET=latin1;

--
-- Gegevens worden geëxporteerd voor tabel `profiles`
--

INSERT INTO `profiles` (`id`, `name`) VALUES
(1, 'Management'),
(2, 'Medewerker'),
(3, 'Klant');

-- --------------------------------------------------------

--
-- Tabelstructuur voor tabel `projects`
--

CREATE TABLE `projects` (
  `id` int(6) NOT NULL,
  `contact_id` int(6) NOT NULL,
  `user_id` int(6) NOT NULL,
  `offer_id` int(6) NOT NULL,
  `status_id` int(2) NOT NULL,
  `name` varchar(255) NOT NULL,
  `date_created` datetime NOT NULL,
  `deadline` datetime NOT NULL,
  `notification` text,
  `trello_id` varchar(50) DEFAULT NULL,
  `trello_first_list` varchar(50) DEFAULT NULL,
  `init` bit(1) DEFAULT b'0'
) ENGINE=InnoDB DEFAULT CHARSET=latin1;

--
-- Gegevens worden geëxporteerd voor tabel `projects`
--

INSERT INTO `projects` (`id`, `contact_id`, `user_id`, `offer_id`, `status_id`, `name`, `date_created`, `deadline`, `notification`, `trello_id`, `trello_first_list`, `init`) VALUES
(16, 15, 2, 20, 5, 'Beheer letterpress', '2016-02-15 09:48:33', '0000-00-00 00:00:00', '', NULL, NULL, b'0'),
(17, 20, 3, 23, 5, 'Webshop 2016', '2016-02-15 14:05:15', '0000-00-00 00:00:00', '', NULL, NULL, b'0'),
(18, 15, 1, 22, 5, 'Letterpress tool + website', '2016-02-15 14:13:40', '0000-00-00 00:00:00', '', NULL, NULL, b'0'),
(19, 2, 2, 21, 5, 'Digitransfer week 7', '2016-02-15 14:21:19', '0000-00-00 00:00:00', '', NULL, NULL, b'0'),
(20, 21, 2, 24, 5, 'Dijkland februari', '2016-02-15 15:45:18', '0000-00-00 00:00:00', '', NULL, NULL, b'0'),
(21, 10, 3, 25, 5, 'Beurs stand Fruit Logistica Azie ', '2016-02-15 17:48:33', '0000-00-00 00:00:00', '', NULL, NULL, b'0'),
(22, 10, 3, 26, 5, 'ClassScan App concept voor Kanzi', '2016-02-15 17:50:36', '0000-00-00 00:00:00', '', NULL, NULL, b'0'),
(23, 18, 3, 27, 5, 'Offertemap + leaflets', '2016-02-16 16:08:14', '0000-00-00 00:00:00', '', NULL, NULL, b'0'),
(24, 22, 3, 28, 5, 'Bestaande flyers aanpassen', '2016-02-16 17:39:13', '0000-00-00 00:00:00', '', NULL, NULL, b'0'),
(25, 23, 3, 29, 5, 'Freelance uren week 8', '2016-02-16 17:51:31', '0000-00-00 00:00:00', '', NULL, NULL, b'0'),
(26, 24, 3, 30, 5, 'Deur bestickering met Peren', '2016-02-17 16:11:35', '0000-00-00 00:00:00', '', NULL, NULL, b'0'),
(27, 25, 3, 35, 5, 'Graveer creator implementeren', '2016-02-17 16:47:02', '0000-00-00 00:00:00', '', NULL, NULL, b'0'),
(28, 26, 2, 36, 5, 'website aanpassingen', '2016-02-17 17:24:25', '0000-00-00 00:00:00', '', NULL, NULL, b'0'),
(29, 27, 2, 37, 5, 'ADministratie', '2016-02-19 10:58:53', '0000-00-00 00:00:00', '', NULL, NULL, b'0'),
(30, 2, 2, 38, 5, 'Digitransfer week 8', '2016-02-22 10:19:03', '0000-00-00 00:00:00', '', NULL, NULL, b'0'),
(20160031, 22, 3, 40, 5, 'FAX bericht maken', '2016-02-22 17:12:14', '0000-00-00 00:00:00', '', NULL, NULL, b'0'),
(20160032, 22, 3, 41, 5, 'Powermelt vertalen flyer', '2016-02-22 17:13:56', '0000-00-00 00:00:00', '', NULL, NULL, b'0'),
(20160033, 16, 3, 42, 5, 'Achterwand Beurs', '2016-02-22 17:16:07', '0000-00-00 00:00:00', '', NULL, NULL, b'0'),
(20160034, 28, 3, 43, 5, 'Drukwerk briefpapier 5000 vel', '2016-02-22 17:19:17', '0000-00-00 00:00:00', '', NULL, NULL, b'0'),
(20160035, 28, 3, 44, 5, 'aanpassing website', '2016-02-22 17:20:28', '0000-00-00 00:00:00', '', NULL, NULL, b'0'),
(20160036, 29, 3, 45, 5, 'Mail server', '2016-02-22 17:30:48', '0000-00-00 00:00:00', '', NULL, NULL, b'0'),
(20160037, 30, 3, 46, 5, 'Advertentie', '2016-02-23 12:25:13', '0000-00-00 00:00:00', '', NULL, NULL, b'0'),
(20160038, 3, 3, 47, 5, 'Aanpassingen website', '2016-02-24 10:23:15', '0000-00-00 00:00:00', '', NULL, NULL, b'0'),
(20160039, 31, 3, 48, 5, 'briefpapier 2500 vel', '2016-02-24 17:42:39', '0000-00-00 00:00:00', '', NULL, NULL, b'0'),
(20160040, 32, 3, 49, 5, 'Social toevoegen aan website', '2016-02-25 12:47:00', '0000-00-00 00:00:00', '', NULL, NULL, b'0'),
(20160041, 21, 2, 50, 5, 'Dijkland maandpunten', '2016-03-01 11:47:37', '0000-00-00 00:00:00', '', NULL, NULL, b'0'),
(20160042, 2, 2, 51, 5, 'Digitransfer weekpunten', '2016-03-01 11:48:32', '0000-00-00 00:00:00', '', NULL, NULL, b'0'),
(20160043, 33, 3, 52, 5, 'Website 2016', '2016-03-03 12:25:09', '0000-00-00 00:00:00', '', NULL, NULL, b'0'),
(20160044, 34, 3, 53, 5, 'Gooischetuinservice.nl', '2016-03-03 14:18:29', '0000-00-00 00:00:00', '', NULL, NULL, b'0'),
(20160045, 33, 3, 54, 5, 'Logo + drukwerk', '2016-03-08 11:16:52', '0000-00-00 00:00:00', '', NULL, NULL, b'0'),
(20160047, 2, 2, 56, 5, 'Digitransfer week 10', '2016-03-11 17:22:32', '0000-00-00 00:00:00', '', NULL, NULL, b'0'),
(20160048, 2, 2, 57, 5, 'Digitransfer week 12', '2016-03-21 13:59:50', '0000-00-00 00:00:00', '', NULL, NULL, b'0'),
(20160049, 19, 3, 58, 5, 'Website responsive maken d.m.v. bootstrap', '2016-03-29 12:08:25', '0000-00-00 00:00:00', '', NULL, NULL, b'0'),
(20160050, 21, 2, 60, 5, 'Dijkland maandpunten', '2016-04-04 10:34:56', '0000-00-00 00:00:00', '', NULL, NULL, b'0'),
(20160051, 21, 2, 61, 5, 'Dijkland maandpunten april', '2016-04-04 15:12:16', '0000-00-00 00:00:00', '', NULL, NULL, b'0'),
(20160052, 2, 2, 62, 5, 'Digitransfer week 14', '2016-04-05 15:05:52', '0000-00-00 00:00:00', '', NULL, NULL, b'0'),
(20160053, 22, 3, 63, 5, 'Zouttablet zak design', '2016-04-08 16:09:18', '0000-00-00 00:00:00', '', NULL, NULL, b'0'),
(20160054, 35, 3, 64, 5, 'HaringParty Moerdijk 2016', '2016-04-08 16:12:12', '0000-00-00 00:00:00', '', NULL, NULL, b'0'),
(20160055, 18, 3, 65, 5, 'Uitnodiging 100 jaar', '2016-04-08 16:16:34', '0000-00-00 00:00:00', '', NULL, NULL, b'0'),
(20160056, 35, 3, 66, 5, 'afspraak kaartje', '2016-04-08 16:47:06', '0000-00-00 00:00:00', '', NULL, NULL, b'0'),
(20160057, 18, 3, 67, 5, 'diensten leaflets', '2016-04-11 11:51:13', '0000-00-00 00:00:00', '', NULL, NULL, b'0'),
(20160058, 3, 3, 68, 5, 'safety items', '2016-04-12 17:02:29', '0000-00-00 00:00:00', '', NULL, NULL, b'0'),
(20160059, 3, 3, 69, 5, 'signing', '2016-04-13 11:02:40', '0000-00-00 00:00:00', '', NULL, NULL, b'0'),
(20160060, 10, 3, 70, 5, 'FFT safety poster', '2016-04-14 16:30:24', '0000-00-00 00:00:00', '', NULL, NULL, b'0'),
(20160061, 2, 3, 71, 5, 'Sportbedrukking flyer', '2016-04-14 16:32:00', '0000-00-00 00:00:00', '', NULL, NULL, b'0'),
(20160062, 26, 3, 72, 5, 'briefpapier Word doc maken', '2016-04-14 16:34:32', '0000-00-00 00:00:00', '', NULL, NULL, b'0'),
(20160063, 16, 3, 73, 5, 'advertentie Rotra Ventre', '2016-04-14 16:50:19', '0000-00-00 00:00:00', '', NULL, NULL, b'0'),
(20160064, 2, 2, 74, 5, 'Digitransfer week 16', '2016-04-18 11:44:01', '0000-00-00 00:00:00', '', NULL, NULL, b'0'),
(20160065, 10, 3, 75, 5, 'Palliflex vertalingen', '2016-04-19 14:27:49', '0000-00-00 00:00:00', '', NULL, NULL, b'0'),
(20160066, 2, 2, 76, 5, 'Digitransfer week 17', '2016-04-29 09:03:33', '0000-00-00 00:00:00', '', NULL, NULL, b'0'),
(20160067, 24, 3, 77, 5, 'Duitse bouw posters', '2016-04-29 12:45:47', '0000-00-00 00:00:00', '', NULL, NULL, b'0'),
(20160068, 2, 2, 78, 5, 'Digitransfer week 18', '2016-05-03 12:00:09', '0000-00-00 00:00:00', '', NULL, NULL, b'0'),
(20160069, 2, 3, 79, 5, 'Week 19', '2016-05-09 11:46:03', '0000-00-00 00:00:00', '', NULL, NULL, b'0'),
(20160070, 16, 3, 80, 5, 'banners beurs gorinchem', '2016-05-09 11:48:46', '0000-00-00 00:00:00', '', NULL, NULL, b'0'),
(20160071, 36, 3, 81, 5, 'Datasheeds', '2016-05-09 11:52:37', '0000-00-00 00:00:00', '', NULL, NULL, b'0'),
(20160072, 32, 3, 82, 5, 'website update', '2016-05-09 14:19:29', '0000-00-00 00:00:00', '', NULL, NULL, b'0'),
(20160073, 10, 3, 84, 5, 'Product folder', '2016-05-20 14:41:15', '0000-00-00 00:00:00', '', NULL, NULL, b'0'),
(20160074, 10, 3, 85, 5, 'Stand', '2016-05-20 14:43:33', '0000-00-00 00:00:00', '', NULL, NULL, b'0'),
(20160075, 32, 3, 86, 5, 'nieuwe BV naam + identity', '2016-05-24 10:36:07', '0000-00-00 00:00:00', '', NULL, NULL, b'0'),
(20160076, 10, 3, 87, 8, 'Kanzi App', '2016-05-24 10:37:40', '0000-00-00 00:00:00', '', NULL, NULL, b'0'),
(20160077, 36, 3, 88, 5, 'Datasheets wartel accessoires', '2016-05-24 11:05:30', '0000-00-00 00:00:00', '', NULL, NULL, b'0'),
(20160078, 3, 3, 89, 5, 'Website vullen ', '2016-05-24 11:07:01', '0000-00-00 00:00:00', '', NULL, NULL, b'0'),
(20160079, 37, 3, 90, 5, 'Brochure merweplaza', '2016-05-24 11:16:11', '0000-00-00 00:00:00', '', NULL, NULL, b'0'),
(20160080, 27, 3, 91, 4, 'Wiped afronden', '2016-05-25 10:56:54', '0000-00-00 00:00:00', '', NULL, NULL, b'0'),
(20160081, 31, 3, 92, 5, 'visitekaartjes marius', '2016-05-26 11:50:05', '0000-00-00 00:00:00', '', NULL, NULL, b'0'),
(20160082, 10, 3, 93, 5, 'Corporate website van-amerongen.com', '2016-05-27 16:09:37', '0000-00-00 00:00:00', '', NULL, NULL, b'0'),
(20160083, 38, 3, 95, 5, 'Concept VQM promo', '2016-05-27 16:18:08', '0000-00-00 00:00:00', '', NULL, NULL, b'0'),
(20160084, 10, 3, 96, 5, 'Dooors website', '2016-05-27 16:20:09', '0000-00-00 00:00:00', '', NULL, NULL, b'0'),
(20160085, 24, 3, 97, 5, 'poster Doorvoeren', '2016-05-27 16:29:51', '0000-00-00 00:00:00', '', NULL, NULL, b'0'),
(20160086, 10, 3, 98, 5, 'Presentatie App', '2016-05-27 16:31:18', '0000-00-00 00:00:00', '', NULL, NULL, b'0'),
(20160087, 10, 3, 99, 5, 'Product folder Duits en Nederlands', '2016-05-30 15:07:17', '0000-00-00 00:00:00', '', NULL, NULL, b'0'),
(20160088, 10, 3, 100, 5, 'logo BRF', '2016-06-07 10:44:11', '0000-00-00 00:00:00', '', NULL, NULL, b'0'),
(20160089, 2, 3, 101, 5, 'Week 23', '2016-06-07 11:24:07', '0000-00-00 00:00:00', '', NULL, NULL, b'0'),
(20160090, 2, 3, 102, 5, 'Vrumona implementatie', '2016-06-07 11:25:42', '0000-00-00 00:00:00', '', NULL, NULL, b'0'),
(20160091, 2, 3, 103, 5, 'Minitransfer', '2016-06-07 11:27:35', '0000-00-00 00:00:00', '', NULL, NULL, b'0'),
(20160092, 2, 3, 104, 5, 'Goede doelen project', '2016-06-07 11:29:37', '0000-00-00 00:00:00', '', NULL, NULL, b'0'),
(20160093, 39, 3, 105, 5, 'Android App James', '2016-06-07 11:32:19', '0000-00-00 00:00:00', '', NULL, NULL, b'0'),
(20160094, 3, 1, 106, 5, 'Website live zetten', '2016-06-13 12:39:22', '0000-00-00 00:00:00', '', NULL, NULL, b'0'),
(20160095, 40, 3, 107, 5, 'domein + hosting', '2016-06-14 14:55:24', '0000-00-00 00:00:00', '', NULL, NULL, b'0'),
(20160096, 40, 3, 108, 5, 'Huisstijl LCT-BV', '2016-06-14 14:58:04', '0000-00-00 00:00:00', '', NULL, NULL, b'0'),
(20160097, 15, 2, 109, 5, 'Letterpress bugfixes JW', '2016-06-14 15:00:42', '0000-00-00 00:00:00', '', NULL, NULL, b'0'),
(20160098, 2, 2, 110, 5, 'Digitransfer week 24', '2016-06-16 10:29:25', '0000-00-00 00:00:00', '', NULL, NULL, b'0'),
(20160099, 10, 3, 111, 5, 'service flyer', '2016-06-17 16:03:13', '0000-00-00 00:00:00', '', NULL, NULL, b'0'),
(20160100, 41, 3, 112, 5, 'Corporate identity schets voorstel', '2016-06-17 16:08:03', '0000-00-00 00:00:00', '', NULL, NULL, b'0'),
(20160101, 22, 3, 113, 5, 'Flyer', '2016-06-17 16:17:34', '0000-00-00 00:00:00', '', NULL, NULL, b'0'),
(20160102, 10, 3, 114, 5, 'Poolse palliflex folder', '2016-06-17 16:31:33', '0000-00-00 00:00:00', '', NULL, NULL, b'0'),
(20160103, 36, 3, 115, 5, 'TNAML 3 x datasheet correcties', '2016-06-20 11:19:22', '0000-00-00 00:00:00', '', NULL, NULL, b'0'),
(20160104, 10, 3, 116, 5, 'Turkse vertaling diverse folders', '2016-06-20 14:25:50', '0000-00-00 00:00:00', '', NULL, NULL, b'0'),
(20160105, 10, 3, 117, 5, 'smoelenboek pagina', '2016-06-21 15:43:36', '0000-00-00 00:00:00', '', NULL, NULL, b'0'),
(20160106, 3, 3, 119, 5, 'reclame borden schepen', '2016-06-21 16:47:09', '0000-00-00 00:00:00', '', NULL, NULL, b'0'),
(20160107, 3, 3, 121, 5, 'visitekaartjes rail', '2016-06-21 16:59:07', '0000-00-00 00:00:00', '', NULL, NULL, b'0'),
(20160108, 42, 3, 118, 5, 'website responisve maken + pagina\'s', '2016-06-21 17:00:04', '0000-00-00 00:00:00', '', NULL, NULL, b'0'),
(20160109, 2, 2, 122, 5, 'Digitransfer week 25', '2016-06-23 10:38:14', '0000-00-00 00:00:00', '', NULL, NULL, b'0'),
(20160110, 43, 3, 123, 5, 'Huisstijl restyling', '2016-06-23 16:21:07', '0000-00-00 00:00:00', '', NULL, NULL, b'0'),
(20160111, 44, 3, 124, 5, 'visitekaartje aanpassen', '2016-06-24 11:07:24', '0000-00-00 00:00:00', '', NULL, NULL, b'0'),
(20160112, 2, 2, 125, 5, 'Digiransfer Week 26', '2016-06-27 12:17:11', '0000-00-00 00:00:00', '', NULL, NULL, b'0'),
(20160113, 15, 2, 126, 5, 'Extra punten letterpress', '2016-06-28 17:54:04', '0000-00-00 00:00:00', '', NULL, NULL, b'0'),
(20160114, 30, 3, 127, 5, 'Adv Juli ', '2016-07-01 10:46:27', '0000-00-00 00:00:00', '', NULL, NULL, b'0'),
(20160115, 10, 3, 128, 5, 'Folders in Frans', '2016-07-04 13:59:27', '0000-00-00 00:00:00', '', NULL, NULL, b'0'),
(20160116, 13, 3, 130, 5, 'Website 2016', '2016-07-07 15:48:46', '0000-00-00 00:00:00', '', NULL, NULL, b'0'),
(20160118, 10, 3, 131, 5, 'Dooor vertalingen', '2016-07-08 11:22:00', '0000-00-00 00:00:00', '', NULL, NULL, b'0'),
(20160119, 24, 3, -1, 5, 'Doorvoerposters drukwerk', '2016-07-08 11:32:59', '0000-00-00 00:00:00', '', NULL, NULL, b'0'),
(20160120, 2, 2, 132, 5, 'Digiransfer Week 27', '2016-07-08 11:49:57', '0000-00-00 00:00:00', '', NULL, NULL, b'0'),
(20160121, 10, 3, -1, 5, 'Product 4-luik vertalingen', '2016-07-08 16:49:05', '0000-00-00 00:00:00', '', NULL, NULL, b'0'),
(20160122, 10, 3, -1, 5, 'DCA infographic Russisch', '2016-07-11 17:24:37', '0000-00-00 00:00:00', '', NULL, NULL, b'0'),
(20160123, 46, 3, -1, 5, 'Website Fotein', '2016-07-12 10:06:03', '0000-00-00 00:00:00', '', NULL, NULL, b'0'),
(20160124, 43, 3, 133, 5, 'Test', '2016-07-12 21:39:34', '0000-00-00 00:00:00', '', NULL, NULL, b'0'),
(20160125, 2, 2, -1, 5, 'Week 28', '2016-07-13 10:29:24', '0000-00-00 00:00:00', '', NULL, NULL, b'0'),
(20160126, 10, 3, -1, 5, 'Russische flyer', '2016-07-14 12:01:43', '0000-00-00 00:00:00', '', NULL, NULL, b'0'),
(20160127, 21, 2, -1, 5, 'Maand juli', '2016-07-15 15:26:34', '0000-00-00 00:00:00', '', NULL, NULL, b'0'),
(20160128, 15, 1, -1, 5, 'Aanpassingen juli 2016', '2016-07-19 09:29:18', '0000-00-00 00:00:00', '', NULL, NULL, b'0'),
(20160129, 10, 3, -1, 5, 'Machine stickers Boom', '2016-07-19 17:37:54', '0000-00-00 00:00:00', '', NULL, NULL, b'0'),
(20160130, 44, 2, -1, 5, 'Ara website aanpassingen', '2016-07-20 16:20:33', '0000-00-00 00:00:00', '', NULL, NULL, b'0'),
(20160131, 2, 2, -1, 5, 'Week 29', '2016-07-21 14:09:27', '0000-00-00 00:00:00', '', NULL, NULL, b'0'),
(20160132, 2, 2, -1, 5, 'Week 30', '2016-07-29 10:42:04', '0000-00-00 00:00:00', '', NULL, NULL, b'0'),
(20160133, 10, 3, -1, 5, 'Ford transit bestickering', '2016-08-01 10:37:15', '0000-00-00 00:00:00', '', NULL, NULL, b'0'),
(20160134, 10, 3, -1, 5, 'Diverse folders drukwerk', '2016-08-01 10:39:02', '0000-00-00 00:00:00', '', NULL, NULL, b'0'),
(20160135, 47, 3, -1, 5, 'Advertentie', '2016-08-01 10:42:30', '0000-00-00 00:00:00', '', NULL, NULL, b'0'),
(20160136, 42, 3, -1, 5, 'adv + video bewerking ', '2016-08-01 11:26:50', '0000-00-00 00:00:00', '', NULL, NULL, b'0'),
(20160137, 46, 3, -1, 5, 'aanpassingen website', '2016-08-02 14:34:48', '0000-00-00 00:00:00', '', NULL, NULL, b'0'),
(20160138, 21, 2, -1, 5, 'Aanpassingen augustus', '2016-08-03 10:33:26', '0000-00-00 00:00:00', '', NULL, NULL, b'0'),
(20160139, 10, 3, -1, 5, 'Sturing App aanpassen', '2016-08-03 15:59:45', '0000-00-00 00:00:00', '', NULL, NULL, b'0'),
(20160140, 2, 2, -1, 5, 'Week 31', '2016-08-03 19:03:01', '0000-00-00 00:00:00', '', NULL, NULL, b'0'),
(20160141, 10, 3, -1, 5, 'correcties russische folders', '2016-08-04 15:00:56', '0000-00-00 00:00:00', '', NULL, NULL, b'0'),
(20160142, 39, 3, -1, 5, 'correcties James', '2016-08-04 15:12:43', '0000-00-00 00:00:00', '', NULL, NULL, b'0'),
(20160143, 17, 3, -1, 5, 'tumbling4all website aanpassingen', '2016-08-09 14:46:34', '0000-00-00 00:00:00', '', NULL, NULL, b'0'),
(20160144, 37, 3, -1, 5, 'Flyer A4 bedrijfsunits', '2016-08-09 15:57:46', '0000-00-00 00:00:00', '', NULL, NULL, b'0'),
(20160145, 48, 3, -1, 5, 'website eco agri', '2016-08-09 15:58:57', '0000-00-00 00:00:00', '', NULL, NULL, b'0'),
(20160146, 10, 3, -1, 5, 'service desk', '2016-08-09 16:00:59', '0000-00-00 00:00:00', '', NULL, NULL, b'0'),
(20160147, 23, 3, -1, 5, 'Deerns logo + naam', '2016-08-09 16:02:52', '0000-00-00 00:00:00', '', NULL, NULL, b'0'),
(20160148, 10, 3, -1, 5, 'website corporate 2016', '2016-08-10 18:18:41', '0000-00-00 00:00:00', '', NULL, NULL, b'0'),
(20160149, 2, 2, -1, 5, 'Week 32', '2016-08-12 09:17:58', '0000-00-00 00:00:00', '', NULL, NULL, b'0'),
(20160150, 49, 3, -1, 5, 'Wiki omgeving', '2016-08-12 14:12:05', '0000-00-00 00:00:00', '', NULL, NULL, b'0'),
(20160151, 50, 3, -1, 5, 'website 2016', '2016-08-12 14:41:03', '0000-00-00 00:00:00', '', NULL, NULL, b'0'),
(20160152, 2, 2, -1, 5, 'Week 33', '2016-08-16 11:17:09', '0000-00-00 00:00:00', '', NULL, NULL, b'0'),
(20160153, 15, 1, -1, 5, 'Aanpassingen na overleg 19-08-2016', '2016-08-19 12:46:15', '0000-00-00 00:00:00', '', NULL, NULL, b'0'),
(20160154, 51, 3, -1, 5, 'logo design', '2016-08-22 11:26:54', '0000-00-00 00:00:00', '', NULL, NULL, b'0'),
(20160155, 10, 3, -1, 5, 'My Fruit module folder', '2016-08-22 11:29:01', '0000-00-00 00:00:00', '', NULL, NULL, b'0'),
(20160156, 10, 2, -1, 5, 'Sturing App aanpassen', '2016-08-22 11:35:25', '0000-00-00 00:00:00', '', NULL, NULL, b'0'),
(20160157, 38, 3, -1, 5, 'website 2016 VQM', '2016-08-23 23:46:24', '0000-00-00 00:00:00', '', NULL, NULL, b'0'),
(20160158, 10, 3, -1, 5, 'nieuws carousel b-cat', '2016-08-23 23:48:05', '0000-00-00 00:00:00', '', NULL, NULL, b'0'),
(20160159, 10, 2, -1, 5, 'Sturing App aanpassen', '2016-08-24 10:02:11', '0000-00-00 00:00:00', '', NULL, NULL, b'0'),
(20160160, 10, 3, -1, 5, 'Poolse machine folder', '2016-08-25 12:08:37', '0000-00-00 00:00:00', '', NULL, NULL, b'0'),
(20160161, 2, 2, -1, 5, 'Week 34', '2016-08-25 17:42:28', '0000-00-00 00:00:00', '', NULL, NULL, b'0'),
(20160162, 2, 2, -1, 5, 'Digitransfer Week 35', '2016-08-29 09:40:06', '0000-00-00 00:00:00', '', NULL, NULL, b'0'),
(20160163, 17, 3, -1, 5, '123 klokkijken', '2016-08-29 14:39:30', '0000-00-00 00:00:00', '', NULL, NULL, b'0'),
(20160164, 10, 3, -1, 5, 'marketing portal', '2016-08-30 14:22:02', '0000-00-00 00:00:00', '', NULL, NULL, b'0'),
(20160165, 21, 2, -1, 5, 'Punten september', '2016-08-31 17:59:57', '0000-00-00 00:00:00', '', NULL, NULL, b'0'),
(20160166, 10, 3, -1, 5, 'Correctis My Fruit Module folder', '2016-09-01 15:45:58', '0000-00-00 00:00:00', '', NULL, NULL, b'0'),
(20160167, 51, 3, -1, 5, 'Website Copray 2016', '2016-09-02 15:55:01', '0000-00-00 00:00:00', '', NULL, NULL, b'0'),
(20160168, 16, 3, -1, 5, 'Advertentie', '2016-09-05 14:21:10', '0000-00-00 00:00:00', '', NULL, NULL, b'0'),
(20160169, 51, 3, -1, 5, 'Roll-up banner', '2016-09-05 14:58:59', '0000-00-00 00:00:00', '', NULL, NULL, b'0'),
(20160170, 36, 3, -1, 5, 'aanpassingen datasheets', '2016-09-05 15:46:15', '0000-00-00 00:00:00', '', NULL, NULL, b'0'),
(20160171, 2, 2, -1, 5, 'Week 36', '2016-09-06 10:18:40', '0000-00-00 00:00:00', '', NULL, NULL, b'0'),
(20160172, 3, 3, -1, 5, 'Beheer aanpassingen', '2016-09-07 15:24:01', '0000-00-00 00:00:00', '', NULL, NULL, b'0'),
(20160173, 10, 3, -1, 5, 'My Fruit module folder vertalingen', '2016-09-09 15:40:34', '0000-00-00 00:00:00', '', NULL, NULL, b'0'),
(20160174, 50, 2, -1, 5, 'Overige werkzaamheden', '2016-09-09 18:27:13', '0000-00-00 00:00:00', '', NULL, NULL, b'0'),
(20160175, 10, 3, -1, 5, 'Service Desk', '2016-09-14 09:52:32', '0000-00-00 00:00:00', '', NULL, NULL, b'0'),
(20160176, 2, 2, -1, 5, 'Week 37', '2016-09-16 09:04:06', '0000-00-00 00:00:00', '', NULL, NULL, b'0'),
(20160177, 3, 3, -1, 5, 'Storage & Services', '2016-09-19 16:59:28', '0000-00-00 00:00:00', '', NULL, NULL, b'0'),
(20160178, 16, 3, -1, 5, 'adv 21-9-2016', '2016-09-21 10:30:16', '0000-00-00 00:00:00', '', NULL, NULL, b'0'),
(20160179, 51, 3, -1, 5, 'Adv 227x297 Copray', '2016-09-21 11:26:25', '0000-00-00 00:00:00', '', NULL, NULL, b'0'),
(20160180, 10, 3, -1, 5, 'Drukwerk 250 flyers Russisch', '2016-09-21 13:57:35', '0000-00-00 00:00:00', '', NULL, NULL, b'0'),
(20160181, 2, 2, -1, 5, 'Week 38', '2016-09-22 10:35:33', '0000-00-00 00:00:00', '', NULL, NULL, b'0'),
(20160182, 17, 3, -1, 5, 'enveloppen VTC', '2016-09-23 11:51:21', '0000-00-00 00:00:00', '', NULL, NULL, b'0'),
(20160183, 32, 3, -1, 5, 'LCT brief en envelop drukwerk', '2016-09-23 11:52:20', '0000-00-00 00:00:00', '', NULL, NULL, b'0'),
(20160184, 32, 3, -1, 5, 'OSO Pompen briefpapier drukwerk', '2016-09-23 11:52:56', '0000-00-00 00:00:00', '', NULL, NULL, b'0'),
(20160185, 10, 3, -1, 5, 'BCAT A3 presentatie boek', '2016-09-23 16:43:37', '0000-00-00 00:00:00', '', NULL, NULL, b'0'),
(20160186, 31, 3, -1, 5, 'TM vlaggen 60x40', '2016-09-23 16:44:31', '0000-00-00 00:00:00', '', NULL, NULL, b'0'),
(20160187, 52, 3, -1, 5, 'Handtekening module', '2016-09-28 10:12:47', '0000-00-00 00:00:00', '', NULL, NULL, b'0'),
(20160188, 2, 2, -1, 5, 'Week 39', '2016-09-28 12:21:54', '0000-00-00 00:00:00', '', NULL, NULL, b'0'),
(20160189, 10, 3, -1, 5, 'Service flyer', '2016-09-29 12:41:38', '0000-00-00 00:00:00', '', NULL, NULL, b'0'),
(20160190, 16, 3, -1, 5, 'huisstijl items concordia', '2016-09-29 13:01:33', '0000-00-00 00:00:00', '', NULL, NULL, b'0'),
(20160191, 16, 3, -1, 5, 'Rotra Ventre invitation', '2016-09-30 12:46:29', '0000-00-00 00:00:00', '', NULL, NULL, b'0'),
(20160192, 2, 2, -1, 5, 'Week 40', '2016-10-05 14:20:02', '0000-00-00 00:00:00', '', NULL, NULL, b'0'),
(20160193, 32, 3, -1, 5, 'tape drukwerk 36 rollen', '2016-10-05 16:41:05', '0000-00-00 00:00:00', '', NULL, NULL, b'0'),
(20160194, 10, 3, -1, 5, 'VA people project', '2016-10-05 16:41:45', '0000-00-00 00:00:00', '', NULL, NULL, b'0'),
(20160195, 10, 3, -1, 5, '5 x A3 boek 360 graden ', '2016-10-06 12:44:56', '0000-00-00 00:00:00', '', NULL, NULL, b'0'),
(20160196, 21, 3, -1, 5, 'Punten oktober', '2016-10-07 10:17:29', '0000-00-00 00:00:00', '', NULL, NULL, b'0'),
(20160197, 17, 3, -1, 5, 'Betuwetech huisstijl', '2016-10-07 12:41:00', '0000-00-00 00:00:00', '', NULL, NULL, b'0'),
(20160198, 3, 3, -1, 5, 'Kalenders 2016/2017', '2016-10-10 11:07:16', '0000-00-00 00:00:00', '', NULL, NULL, b'0'),
(20160199, 2, 2, -1, 5, 'Digitransfer Week 41', '2016-10-12 11:02:36', '0000-00-00 00:00:00', '', NULL, NULL, b'0'),
(20160200, 16, 3, -1, 5, 'paraguay folder inlay', '2016-10-12 15:03:52', '0000-00-00 00:00:00', '', NULL, NULL, b'0'),
(20160201, 51, 3, -1, 5, 'Bio & Zo concept', '2016-10-12 16:55:07', '0000-00-00 00:00:00', '', NULL, NULL, b'0'),
(20160202, 2, 2, -1, 5, 'Digitransfer Week 42', '2016-10-17 12:50:51', '0000-00-00 00:00:00', '', NULL, NULL, b'0'),
(20160203, 10, 3, -1, 5, 'CA technology group', '2016-10-17 17:03:11', '0000-00-00 00:00:00', '', NULL, NULL, b'0'),
(20160204, 50, 2, -1, 5, 'Acceptatie', '2016-10-18 14:50:08', '0000-00-00 00:00:00', '', NULL, NULL, b'0'),
(20160205, 2, 2, -1, 5, 'Digitransfer Week 43', '2016-10-25 14:40:18', '0000-00-00 00:00:00', '', NULL, NULL, b'0'),
(20160206, 53, 3, -1, 5, 'Website tantechniek fonds', '2016-10-25 16:27:16', '0000-00-00 00:00:00', '', NULL, NULL, b'0'),
(20160207, 51, 3, -1, 5, 'Boekje Dichterbij', '2016-10-25 16:30:00', '0000-00-00 00:00:00', '', NULL, NULL, b'0'),
(20160208, 20, 3, -1, 5, 'Koppeling beslist', '2016-10-26 12:13:32', '0000-00-00 00:00:00', '', NULL, NULL, b'0'),
(20160209, 42, 3, -1, 5, 'advertenties', '2016-10-26 15:35:55', '0000-00-00 00:00:00', '', NULL, NULL, b'0'),
(20160210, 10, 3, -1, 5, 'NL + RU module folder', '2016-10-28 16:24:22', '0000-00-00 00:00:00', '', NULL, NULL, b'0'),
(20160211, 2, 2, -1, 5, 'Digitransfer Week 44', '2016-10-31 12:17:52', '0000-00-00 00:00:00', '', NULL, NULL, b'0'),
(20160212, 36, 3, -1, 5, 'Kalenders 2016/2017 techned', '2016-11-01 16:19:28', '0000-00-00 00:00:00', '', NULL, NULL, b'0'),
(20160213, 10, 3, -1, 5, 'Drukwerk batch', '2016-11-01 16:21:04', '0000-00-00 00:00:00', '', NULL, NULL, b'0'),
(20160214, 54, 3, -1, 5, '500 ea5 enveloppen', '2016-11-01 16:22:35', '0000-00-00 00:00:00', '', NULL, NULL, b'0'),
(20160215, 21, 2, -1, 5, 'Dijkland maand november', '2016-11-04 13:07:43', '0000-00-00 00:00:00', '', NULL, NULL, b'0'),
(20160216, 51, 3, -1, 5, 'boekje Stevig', '2016-11-07 16:21:55', '0000-00-00 00:00:00', '', NULL, NULL, b'0'),
(20160217, 2, 2, -1, 5, 'Digitransfer Week 45', '2016-11-09 11:12:15', '0000-00-00 00:00:00', '', NULL, NULL, b'0'),
(20160218, 3, 3, -1, 5, 'visitekaartjes Storage', '2016-11-11 16:41:34', '0000-00-00 00:00:00', '', NULL, NULL, b'0'),
(20160219, 2, 2, -1, 5, 'Digitransfer Week 46', '2016-11-14 10:54:41', '0000-00-00 00:00:00', '', NULL, NULL, b'0'),
(20160220, 16, 3, -1, 5, 'advertenties 15-11-2016', '2016-11-15 10:41:28', '0000-00-00 00:00:00', '', NULL, NULL, b'0'),
(20160221, 51, 3, -1, 5, 'Wordpress fix', '2016-11-15 11:41:12', '0000-00-00 00:00:00', '', NULL, NULL, b'0'),
(20160222, 17, 3, -1, 5, '10.000 C5 enveloppen uitenbogerd', '2016-11-15 15:46:46', '0000-00-00 00:00:00', '', NULL, NULL, b'0'),
(20160223, 19, 3, -1, 5, 'EA5 enveloppen 500 stuks', '2016-11-15 15:50:46', '0000-00-00 00:00:00', '', NULL, NULL, b'0'),
(20160224, 3, 3, -1, 5, 'Wand foto op doek', '2016-11-16 16:04:08', '0000-00-00 00:00:00', '', NULL, NULL, b'0'),
(20160225, 10, 3, -1, 5, 'Bcat 2 x A4 alu plaat', '2016-11-16 16:04:54', '0000-00-00 00:00:00', '', NULL, NULL, b'0'),
(20160226, 17, 3, -1, 5, 'Mallie briefpapier', '2016-11-16 16:07:16', '0000-00-00 00:00:00', '', NULL, NULL, b'0'),
(20160227, 2, 2, -1, 5, 'Digitransfer Week 47', '2016-11-21 12:39:08', '0000-00-00 00:00:00', '', NULL, NULL, b'0'),
(20160228, 10, 3, -1, 5, 'illustratie', '2016-11-21 21:01:59', '0000-00-00 00:00:00', '', NULL, NULL, b'0'),
(20160229, 10, 3, -1, 5, 'beursdoek VA', '2016-11-22 11:03:41', '0000-00-00 00:00:00', '', NULL, NULL, b'0'),
(20160230, 55, 3, -1, 5, 'Website Oudcomb', '2016-11-22 11:10:32', '0000-00-00 00:00:00', '', NULL, NULL, b'0'),
(20160231, 3, 3, -1, 5, 'TankMatch Insight', '2016-11-22 11:13:13', '0000-00-00 00:00:00', '', NULL, NULL, b'0'),
(20160232, 23, 3, -1, 5, 'Tebodin', '2016-11-23 11:14:35', '0000-00-00 00:00:00', '', NULL, NULL, b'0'),
(20160233, 30, 3, -1, 9, '1/1 pagina stroming', '2016-11-25 11:23:04', '0000-00-00 00:00:00', '', NULL, NULL, b'0'),
(20160234, 2, 2, -1, 5, 'Digitransfer Week 48', '2016-11-29 14:00:12', '0000-00-00 00:00:00', '', NULL, NULL, b'0'),
(20160235, 17, 3, -1, 5, 'Arbo visitekaartjes', '2016-12-01 09:30:31', '0000-00-00 00:00:00', '', NULL, NULL, b'0'),
(20160236, 32, 3, -1, 5, 'C4 envelop OSO', '2016-12-01 09:31:20', '0000-00-00 00:00:00', '', NULL, NULL, b'0'),
(20160237, 10, 3, -1, 5, 'Bcat - 5 stuks A3 boeken', '2016-12-02 10:03:10', '0000-00-00 00:00:00', '', NULL, NULL, b'0'),
(20160238, 10, 3, -1, 5, '3 folders 50 stuks', '2016-12-02 10:04:13', '0000-00-00 00:00:00', '', NULL, NULL, b'0'),
(20160239, 21, 2, -1, 5, 'Dijkland maand december', '2016-12-05 13:07:29', '0000-00-00 00:00:00', '', NULL, NULL, b'0'),
(20160240, 56, 3, -1, 5, 'Share button', '2016-12-06 16:09:45', '0000-00-00 00:00:00', '', NULL, NULL, b'0'),
(20160241, 16, 3, -1, 5, 'adv 6-12-16', '2016-12-06 16:49:12', '0000-00-00 00:00:00', '', NULL, NULL, b'0'),
(20160242, 51, 3, -1, 7, 'Website visser goes', '2016-12-06 16:50:33', '0000-00-00 00:00:00', '', NULL, NULL, b'0'),
(20160243, 51, 3, -1, 5, 'Wordpress website fixe', '2016-12-06 16:51:29', '0000-00-00 00:00:00', '', NULL, NULL, b'0'),
(20160244, 10, 3, -1, 5, 'drukwerk 7-12-16', '2016-12-07 13:33:29', '0000-00-00 00:00:00', '', NULL, NULL, b'0'),
(20160245, 17, 3, -1, 5, 'vd bergh briefpapier 2500 vel', '2016-12-08 09:43:16', '0000-00-00 00:00:00', '', NULL, NULL, b'0'),
(20160246, 31, 3, -1, 5, 'visitekaartjes Norbert', '2016-12-08 14:56:36', '0000-00-00 00:00:00', '', NULL, NULL, b'0'),
(20160247, 2, 2, -1, 5, 'Digitransfer Week 49', '2016-12-08 15:49:05', '0000-00-00 00:00:00', '', NULL, NULL, b'0'),
(20160248, 43, 3, -1, 5, 'briefpapier + enveloppen', '2016-12-09 17:08:04', '0000-00-00 00:00:00', '', NULL, NULL, b'0'),
(20160249, 15, 3, -1, 5, 'Correcties op website zonder creator', '2016-12-09 17:10:15', '0000-00-00 00:00:00', '', NULL, NULL, b'0'),
(20160250, 10, 3, -1, 5, 'MyFruit folders aanpassen ', '2016-12-12 10:01:52', '0000-00-00 00:00:00', '', NULL, NULL, b'0'),
(20160251, 10, 3, -1, 5, 'MyFruit pres App in website integreren', '2016-12-13 10:58:56', '0000-00-00 00:00:00', '', NULL, NULL, b'0'),
(20160252, 10, 3, -1, 5, 'Presentatie MyFruit beeldschermen', '2016-12-13 11:27:24', '0000-00-00 00:00:00', '', NULL, NULL, b'0'),
(20160253, 24, 3, -1, 5, 'Busbestickering Crafter', '2016-12-13 11:28:49', '0000-00-00 00:00:00', '', NULL, NULL, b'0'),
(20160254, 42, 3, -1, 5, 'A27 reclame uiting', '2016-12-13 15:20:32', '0000-00-00 00:00:00', '', NULL, NULL, b'0'),
(20160255, 22, 3, -1, 5, 'A27 reclame uiting Eurosalt', '2016-12-13 15:21:08', '0000-00-00 00:00:00', '', NULL, NULL, b'0'),
(20160256, 17, 3, -1, 5, 'Briefpapier van Zuydam', '2016-12-13 15:21:50', '0000-00-00 00:00:00', '', NULL, NULL, b'0'),
(20160257, 17, 3, -1, 5, '5000 vel briefpapier Panen', '2016-12-13 15:22:38', '0000-00-00 00:00:00', '', NULL, NULL, b'0'),
(20160258, 17, 3, -1, 5, '5000 vel briefpapier Mallie', '2016-12-13 15:23:23', '0000-00-00 00:00:00', '', NULL, NULL, b'0'),
(20160259, 10, 3, -1, 5, 'Correctis My Fruit Module folder drukwerk 4 talen 175 stuks', '2016-12-13 15:38:19', '0000-00-00 00:00:00', '', NULL, NULL, b'0'),
(20160260, 10, 2, -1, 5, 'Content management', '2016-12-14 08:27:14', '0000-00-00 00:00:00', '', NULL, NULL, b'0'),
(20160261, 37, 3, -1, 5, 'Website responsive maken', '2016-12-14 13:55:38', '0000-00-00 00:00:00', '', NULL, NULL, b'0'),
(20160262, 10, 3, -1, 7, 'B-Cat nieuwe website ', '2016-12-15 11:32:19', '0000-00-00 00:00:00', '', NULL, NULL, b'0'),
(20160263, 10, 3, -1, 5, ' ship-it-fresh domein', '2016-12-15 13:17:22', '0000-00-00 00:00:00', '', NULL, NULL, b'0'),
(20160264, 24, 3, -1, 5, 'website 2 talen toevoegen', '2016-12-15 13:25:50', '0000-00-00 00:00:00', '', NULL, NULL, b'0'),
(20160265, 32, 3, -1, 5, 'Exchange mail implementatie', '2016-12-15 14:26:53', '0000-00-00 00:00:00', '', NULL, NULL, b'0'),
(20160266, 2, 2, -1, 5, 'Digitransfer Week 50', '2016-12-15 17:01:58', '0000-00-00 00:00:00', '', NULL, NULL, b'0'),
(20160267, 50, 3, -1, 4, 'Packages maken website\'s', '2016-12-20 13:11:42', '0000-00-00 00:00:00', '', NULL, NULL, b'0'),
(20160268, 31, 3, -1, 5, 'briefpapier 2016', '2016-12-21 09:22:40', '0000-00-00 00:00:00', '', NULL, NULL, b'0'),
(20160269, 36, 3, -1, 5, 'datasheet EJB update', '2016-12-21 09:24:04', '0000-00-00 00:00:00', '', NULL, NULL, b'0'),
(20160270, 14, 3, -1, 5, 'ICT assist', '2016-12-21 09:24:46', '0000-00-00 00:00:00', '', NULL, NULL, b'0'),
(20160271, 2, 2, -1, 5, 'Digitransfer Week 51', '2016-12-22 15:27:09', '0000-00-00 00:00:00', '', NULL, NULL, b'0'),
(20160272, 2, 2, -1, 5, 'Week 52', '2016-12-27 10:31:18', '0000-00-00 00:00:00', '', NULL, NULL, b'0'),
(20160273, 16, 3, -1, 2, 'Concordia Website 2017', '2017-01-02 13:56:46', '0000-00-00 00:00:00', '', NULL, NULL, b'0'),
(20160274, 2, 2, -1, 5, 'Week 1', '2017-01-03 11:22:39', '0000-00-00 00:00:00', '', NULL, NULL, b'0'),
(20160275, 21, 2, -1, 5, 'Maandpunten januari', '2017-01-03 13:24:49', '0000-00-00 00:00:00', '', NULL, NULL, b'0'),
(20160276, 44, 3, -1, 5, 'website fix', '2017-01-03 14:31:52', '0000-00-00 00:00:00', '', NULL, NULL, b'0'),
(20160277, 19, 3, -1, 5, 'foto\'s op website plaatsen', '2017-01-03 14:32:30', '0000-00-00 00:00:00', '', NULL, NULL, b'0'),
(20160278, 3, 2, -1, 5, 'Insight aanpassingen', '2017-01-04 13:38:30', '0000-00-00 00:00:00', '', NULL, NULL, b'0'),
(20160279, 10, 3, -1, 5, 'VR website beurs 2017', '2017-01-04 16:26:11', '0000-00-00 00:00:00', '', NULL, NULL, b'0'),
(20160280, 52, 2, -1, 5, 'Koppeling en importmogelijkheden', '2017-01-09 08:24:01', '0000-00-00 00:00:00', '', NULL, NULL, b'0'),
(20160281, 10, 3, -1, 5, 'website foto\'s bewerken (fruit manden)', '2017-01-09 09:58:00', '0000-00-00 00:00:00', '', NULL, NULL, b'0'),
(20160282, 16, 3, -1, 5, 'Adv A5', '2017-01-09 14:35:26', '0000-00-00 00:00:00', '', NULL, NULL, b'0'),
(20160283, 10, 3, -1, 5, 'Beelden website Van Amerongen Fruit mandjes bewerken', '2017-01-09 15:32:25', '0000-00-00 00:00:00', '', NULL, NULL, b'0'),
(20160284, 46, 3, -1, 5, 'Teksten plaasten', '2017-01-10 13:32:30', '0000-00-00 00:00:00', '', NULL, NULL, b'0'),
(20160285, 48, 3, -1, 5, 'teksten plaatsen', '2017-01-10 13:33:13', '0000-00-00 00:00:00', '', NULL, NULL, b'0'),
(20160286, 3, 3, -1, 5, 'EA5 enveloppen 2 soorten', '2017-01-10 13:42:05', '0000-00-00 00:00:00', '', NULL, NULL, b'0'),
(20160287, 3, 3, -1, 5, 'KMS handboek print', '2017-01-11 11:59:54', '0000-00-00 00:00:00', '', NULL, NULL, b'0'),
(20160288, 2, 2, -1, 5, 'Digitransfer week 2', '2017-01-11 15:09:19', '0000-00-00 00:00:00', '', NULL, NULL, b'0'),
(20160289, 10, 3, -1, 5, 'Beurs banner 3800x2400 MyFruit', '2017-01-12 10:14:39', '0000-00-00 00:00:00', '', NULL, NULL, b'0'),
(20160290, 30, 3, -1, 5, 'aanpassingen beheer', '2017-01-16 10:56:14', '0000-00-00 00:00:00', '', NULL, NULL, b'0'),
(20160291, 10, 3, -1, 5, 'VR brillen bedrukken', '2017-01-16 17:15:13', '0000-00-00 00:00:00', '', NULL, NULL, b'0'),
(20160292, 51, 3, -1, 5, 'Bio en zo presentatie folder', '2017-01-16 17:16:20', '0000-00-00 00:00:00', '', NULL, NULL, b'0'),
(20160293, 10, 3, -1, 5, 'banner VR isolatie', '2017-01-16 17:17:34', '0000-00-00 00:00:00', '', NULL, NULL, b'0'),
(20160294, 10, 3, -1, 5, 'nieuw logo My Freeze', '2017-01-16 19:47:04', '0000-00-00 00:00:00', '', NULL, NULL, b'0'),
(20160295, 2, 2, -1, 5, 'Week 3', '2017-01-17 13:50:46', '0000-00-00 00:00:00', '', NULL, NULL, b'0'),
(20160296, 17, 3, -1, 5, 'visiteaartjes Arie Prins', '2017-01-17 14:44:40', '0000-00-00 00:00:00', '', NULL, NULL, b'0'),
(20160297, 10, 3, -1, 5, 'b-cat 2 x 10 boeken A3', '2017-01-17 17:09:53', '0000-00-00 00:00:00', '', NULL, NULL, b'0'),
(20160298, 10, 3, -1, 5, 'migratie document VA corp website', '2017-01-17 20:47:25', '0000-00-00 00:00:00', '', NULL, NULL, b'0'),
(20160299, 52, 2, -1, 5, 'Reisafstanden', '2017-01-18 09:06:58', '0000-00-00 00:00:00', '', NULL, NULL, b'0'),
(20160300, 10, 3, -1, 5, '3 x 25 A3->A4 folders', '2017-01-18 16:10:57', '0000-00-00 00:00:00', '', NULL, NULL, b'0'),
(20160301, 10, 3, -1, 5, 'stockbeelden voor website VA', '2017-01-18 17:05:36', '0000-00-00 00:00:00', '', NULL, NULL, b'0'),
(20160302, 10, 3, -1, 5, 'Synergie model 2017', '2017-01-19 14:35:39', '0000-00-00 00:00:00', '', NULL, NULL, b'0'),
(20160303, 10, 3, -1, 5, 'sticker koffer', '2017-01-19 16:48:36', '0000-00-00 00:00:00', '', NULL, NULL, b'0'),
(20160304, 10, 3, -1, 5, 'Taart diagram beurs maken', '2017-01-19 16:49:25', '0000-00-00 00:00:00', '', NULL, NULL, b'0'),
(20160305, 17, 3, -1, 5, 'enveloppen Panen', '2017-01-19 16:52:05', '0000-00-00 00:00:00', '', NULL, NULL, b'0'),
(20160306, 10, 3, -1, 5, 'VR beeldscherm beeld', '2017-01-19 19:20:09', '0000-00-00 00:00:00', '', NULL, NULL, b'0'),
(20160307, 20, 3, -1, 5, 'Cylindershop', '2017-01-20 15:08:11', '0000-00-00 00:00:00', '', NULL, NULL, b'0'),
(20160308, 20, 3, -1, 5, 'Kluizen copy site', '2017-01-20 15:12:32', '0000-00-00 00:00:00', '', NULL, NULL, b'0'),
(20160309, 3, 2, -1, 5, 'Insight aanpassingen', '2017-01-20 15:37:09', '0000-00-00 00:00:00', '', NULL, NULL, b'0'),
(20160310, 10, 3, -1, 5, 'Beurs folders', '2017-01-20 15:39:51', '0000-00-00 00:00:00', '', NULL, NULL, b'0'),
(20160311, 10, 3, -1, 5, 'Correcties MyFruit module NL', '2017-01-23 13:55:52', '0000-00-00 00:00:00', '', NULL, NULL, b'0'),
(20160312, 3, 2, -1, 5, 'Insight aanpassingen week 4', '2017-01-23 15:27:39', '0000-00-00 00:00:00', '', NULL, NULL, b'0'),
(20160313, 10, 3, -1, 5, '30prints synergie A3', '2017-01-23 16:38:04', '0000-00-00 00:00:00', '', NULL, NULL, b'0'),
(20160314, 10, 3, -1, 5, '4 stickers 60x50 cm', '2017-01-25 15:18:36', '0000-00-00 00:00:00', '', NULL, NULL, b'0'),
(20160315, 2, 2, -1, 5, 'Digitransfer week 4', '2017-01-26 10:40:29', '0000-00-00 00:00:00', '', NULL, NULL, b'0'),
(20160316, 30, 3, -1, 5, 'adv mrt 2017', '2017-01-26 11:17:03', '0000-00-00 00:00:00', '', NULL, NULL, b'0'),
(20160317, 51, 3, -1, 5, 'adv Bio en Zo', '2017-01-31 09:24:03', '0000-00-00 00:00:00', '', NULL, NULL, b'0'),
(20160318, 46, 3, -1, 5, 'pagina toevoegen met formulier', '2017-01-31 13:36:06', '0000-00-00 00:00:00', '', NULL, NULL, b'0'),
(20160319, 2, 2, -1, 5, 'Week 5', '2017-02-01 09:11:36', '0000-00-00 00:00:00', '', NULL, NULL, b'0'),
(20160320, 21, 2, -1, 5, 'Dijkland maand februari', '2017-02-01 09:13:15', '0000-00-00 00:00:00', '', NULL, NULL, b'0'),
(20160321, 10, 3, -1, 5, 'Media pagina maken', '2017-02-01 11:59:45', '0000-00-00 00:00:00', '', NULL, NULL, b'0'),
(20160322, 48, 3, -1, 5, 'datasheets maken', '2017-02-01 15:00:15', '0000-00-00 00:00:00', '', NULL, NULL, b'0'),
(20160323, 10, 3, -1, 5, 'doming stickers', '2017-02-01 15:03:28', '0000-00-00 00:00:00', '', NULL, NULL, b'0'),
(20160324, 46, 3, -1, 5, 'Flyer Fotein', '2017-02-03 16:59:39', '0000-00-00 00:00:00', '', NULL, NULL, b'0'),
(20160325, 38, 3, -1, 5, 'vQm folder voor beurs Food ', '2017-02-03 17:02:02', '0000-00-00 00:00:00', '', NULL, NULL, b'0'),
(20160326, 51, 3, -1, 5, 'visitekaartjes aanpassen', '2017-02-03 17:02:47', '0000-00-00 00:00:00', '', NULL, NULL, b'0'),
(20160327, 57, 3, -1, 5, 'Alu plaat 140x100 cm', '2017-02-07 11:35:22', '0000-00-00 00:00:00', '', NULL, NULL, b'0'),
(20160328, 17, 3, -1, 5, 'hj ten ham  briefpapier', '2017-02-07 13:22:14', '0000-00-00 00:00:00', '', NULL, NULL, b'0'),
(20160329, 10, 3, -1, 5, 'webhosting VA corp', '2017-02-07 14:58:30', '0000-00-00 00:00:00', '', NULL, NULL, b'0'),
(20160330, 58, 3, -1, 5, 'Flyer Interovo', '2017-02-09 15:30:03', '0000-00-00 00:00:00', '', NULL, NULL, b'0'),
(20160331, 3, 3, -1, 5, 'tafelvlaggetjes', '2017-02-09 15:31:58', '0000-00-00 00:00:00', '', NULL, NULL, b'0'),
(20160332, 3, 2, -1, 5, 'Tankmatch insights aanpassingen week 6', '2017-02-10 13:57:30', '0000-00-00 00:00:00', '', NULL, NULL, b'0'),
(20160333, 2, 2, -1, 5, 'Week 6', '2017-02-10 13:58:52', '0000-00-00 00:00:00', '', NULL, NULL, b'0'),
(20160334, 3, 3, -1, 5, 'briefpapier TM RAIL 5000 vel', '2017-02-10 16:30:54', '0000-00-00 00:00:00', '', NULL, NULL, b'0'),
(20160335, 24, 3, -1, 5, '100 duitse 3-luik folders', '2017-02-13 14:43:27', '0000-00-00 00:00:00', '', NULL, NULL, b'0'),
(20160336, 10, 3, -1, 5, '10 x bcat boek', '2017-02-13 14:44:06', '0000-00-00 00:00:00', '', NULL, NULL, b'0'),
(20160337, 15, 2, -1, 5, 'Laatste aanapssingen en livegang', '2017-02-14 10:24:07', '0000-00-00 00:00:00', '', NULL, NULL, b'0'),
(20160338, 59, 3, -1, 5, 'Creatief voorstel', '2017-02-15 13:20:44', '0000-00-00 00:00:00', '', NULL, NULL, b'0'),
(20160339, 60, 3, -1, 5, 'Inseminatie APP', '2017-02-15 13:22:36', '0000-00-00 00:00:00', '', NULL, NULL, b'0'),
(20160340, 2, 3, -1, 5, 'Week 7', '2017-02-15 13:26:10', '0000-00-00 00:00:00', '', NULL, NULL, b'0'),
(20160341, 22, 3, -1, 5, '3 soorten datasheets', '2017-02-15 15:27:45', '0000-00-00 00:00:00', '', NULL, NULL, b'0'),
(20160342, 3, 2, -1, 5, 'Tankmatch insights aanpassingen week 8', '2017-02-21 09:09:36', '0000-00-00 00:00:00', '', NULL, NULL, b'0'),
(20160343, 10, 3, -1, 5, '200 Rus Flyers', '2017-02-21 14:01:32', '0000-00-00 00:00:00', '', NULL, NULL, b'0'),
(20160344, 17, 3, -1, 5, '2500 vel briefpapier Mallie', '2017-02-21 14:02:16', '0000-00-00 00:00:00', '', NULL, NULL, b'0'),
(20160345, 38, 3, -1, 5, 'afval film', '2017-02-22 17:16:59', '0000-00-00 00:00:00', '', NULL, NULL, b'0'),
(20160346, 2, 2, -1, 5, 'Digitransfer Week 8', '2017-02-22 21:33:37', '0000-00-00 00:00:00', '', NULL, NULL, b'0'),
(20160347, 48, 3, -1, 5, '2 stockbeelden', '2017-02-27 16:10:50', '0000-00-00 00:00:00', '', NULL, NULL, b'0'),
(20160348, 2, 2, -1, 5, 'Week 9', '2017-02-28 13:31:01', '0000-00-00 00:00:00', '', NULL, NULL, b'0'),
(20160349, 59, 3, -1, 5, 'Werkzaamheden week 9', '2017-02-28 13:56:03', '0000-00-00 00:00:00', '', NULL, NULL, b'0'),
(20160350, 43, 3, -1, 5, 'Exchange server', '2017-02-28 14:04:42', '0000-00-00 00:00:00', '', NULL, NULL, b'0'),
(20160351, 10, 3, -1, 5, 'FFT banner polen', '2017-02-28 14:50:37', '0000-00-00 00:00:00', '', NULL, NULL, b'0'),
(20160352, 59, 3, -1, 5, 'VPS server + hhtps multi vendor', '2017-02-28 15:25:17', '0000-00-00 00:00:00', '', NULL, NULL, b'0'),
(20160353, 32, 3, -1, 5, 'Youtube filmpje in project zetten', '2017-02-28 15:40:51', '0000-00-00 00:00:00', '', NULL, NULL, b'0'),
(20160354, 10, 3, -1, 5, 'LAB container', '2017-03-01 10:30:46', '0000-00-00 00:00:00', '', NULL, NULL, b'0'),
(20160355, 48, 3, -1, 5, 'nieuwe foto\'s + datasheets aanpassen', '2017-03-01 11:22:22', '0000-00-00 00:00:00', '', NULL, NULL, b'0'),
(20160356, 3, 3, -1, 5, 'polo\'s bedrukken', '2017-03-02 16:39:45', '0000-00-00 00:00:00', '', NULL, NULL, b'0'),
(20160357, 21, 2, -1, 5, 'Dijkland maand maart', '2017-03-03 11:53:16', '0000-00-00 00:00:00', '', NULL, NULL, b'0'),
(20160358, 39, 2, -1, 5, 'Nieuwe James', '2017-03-03 11:55:31', '0000-00-00 00:00:00', '', NULL, NULL, b'0'),
(20160359, 22, 3, -1, 5, '500 omslagmappen', '2017-03-06 10:47:23', '0000-00-00 00:00:00', '', NULL, NULL, b'0'),
(20160360, 59, 2, -1, 5, 'Week 10', '2017-03-06 10:54:03', '0000-00-00 00:00:00', '', NULL, NULL, b'0'),
(20160361, 10, 3, -1, 5, 'vertaling offer request', '2017-03-06 13:43:39', '0000-00-00 00:00:00', '', NULL, NULL, b'0'),
(20160362, 10, 3, -1, 5, 'VA website SEO verbeteren', '2017-03-06 15:07:14', '0000-00-00 00:00:00', '', NULL, NULL, b'0'),
(20160363, 3, 2, -1, 5, 'Week 10', '2017-03-07 11:30:55', '0000-00-00 00:00:00', '', NULL, NULL, b'0'),
(20160364, 2, 2, -1, 5, 'Week 10', '2017-03-07 15:46:00', '0000-00-00 00:00:00', '', NULL, NULL, b'0'),
(20160365, 37, 3, -1, 5, 'Lingeplaza items', '2017-03-09 08:35:14', '0000-00-00 00:00:00', '', NULL, NULL, b'0'),
(20160366, 55, 3, -1, 5, 'Drone film', '2017-03-10 16:06:49', '0000-00-00 00:00:00', '', NULL, NULL, b'0'),
(20160367, 51, 3, -1, 5, 'brochure visser goes', '2017-03-10 16:08:21', '0000-00-00 00:00:00', '', NULL, NULL, b'0'),
(20160368, 51, 3, -1, 5, 'beurswand visser goes', '2017-03-10 16:09:01', '0000-00-00 00:00:00', '', NULL, NULL, b'0'),
(20160369, 51, 3, -1, 5, 'Adv Visser Goes', '2017-03-10 16:32:10', '0000-00-00 00:00:00', '', NULL, NULL, b'0'),
(20160370, 58, 3, -1, 5, 'Pitch verpakking', '2017-03-10 16:33:00', '0000-00-00 00:00:00', '', NULL, NULL, b'0'),
(20160371, 2, 2, -1, 5, 'Digitransfer week 11', '2017-03-13 11:05:50', '0000-00-00 00:00:00', '', NULL, NULL, b'0'),
(20160372, 10, 3, -1, 5, '2 x 100 module folders', '2017-03-14 11:56:28', '0000-00-00 00:00:00', '', NULL, NULL, b'0'),
(20160373, 38, 3, -1, 5, 'campagne fotografie', '2017-03-14 12:08:07', '0000-00-00 00:00:00', '', NULL, NULL, b'0'),
(20160374, 3, 2, -1, 5, 'Insights week 11', '2017-03-14 12:54:00', '0000-00-00 00:00:00', '', NULL, NULL, b'0'),
(20160375, 32, 3, -1, 5, 'i4 design visitekaartjes', '2017-03-14 14:30:32', '0000-00-00 00:00:00', '', NULL, NULL, b'0'),
(20160376, 59, 2, -1, 5, 'week 11', '2017-03-14 14:35:14', '0000-00-00 00:00:00', '', NULL, NULL, b'0'),
(20160377, 38, 3, -1, 5, 'presentatie schermen sectoren', '2017-03-20 12:39:08', '0000-00-00 00:00:00', '', NULL, NULL, b'0'),
(20160378, 38, 3, -1, 5, 'scherm presentatie interpack', '2017-03-20 12:40:31', '0000-00-00 00:00:00', '', NULL, NULL, b'0'),
(20160379, 10, 3, -1, 2, '10 x A3 boek VA 360 graden', '2017-03-20 12:41:45', '0000-00-00 00:00:00', '', NULL, NULL, b'0'),
(20160380, 10, 3, -1, 9, '10 x A3 boek VA 360 graden', '2017-03-20 12:42:18', '0000-00-00 00:00:00', '', NULL, NULL, b'0'),
(20160381, 17, 3, -1, 5, 'zorghuis iconen + poster', '2017-03-20 12:55:27', '0000-00-00 00:00:00', '', NULL, NULL, b'0'),
(20160382, 17, 3, -1, 3, '123 webApp aanpassen en live zetten', '2017-03-20 13:05:30', '0000-00-00 00:00:00', '', NULL, NULL, b'0'),
(20160383, 20, 3, -1, 2, 'Kluizen site NEW', '2017-03-20 14:33:22', '0000-00-00 00:00:00', '', NULL, NULL, b'0'),
(20160384, 2, 2, -1, 5, 'Digitransfer week 12', '2017-03-20 15:07:30', '0000-00-00 00:00:00', '', NULL, NULL, b'0'),
(20160385, 51, 2, -1, 5, 'Visser goes', '2017-03-21 11:21:56', '0000-00-00 00:00:00', '', NULL, NULL, b'0'),
(20160386, 22, 3, -1, 5, 'digi bord wateronthardingszout', '2017-03-23 14:50:58', '0000-00-00 00:00:00', '', NULL, NULL, b'0'),
(20160387, 46, 3, -1, 5, 'www adressen', '2017-03-23 15:53:48', '0000-00-00 00:00:00', '', NULL, NULL, b'0'),
(20160388, 59, 2, -1, 5, 'week 13', '2017-03-27 09:24:44', '0000-00-00 00:00:00', '', NULL, NULL, b'0'),
(20160389, 35, 3, -1, 5, 'haringparty 2017', '2017-03-28 14:15:45', '0000-00-00 00:00:00', '', NULL, NULL, b'0'),
(20160390, 46, 3, -1, 2, 'Container concept', '2017-03-28 14:16:42', '0000-00-00 00:00:00', '', NULL, NULL, b'0'),
(20160391, 48, 3, -1, 7, 'website update', '2017-03-28 14:18:38', '0000-00-00 00:00:00', '', NULL, NULL, b'0'),
(20160392, 2, 2, -1, 5, 'week 13', '2017-03-29 10:57:40', '0000-00-00 00:00:00', '', NULL, NULL, b'0'),
(20160393, 10, 3, -1, 5, 'Kast design', '2017-03-29 13:00:27', '0000-00-00 00:00:00', '', NULL, NULL, b'0'),
(20160394, 16, 3, -1, 5, 'Adv A4', '2017-03-30 13:45:29', '0000-00-00 00:00:00', '', NULL, NULL, b'0'),
(20160395, 58, 3, -1, 4, 'Pannekoekie', '2017-03-31 11:28:53', '0000-00-00 00:00:00', '', NULL, NULL, b'0'),
(20160396, 38, 3, -1, 5, 'fouw folder', '2017-03-31 11:34:33', '0000-00-00 00:00:00', '', NULL, NULL, b'0'),
(20160397, 38, 3, -1, 5, 'Algmene vouw folder', '2017-04-03 10:40:09', '0000-00-00 00:00:00', '', NULL, NULL, b'0'),
(20160398, 38, 3, -1, 5, 'Specsheet', '2017-04-03 11:43:51', '0000-00-00 00:00:00', '', NULL, NULL, b'0'),
(20160399, 24, 3, -1, 5, 'logo en redirect', '2017-04-03 15:16:26', '0000-00-00 00:00:00', '', NULL, NULL, b'0'),
(20160400, 2, 2, -1, 5, 'week 14', '2017-04-04 10:36:24', '0000-00-00 00:00:00', '', NULL, NULL, b'0'),
(20160401, 38, 3, -1, 5, 'word template', '2017-04-05 10:07:14', '0000-00-00 00:00:00', '', NULL, NULL, b'0'),
(20160402, 10, 3, -1, 5, 'Synergy bord ', '2017-04-05 10:55:05', '0000-00-00 00:00:00', '', NULL, NULL, b'0'),
(20160403, 17, 3, -1, 5, 'vistekaartjes kerk 2017', '2017-04-05 13:32:39', '0000-00-00 00:00:00', '', NULL, NULL, b'0'),
(20160404, 15, 3, -1, 4, 'Creator NEW', '2017-04-05 16:24:18', '0000-00-00 00:00:00', '', NULL, NULL, b'0'),
(20160405, 3, 3, -1, 3, 'Safety module insights', '2017-04-05 16:27:36', '0000-00-00 00:00:00', '', NULL, NULL, b'0'),
(20160406, 21, 2, -1, 5, 'Dijkland maand april', '2017-04-10 12:11:40', '0000-00-00 00:00:00', '', NULL, NULL, b'0'),
(20160407, 28, 3, -1, 5, 'visitekaartjes + vlaggen', '2017-04-10 14:56:18', '0000-00-00 00:00:00', '', NULL, NULL, b'0'),
(20160408, 61, 3, -1, 3, 'logo ontwerp', '2017-04-10 14:57:19', '0000-00-00 00:00:00', '', NULL, NULL, b'0'),
(20160409, 59, 2, -1, 5, 'Week 15', '2017-04-10 17:12:45', '0000-00-00 00:00:00', '', NULL, NULL, b'0'),
(20160410, 10, 3, -1, 4, 'sticker fotein en VRisolatie', '2017-04-12 09:17:51', '0000-00-00 00:00:00', '', NULL, NULL, b'0'),
(20160411, 2, 3, -1, 5, 'Week 15', '2017-04-12 11:10:04', '0000-00-00 00:00:00', '', NULL, NULL, b'0'),
(20160412, 24, 3, -1, 5, 'stickers op rol', '2017-04-13 13:17:13', '0000-00-00 00:00:00', '', NULL, NULL, b'0'),
(20160413, 38, 3, -1, 6, '360 foto machine', '2017-04-13 14:22:24', '0000-00-00 00:00:00', '', NULL, NULL, b'0'),
(20160414, 17, 3, -1, 5, 'Panen 300 vel vervolg papier', '2017-04-14 11:40:05', '0000-00-00 00:00:00', '', NULL, NULL, b'0'),
(20160415, 38, 3, -1, 5, 'machine Doming stickers', '2017-04-14 13:13:00', '0000-00-00 00:00:00', '', NULL, NULL, b'0'),
(20160416, 10, 3, -1, 5, 'b-cat A3 project boeken 10 x', '2017-04-18 09:48:07', '0000-00-00 00:00:00', '', NULL, NULL, b'0'),
(20160417, 2, 2, -1, 5, 'Week 16', '2017-04-20 10:22:29', '0000-00-00 00:00:00', '', NULL, NULL, b'0'),
(20160418, 16, 2, -1, 5, 'Concordia group', '2017-04-20 10:54:21', '0000-00-00 00:00:00', '', NULL, NULL, b'0'),
(20160419, 56, 2, -1, 5, 'Funda XML', '2017-04-24 10:00:32', '0000-00-00 00:00:00', '', NULL, NULL, b'0'),
(20160420, 17, 3, -1, 5, 'briefpapier colvenier', '2017-04-24 11:12:55', '0000-00-00 00:00:00', '', NULL, NULL, b'0'),
(20160421, 3, 2, -1, 5, 'Kleine aanpassingen', '2017-04-26 08:49:46', '2017-04-26 08:49:46', '', NULL, NULL, b'0'),
(20160422, 59, 2, -1, 5, 'Musthave, productfeed aanpassen', '2017-04-26 16:39:37', '2017-04-26 16:39:37', '', NULL, NULL, b'0'),
(20160423, 41, 3, -1, 5, 'visitekaartje Kurt Su', '2017-05-01 11:11:19', '2017-05-01 11:11:19', '', NULL, NULL, b'0'),
(20160424, 38, 3, -1, 5, '50 A4 folder + 100 A4 datasheets', '2017-05-01 14:21:56', '2017-05-01 14:21:56', '', NULL, NULL, b'0'),
(20160425, 16, 3, -1, 5, 'Adv 180x132 Nautic Twin', '2017-05-01 14:24:17', '2017-05-01 14:24:17', '', NULL, NULL, b'0'),
(20160426, 46, 3, -1, 5, 'Logo Cool', '2017-05-01 14:25:18', '2017-05-01 14:25:18', '', NULL, NULL, b'0'),
(20160427, 2, 2, -1, 5, 'Week 18', '2017-05-01 16:17:55', '2017-05-01 16:17:55', '', NULL, NULL, b'0'),
(20160428, 21, 2, -1, 2, 'Aanpassingen maand mei', '2017-05-02 10:01:52', '2017-05-02 10:01:52', '', NULL, NULL, b'0'),
(20160429, 16, 3, -1, 5, 'Banners', '2017-05-02 22:45:37', '2017-05-02 22:45:37', '', NULL, NULL, b'0'),
(20160430, 10, 3, -1, 5, 'bcat illustrator file maken van psd', '2017-05-02 22:46:58', '2017-05-02 22:46:58', '', NULL, NULL, b'0'),
(20160431, 16, 3, -1, 5, 'folder aanpassen', '2017-05-04 14:36:14', '2017-05-04 14:36:14', '', NULL, NULL, b'0'),
(20160432, 38, 3, -1, 5, 'extra folders en datsheets', '2017-05-04 14:39:54', '2017-05-04 14:39:54', '', NULL, NULL, b'0'),
(20160433, 10, 3, -1, 6, 'machine Doming stickers', '2017-05-08 10:44:26', '2017-05-08 10:44:26', '', NULL, NULL, b'0'),
(20160434, 2, 1, -1, 6, 'Punten week 56', '2017-05-08 15:15:11', '2017-05-08 15:15:11', NULL, '59106f5fd8c99b8264b4fc71', '59106f5fd8c99b8264b4fc72', b'0'),
(20160435, 30, 1, -1, 2, 'Websysteem', '2017-05-08 17:08:35', '2017-05-08 17:08:35', NULL, '591089f3f0dd8ebc53f25a64', '591089f3f0dd8ebc53f25a65', b'0'),
(20160436, 41, 3, -1, 2, 'prezi', '2017-05-12 16:45:28', '2017-05-12 16:45:28', NULL, '5915ca89eb5e58627c817a01', '5915ca89eb5e58627c817a02', b'0'),
(20160437, 38, 1, -1, 1, 'asdf', '2017-05-15 15:33:31', '2017-05-15 15:33:31', NULL, '5919ae2b70ad870614c8837e', '5919ae2b70ad870614c8837f', b'0'),
(20160438, 1, 1, -1, 1, 'Testee', '2017-05-15 15:41:25', '2017-05-15 15:41:25', NULL, '5919b00561e5859762ad1bd8', '5919b00561e5859762ad1bd9', b'0'),
(20160439, 1, 1, -1, 1, 'Testeeasdf', '2017-05-15 15:41:34', '2017-05-15 15:41:34', NULL, '5919b00e7e72e55241b5464a', '5919b00e7e72e55241b5464b', b'0'),
(20160440, 1, 1, -1, 1, 'dsf asdfasd sdafasd ', '2017-05-15 15:41:48', '2017-05-15 15:41:48', NULL, '5919b01c54a4b3a2d15cff29', '5919b01c54a4b3a2d15cff2a', b'0'),
(20160441, 2, 1, -1, 1, 'Uber nieuwe goede website', '2017-05-15 15:48:25', '2017-05-15 15:48:25', NULL, '5919b1a905031da286fc7030', '5919b1a905031da286fc7031', b'1'),
(20160442, 18, 1, -1, 1, 'Test project 123', '2017-05-15 15:50:50', '2017-05-15 15:50:50', NULL, '5919b23a6878c5f95ad3224c', '5919b23a6878c5f95ad3224d', b'1'),
(20160443, 44, 1, -1, 1, 'Dit is een test met checklist', '2017-05-15 16:08:49', '2017-05-15 16:08:49', NULL, '5919b6715e8f344af69e0fac', '5919b6715e8f344af69e0fad', b'1'),
(20160444, 53, 1, -1, 1, 'L0z3r', '2017-05-15 16:32:30', '2017-05-15 16:32:30', NULL, '5919bbfe0b18b1c23f866344', '5919bbfe0b18b1c23f866345', b'1'),
(20160445, 1, 1, -1, 1, 'Dit is een projectnaam', '2017-05-22 08:54:29', '2017-05-22 08:54:29', NULL, '59228b272521c6b2d9b94452', '59228b272521c6b2d9b94453', b'1'),
(20160446, 17, 1, -1, 1, 'Toren bouwen', '2017-05-22 13:52:47', '2017-05-22 13:52:47', NULL, '5922d11038e14691b9749917', '5922d11038e14691b9749918', b'1');
INSERT INTO `projects` (`id`, `contact_id`, `user_id`, `offer_id`, `status_id`, `name`, `date_created`, `deadline`, `notification`, `trello_id`, `trello_first_list`, `init`) VALUES
(20160447, 57, 1, -1, 1, 'Containers testen', '2017-05-22 14:13:58', '2017-05-22 14:13:58', NULL, '5922d6072a33e794b1c72683', '5922d6072a33e794b1c72684', b'1'),
(20160448, 37, 1, -1, 1, 'MoFo', '2017-05-22 14:18:05', '2017-05-22 14:18:05', NULL, '5922d6fda142c7f7285367f2', '5922d6fda142c7f7285367f3', b'1'),
(20160449, 44, 1, -1, 1, 'Teast', '2017-05-22 14:25:32', '2017-05-22 14:25:32', NULL, '5922d8bc556bb28df8f9630d', '5922d8bc556bb28df8f9630e', b'1'),
(20160450, 12, 1, -1, 1, 'Project zonder trello', '2017-07-03 14:43:11', '2017-07-03 14:43:11', NULL, NULL, NULL, b'1'),
(20160451, 1, 1, -1, 1, 'Project met trello', '2017-07-03 14:43:44', '2017-07-03 14:43:44', NULL, '595a3c0093794cd16efb92ad', '595a3c0093794cd16efb92ae', b'0'),
(20160452, 29, 1, -1, 1, 'Vastgoed website', '2017-07-03 14:51:47', '2017-07-03 14:51:47', NULL, '595a3de333d693fd0c30a04e', '595a3de333d693fd0c30a04f', b'0'),
(20160453, 47, 1, -1, 1, 'Hakkert website', '2017-07-03 14:53:17', '2017-07-03 14:53:17', NULL, '595a3e3d54ef39025767e435', '595a3e3d54ef39025767e436', b'0');

-- --------------------------------------------------------

--
-- Tabelstructuur voor tabel `project_lines`
--

CREATE TABLE `project_lines` (
  `id` int(11) NOT NULL,
  `name` varchar(255) NOT NULL,
  `category` varchar(255) DEFAULT NULL,
  `estimation` int(5) NOT NULL,
  `division_id` int(2) NOT NULL,
  `employee_id` int(2) NOT NULL,
  `description` text NOT NULL,
  `internal_description` text NOT NULL,
  `project_id` int(11) NOT NULL,
  `category_id` int(9) NOT NULL DEFAULT '0',
  `done` int(11) NOT NULL DEFAULT '0',
  `done_by` int(5) NOT NULL DEFAULT '0',
  `trello_id` varchar(50) DEFAULT NULL
) ENGINE=InnoDB DEFAULT CHARSET=latin1;

--
-- Gegevens worden geëxporteerd voor tabel `project_lines`
--

INSERT INTO `project_lines` (`id`, `name`, `category`, `estimation`, `division_id`, `employee_id`, `description`, `internal_description`, `project_id`, `category_id`, `done`, `done_by`, `trello_id`) VALUES
(61, 'Opencart menustructuur', '', 0, 0, 0, '', '', 16, 0, 0, 0, NULL),
(62, 'Opencart structuur export huidig systeem', '', 480, 2, 2, 'Opencart structuur export huidig systeem', '15-2 - 120 min : Beheer ombouwen\n15-2 - 60 min:  Beheer instellen', 16, 47, 1, 2, NULL),
(63, 'Homepage', '', 420, 1, 3, 'Homepage SEO technisch ontwerpen', 'menu', 17, 48, 1, 3, NULL),
(64, 'Product catalogus', '', 420, 1, 3, 'Product overzicht, product detail en filters', 'product detail pagina en zoek functie home', 17, 48, 1, 3, NULL),
(65, 'Check-out', '', 180, 1, 3, 'Winkelmandje zoals Digitransfer, Bedankt voor uw bestelling met vraag of je een account wilt aanmaken.', '', 17, 48, 1, 3, NULL),
(66, '1e schets', '', 780, 1, 3, 'Eerste schets ontwerp maken', 'Eerder gemaakt', 18, 49, 1, 3, NULL),
(67, 'Schets uitwerken tot def vorm', '', 360, 1, 3, 'Schets uitwerken tot definitieve vorm', 'Eerder gemaakt', 18, 49, 1, 3, NULL),
(68, 'Creator opzetten', '', 360, 1, 3, '', 'Eerder gerealiseerd', 18, 50, 1, 3, NULL),
(69, 'Informatie pagina\'s', '', 300, 1, 3, 'Tekstpagina, FAQ, Contact pagina, klantenservice', 'Over ons', 17, 48, 1, 3, NULL),
(70, 'Creator uitwerken', '', 660, 1, 3, 'Creator uitwerken', 'Eerder gerealiseerd', 18, 50, 1, 3, NULL),
(71, 'Visitekaartjes tekstpagina', '', 120, 1, 3, 'Visitekaartjes tekstpagina', 'Eerder gemaakt', 18, 51, 1, 3, NULL),
(72, 'Migratie document', '', 420, 0, 0, '', '', 17, 53, 0, 0, NULL),
(73, 'Homepagina', '', 240, 2, 1, 'Homepagina maken op basis van ontwerp', '', 18, 54, 1, 1, NULL),
(74, 'Producten overzicht', '', 150, 2, 1, 'Producten overzicht pagina maken conform ontwerp', '', 18, 54, 1, 1, NULL),
(75, 'SEO Migratie', '', 420, 3, 4, 'SEO Migratie', '', 17, 0, 0, 0, NULL),
(76, 'SEO migratie', '', 420, 0, 0, '', '', 17, 53, 0, 0, NULL),
(77, 'SEO Migratie', '', 420, 3, 4, 'Migratie document samenstellen', '', 17, 52, 0, 0, NULL),
(78, 'Product detail', '', 240, 2, 1, 'Product detail maken op basis van ontwerp', '', 18, 54, 1, 1, NULL),
(79, 'Punten week 7', '', 480, 2, 2, 'Punten week 7', 'Punten week 7\n\nJW: Dick belde nog (15-2); Hij heeft weinig orders binnen gekregen.\nDT: 15-2 - 1 uur : digi mobiel aanpassen productselectie , nakijken orders\nDT: 15-2 - 1 uur: aanpassen opzetbestand Digitransfer\nDT: 18-2 - 1 uur: aanpassingen Danny / label Belgie geen ordernummer\nDT: 19-2 - 1 uur Aanpassingen Romy mail', 19, 55, 1, 2, NULL),
(80, 'Creator basis', '', 360, 2, 1, 'Basis van de creator opzetten.', 'Dit gedeelte hoeft niet responsive te worden.', 18, 56, 1, 1, NULL),
(81, 'Tab formaat', '', 150, 2, 1, 'Creator formaat maken op basis van ontwerp', '', 18, 56, 1, 1, NULL),
(82, 'Homepage bouwen', '', 420, 2, 1, '', '', 17, 58, 0, 0, NULL),
(83, 'Tab aantal', '', 240, 2, 1, 'Tab formaat maken met speciale layout voor nummeriek veld', '', 18, 56, 1, 1, NULL),
(84, 'Tab opties - Envelop', '', 180, 2, 1, 'Tab envelop maken in opties', '', 18, 56, 1, 1, NULL),
(85, 'Tab opties - Papier', '', 90, 2, 1, 'Tab papier maken', '', 18, 56, 1, 1, NULL),
(86, 'Tab opties - Kleur op snede', '', 150, 2, 1, 'Tab kleur op snede maken', '', 18, 56, 1, 1, NULL),
(87, 'Tab Illustratie', '', 180, 2, 1, 'Tab illustratie maken', 'JW: DIt zat een beetje tegen met veel uitzoek werk over het eenvoudig van kleur veranderen van een SVG bestand  ', 18, 56, 1, 1, NULL),
(88, 'Tab Tekst', '', 210, 2, 1, 'Tab tekst maken ', '', 18, 56, 1, 1, NULL),
(89, 'Tab totaal kleur aanpassen', '', 120, 2, 1, 'Tab totaal kleur aanpassen maken', '', 18, 56, 1, 1, NULL),
(90, 'Product catalogus bouwen', '', 840, 2, 1, 'product overzicht maken, let op dat de afbeelding inladen als je naar beneden scrolled (zo\'n infade). Product detail pagina met ook een foto slider', '', 17, 58, 0, 0, NULL),
(91, 'Tekstpagina', '', 120, 2, 1, 'Tekst pagina maken', '', 18, 54, 1, 1, NULL),
(92, 'Check-out bouwen', '', 180, 2, 1, 'Check-out maken, lijkt heel veel op digitransfer dus ff kijken of je misschien iets kunt kopieren', '', 17, 58, 0, 0, NULL),
(93, 'Check-out - kassa koppelen', '', 60, 2, 2, 'Alles secuur nalopen alvorens alles wordt overgezet', '21-6-2016', 17, 59, 1, 2, NULL),
(94, 'Informatie pagina\'s bouwen', '', 840, 2, 1, '', '', 17, 58, 0, 0, NULL),
(95, 'Producten migreren', '', 180, 2, 2, 'Poducten naar nieuwe omgeving migreren.\r\nCheck ff goed hoe het er uit ziet met de product foto\'s', '20:6: Producten migreren 2\n21-6: Producten migreren 1', 17, 59, 1, 2, NULL),
(96, 'CMS inrichten ', '', 420, 2, 2, '- CMS inrichten\r\n- Offerte module\r\nLet op houdt het qua inrichting zo kort moglijk bij het oude CMS want dat snapt hij', 'Url reswrites', 17, 60, 0, 0, NULL),
(97, 'SEO punten', '', 60, 2, 1, '- Analytics overzetten\r\n- Check alle SEO punten van Danny goed, staan op server\r\n- Overleggen met Danny wat er evt. nog moet worden ingesteld en wanneer', '', 17, 60, 0, 0, NULL),
(98, '1e testfase', '', 180, 2, 7, '- Doortesten van systeem tot check-out \r\n- UX punten mag je benoemen mocht je iets tegenkomen', '', 17, 61, 0, 0, NULL),
(99, '2e testfase', '', 60, 1, 3, '- Aan de hand van de 1e testfase een check doen op punten\r\n- Grafisch alles nalopen', '', 17, 62, 0, 0, NULL),
(100, '3e testfase', '', 120, 3, 4, 'Final test', '', 17, 63, 0, 0, NULL),
(101, 'Klant CMS introductie', '', 60, 2, 1, 'Klant wegwijs maken in het nieuwe CMS', 'Klant weet er niet veel van dus zo simpel mogelijk houden', 17, 60, 0, 0, NULL),
(102, 'CMS user voor klant aanmaken en doorsturen', '', 10, 2, 2, 'User account voor John en Danny aanmaken en aan ze door mailen', '', 17, 60, 0, 0, NULL),
(103, 'Design overleg', '', 30, 1, 3, 'Design met Danny overleggen', '', 17, 64, 1, 3, NULL),
(104, 'Bouw overleg', '', 30, 2, 1, 'Samen met Peter en Dennis overleggen hoe we de bouw aanvangen', '', 17, 65, 1, 2, NULL),
(105, 'SEO overleg', '', 30, 3, 4, 'SEO overleg hoe en wat in CMS moet komen of al in zit', '', 17, 66, 0, 0, NULL),
(106, 'Dijkland maandpunten', '', 480, 2, 2, 'Dijkland maandpunten', 'Dijkland maandpunten\n\n120 min. 15-2-2016 import caravan verhuur 151\n30 min. 16-2-2016 import crediteuren iban\n30 min. 16-2-2016 import kasboek/verkoopboek 027 wijzigen\n60 min 25-2-2016 Aanmaningen fout, nieuw menu met uitklap\n60 min 29-2 Dijkland controleren', 20, 67, 1, 3, NULL),
(107, 'Design maken voor stand', '', 120, 1, 3, 'Design maken beursstand', 'aanpassing van hoogte stand', 21, 68, 1, 3, NULL),
(108, 'ColorScan voor Kanzi in concept versie schetsen', '', 420, 1, 3, '', 'offerte voorwaarde en light cube', 22, 69, 1, 3, NULL),
(109, 'Offertemodule', '', 1920, 2, 2, 'Offertemodule', '16-2 - 120 min: start offertemodule\n10-3-2016 : offertemodule\n21-3: offertemodule\n22-3: offertemodule\n11-4:aanpassingen', 16, 47, 1, 2, NULL),
(110, 'Lijstmodule', '', 240, 2, 2, 'Lijstmodule', '16-2: lijst module opencart', 16, 47, 1, 2, NULL),
(111, 'Omslag map ontwerpen', '', 180, 1, 3, 'Glossy omslagmap maken op basis van Eurosalt map', '', 23, 70, 1, 3, NULL),
(112, 'Design maken voor Leaflet', '', 180, 1, 3, '3 leaflets op basis van website 3 pijlers', '', 23, 70, 1, 3, NULL),
(113, 'Correcties', '', 120, 1, 3, '', 'correcties op map', 23, 70, 1, 3, NULL),
(114, 'Drukwerk gereed + bestellen bij Drukwerkdeal', '', 30, 1, 3, '', 'Drukwerk bestand maken - 500 stuks FC   glos laminaat = 590   300', 23, 70, 1, 3, NULL),
(115, 'Offerte module ontwerpen', '', 180, 1, 3, 'Offerte module in front-end design en PDF ontwerpen', '', 18, 72, 1, 3, NULL),
(116, 'Check-out', '', 180, 1, 3, '', '', 18, 72, 1, 3, NULL),
(117, 'FAQ ontwerpen', '', 60, 1, 3, 'FAQ ontwerp', '', 18, 72, 1, 3, NULL),
(118, 'Mijn account', '', 360, 1, 3, '', '', 18, 72, 1, 3, NULL),
(119, 'Maatwerkpagina', '', 180, 1, 3, '', '', 18, 72, 1, 3, NULL),
(120, 'Enveloppen pagina', '', 180, 1, 3, '', '', 18, 72, 1, 3, NULL),
(122, 'Eurosalt flyers', '', 30, 1, 3, 'Bestaande flyers aanpassen\r\n500 stuks van beide drukken', 'aanpassingen doorgevoerd', 24, 73, 1, 3, NULL),
(123, 'Feelance Admix', '', 1440, 1, 3, '', '', 25, 0, 0, 0, NULL),
(124, 'Lijstmodule gebruik->lijst invoeren', '', 240, 2, 2, 'Lijstmodule gebruik->lijst invoeren', '17-02-2016 2 uur: Lijst invoeren', 16, 47, 1, 2, NULL),
(126, 'Freelance uren', '', 1440, 1, 3, '', '', 25, 75, 1, 3, NULL),
(127, 'Design deur bestickering + drukwerk', '', 60, 1, 3, 'CDisplay doet productie', '', 26, 76, 1, 3, NULL),
(128, '', '', 0, 0, 0, '', '', 23, 0, 0, 0, NULL),
(129, 'Backpanel bouwen ', '', 960, 2, 2, 'Back-panel = 16 uur\r\nOm een goed inzicht te krijgen van de orders, lopende zaken en als ondersteuning van de helmdesk van Lediberg moeten de volgende zaken gemaakt worden:\r\n1 - Inlog voor Lediberg\r\n2 - Orderoverzicht, hierin staat de status van een order + klant gegevens\r\n3 - Order info, hierin kun je het ontwerp terug zien\r\n4 - Standaard e-mail communicatie in Lediberg stijl\r\n\r\nHelpdesk. Ik heb begrepen dat Lediberg zelf de helpdesk gaat runnen. Telefonisch contact is een must dus graag horen wij nog welk nummer er als Helpdesk nummer ingesteld kan worden. Ook graag een e-mail adres aanmaken (bijvoorbeeld: helpdesk@lediberg.nl).\r\n ', '14-3-2016 Backpanel bouwen\n15-3-2016 Graveren punten', 27, 77, 1, 2, NULL),
(131, 'Facturering', '', 480, 2, 2, 'De betaling loopt via Digitransfer. 1 maandelijks moet er een soort maand overzicht verzonden worden richting Lediberg met daarin een totaal bedrag + een specificatie van alle gemaakte orders. Wat maken wij:\r\n1 - Betaal koppeling vanuit site richting Digi\r\n2 - Maandelijks wordt er een PDF gegenereerd en naar leiberg en digi gestuurd met hierin een eind bedrag waarvan Lediberg een factuur richting Digitransfer kan sturen\r\n3 - Order overzicht wordt ook in Digi back-panel geplaatst zoals nu ook bij Heineken waarin de kosten als verdiensten inzichtelijk zijn', '', 27, 77, 1, 2, NULL),
(132, 'Homepage blokken bewerkbaar maken / automatisch schalen afbeeldingen', '', 45, 2, 2, 'Homepage blokken bewerkbaar maken / automatisch schalen afbeeldingen', '17-2-2016 kleine aanpassingen homepage en automatisch schalen afbeeldingen', 28, 78, 1, 2, NULL),
(133, 'SVG module-> import SVG\'s', '', 2400, 2, 2, 'SVG module-> import SVG\'s', '17-2 start SVG module mbv lijstmodule\n23-2 Import\n24-2 Op site kaart object ophalen\n29-2 Kaart object ophalen / filteren\n9-3 Koppelen lijsten informatiepagina\'s\n9-3 maken extra kosten kaarten\n29-3 Downloaden van svg in beheer', 16, 47, 1, 2, NULL),
(134, 'Offerte + flowchart samenstellen', '', 240, 1, 3, 'Offerte uitwerken + flowchart en cloud dienst uitdenken', '', 22, 79, 1, 3, NULL),
(135, 'DPGWA algemeen', '', 0, 0, 0, '', '', 29, 0, 0, 0, NULL),
(136, 'DPGWA algemeen februari', '', 480, 2, 2, 'DPGWA algemeen februari', '19-2: OSO email naar verzamel, aragroup adres, loonadministratie, inboeken facturen, \n', 29, 80, 0, 0, NULL),
(138, 'Digitransfer weekpunten', '', 480, 2, 2, 'Digitransfer weekpunten', '22:2 120min: aanpassingen opzetten nieuwe creator\n24-2 60: Willemijn bestelen HMZ \n26-2: verhuizing', 30, 81, 1, 3, NULL),
(139, 'Kleine front-end punten fixen', '', 180, 2, 2, 'Homepage:\r\n\r\nTucson boek\r\n- Vanaf € 14,95 incl. indruk\r\n\r\nBlack Color boek\r\n- Vanaf € 15,95 incl. indruk\r\n\r\nContrast boek\r\n- Vanaf € 17,95 incl. indruk\r\n- Beschikbaar in 4 kleuren en 2 maten\r\n\r\nKies je artikel:\r\n- Geen rood bij Tucson\r\n- Bij Contrast 4 kleuren: blauw/oranje/roze/fluorgroen, de rest niet\r\n- Bij Black Color 4 kleuren: blauw/oranje/roze/fluorgroen, de rest niet\r\n- Prijzen:  zie bijgaand prijsblad\r\n- Indeling: alleen gelinieerd \r\n\r\nPersonaliseer artikel:\r\n- Positie 2 gecentreerd in het midden van het boek\r\n- Lettertypes en corpsgrootte, dit werkt bij mij niet echt lekker maar wellicht ligt dat aan mij…. SAFARI???\r\n- Bij tekst verticaal naast elastiek staat het resultaat te dicht op de rand\r\n- Visual zodanig dat het ton-sur-ton is (zie foto).\r\n- Corps grote auto aanpassen (kleiner maken) als je naar positie 3 gaat en het past niet in het vak\r\n\r\nWinkelmandje:\r\n- Leveringsvoorwaarden: zijn nu die van Digitransfer, er volgt een nieuwe tekst, krijg je woensdag a.s.\r\n- Op factuur weg\r\n- MisterCash toevoegen\r\n\r\nMailtjes:\r\n- Social buttons weg\r\n- de 3 soorten mails als test naar Ruud mailen voor de tekst', '', 27, 77, 1, 2, NULL),
(141, 'Fax bericht ontwerpen', '', 45, 1, 3, 'Kun je een FAX A4 maken van een 3 tal (zout) strooiers die we op voorraad hebben:\r\n \r\nEarthway 2170 € 185,- ex\r\nEarthway 2130 € 173,- ex\r\n2040 PL 78,- ex\r\n \r\nDe gebruikte merknaam (EARTHWAY) is heel belangrijk, mensen gaan daar op googelen en zullen zien dat het ècht niet voordeliger kan..\r\n \r\nGraag creatief dingetje; lekker schreeuwerig, nu kopen = de aller allerscherpste inkoop ooit.\r\n \r\nPrijzen zijn per stuk, GELEVERD, in Nederland. Het is als winterjassen in de zomer kopen zeg maar.\r\n \r\nKun je er bij zetten dat de 1e 25 bestellers krijgen gratis een ALPIN Metal sneeuwschuif er bij geleverd.', '', 20160031, 83, 1, 3, NULL),
(142, 'Powermelt flyer nieuwe tekst plaatsen', '', 30, 1, 3, 'Duitse tekst plaatsen', 'correcties', 20160032, 84, 1, 3, NULL),
(143, 'Achterwand beursstand', '', 90, 1, 3, 'achterwand ontwerp', '', 20160033, 85, 1, 3, NULL),
(144, '5000 vel briefpapier', '', 10, 1, 3, '5.000 vel briefpapier - Drukwerkdeal', 'besteld', 20160034, 86, 1, 3, NULL),
(145, 'aanpassing website', '', 30, 2, 1, 'Klanten van ons vervangen in:\r\n\r\nMerwetank is mede gerealiseerd door:\r\n- Bouwbedrijf Den Toom Heikoop BV      www.bouwberdrijfdth.nl\r\n- Tankbouwer Reyimpo BV                           www.reyimpo.nl\r\n- Automatiseerder Auteq BV                       www.auteq.nl', '', 20160035, 87, 1, 1, NULL),
(146, 'Mail server opzetten voor GR vastgoed', '', 120, 2, 2, 'Mail server opzetten en kosten bekijken', '4-3: Email', 20160036, 88, 1, 2, NULL),
(147, 'Colorpicker', '', 240, 2, 1, 'Color picker maken', '', 18, 89, 1, 1, NULL),
(148, 'Advertentie opmaken stromingcourant', '', 30, 1, 3, 'Adv. halve pag. 25 feb aanleveren', '', 20160037, 90, 1, 3, NULL),
(149, 'Teksten en foto\'s plaatsen', '', 120, 2, 1, '- Teksten plaatsen, staan op mail\r\n- History een soort infographic plaatsen\r\n- Nieuwe foto\'s plaatsen, deze volgen nog', 'JW: Volgorde van Document aangehouden', 20160038, 91, 1, 1, NULL),
(150, '2500 vel briefpapier', '', 10, 1, 3, '2500 vel bestellen bij Drukwerkdeal. kleine wijziging zie mail', '', 20160039, 92, 1, 3, NULL),
(151, 'Kaart module gebruiken op de opencart site', '', 1200, 2, 2, 'Kaart module gebruiken op de opencart site', '25-2: Kaart module gebruiken in opencart\nKoppelen kaartmodule\n4-3:  Kaart koppelen website\n7-3: Kaart creator inbouwen\n8-3: Kaart producten bestellen', 16, 47, 1, 2, NULL),
(152, '', '', 0, 0, 0, '', '', 16, 0, 0, 0, NULL),
(153, 'Social iconen plaatsen op OSO en i4-Design', '', 90, 2, 1, 'Acties met betrekking tot Oonincx:\r\n·         Bovenin website Social Media Icons toevoegen:\r\n\r\n-Facebook: https://www.facebook.com/Oonincx/\r\n\r\n-LinkedIn: https://www.linkedin.com/company/oonincx-scheepsonderhoud-b-v-/\r\n\r\n·         Zou je ook bij de contactgegevens de icoontjes van Social Media weer willen geven?\r\n\r\n·         Bij het deel van I4Design graag de icoontjes van Social Media van I4Design plaatsen, zoals hieronder de links staan.\r\n\r\n \r\n\r\n \r\nActies met betrekking tot I4Design\r\n \r\n·         Favicon aanmaken voor de website, van het logo.\r\n\r\n \r\n·         Kun je deze tag <meta name="p:domain_verify" content="4cb6bbac0f01bc1717e0e6247d947f9d"/>  toevoegen aan de <head>-sectie van de index.html van de website van I4design, zodat we kunnen zien wat mensen pinnen vanaf de website en zo wordt het logo weergegeven bij pins die afkomstig zijn van de website.\r\n \r\n·         Op de website de Social Media logo’s plaatsen met bijbehorende linkjes (die openen in een nieuw scherm)\r\n-Pinterest: https://nl.pinterest.com/I4DesignCB/\r\n-Facebook: https://www.facebook.com/I4Design.custombuilders/\r\n-LinkedIn: https://www.linkedin.com/company/i4-design/  \r\n-Instagram: https://www.instagram.com/i4design_custom_builders/  \r\n \r\nVerder vroeg ik mij nog af of google analytics aan de websites is gekoppeld en of ik die inloggegevens zou kunnen ontvangen.', 'JW: Fixed', 20160040, 93, 1, 1, NULL),
(154, 'Infographic maken van historie', '', 60, 1, 3, '', 'design history infographic   homepage aangepast', 20160038, 94, 1, 3, NULL),
(155, 'Dijkland maandpunten', '', 0, 0, 0, '', '', 20160041, 0, 0, 0, NULL),
(156, 'Dijkland maandpunten', '', 480, 2, 2, 'Dijkland maandpunten', 'Dijkland maandpunten\n15-3-2016: Openstaand bedrag memoriaal , kijk naar oorspronkelijke factuur\n23-3: Uploadportal bestanden anders aanleveren, debiteuren update anders instellen, 97 proef\n24-3: Uploadportal wachtrij maken', 20160041, 95, 1, 2, NULL),
(157, 'Digitransfer week 9', '', 480, 2, 2, 'Digitransfer week 9', '2-3-2016 Danny punten\n2-3-2016 HMZ voorraadbeheer\n', 20160042, 96, 1, 2, NULL),
(158, 'Tekst bewerken', '', 360, 2, 1, 'Zorg dat teksten aangepast kunnen worden', 'Inclusief het verplaatsen van teksten', 18, 97, 1, 1, NULL),
(159, 'Afbeeldingen bewerken', '', 240, 2, 1, 'Zorg dat afbeeldingen aangepast kunnen worden.', '', 18, 97, 1, 1, NULL),
(162, 'Design Gooischetuinservice.nl', '', 300, 1, 3, '', '', 20160044, 100, 0, 0, NULL),
(163, 'Design Gooischetuinservice.nl', '', 60, 1, 3, '', '', 20160044, 102, 0, 0, NULL),
(164, 'Design Gooischetuinservice.nl', '', 60, 1, 3, '', '', 20160044, 103, 0, 0, NULL),
(165, 'Logo Kleton maken', '', 20, 1, 3, '', '', 20160045, 104, 1, 3, NULL),
(166, 'Briefpapier, envelop en visitekaartje ontwerpen', '', 60, 1, 3, 'Briefpapier, envelop en visitekaartje ontwerpen + drukwerk maken', 'gegevens op briefpapier plaatsen', 20160045, 105, 1, 3, NULL),
(167, 'Digitransfer week 10', '', 60, 2, 2, 'Digitransfer week 10', 'Digitransfer week 10\nDigitransfer Heineken invullen producten en HMZ bestellingen\n', 20160047, 106, 1, 2, NULL),
(168, 'Extra pagina\'s maken en checken van items', '', 180, 1, 3, '', 'contact pagina maken en check-out beoordelen of opencart geschikt is. Toch originele pagina\'s maken', 18, 107, 1, 3, NULL),
(169, 'Punten week 12', '', 0, 0, 0, '', '', 20160048, 0, 0, 0, NULL),
(170, 'Digitransfer week 12', '', 180, 2, 2, 'Digitransfer week 12', '21-3 Aanpassing Willemijn Lipton ice vouchers\n21-3 Aanpassing Lotte Digitransfer opmerking order\n23-3 Aanpassing tussenhandel site, aanpassing admin panel extra beveiliging\n24-3 Danny punten \n25-3 Schalen van designs in verhouding', 20160048, 108, 1, 2, NULL),
(171, 'Offerte', '', 180, 1, 3, '', '21-3-2016 - offerte aanpassen voor branding in App', 22, 109, 1, 3, NULL),
(172, 'Kleton website', '', 240, 2, 1, 'Website van JP omzetten naar Kleton. Alles zelfde als JP enkel in Duitse taal en contactgevens anders', 'JW: Kopie staat: kleton.dpgwa.nl', 20160043, 110, 1, 1, NULL),
(173, 'pronkisolatie responsive maken', '', 960, 2, 1, 'pronkisolatie website omzetten naar een bootstrap omgeving i.v.m. responsive ', 'JW: http://pronkisolatie.dpgwa.n', 20160049, 111, 1, 1, NULL),
(174, 'pronkisolatie koppelen met CMS', '', 320, 2, 2, 'nieuwe front-end koppelen aan CMS', 'Lijstmodule bug aanpassen.\nLijstmodule iets aanpassen voor referenties en projecten.', 20160049, 112, 1, 2, NULL),
(175, 'Winkelwagen', '', 1200, 2, 2, 'Winkelwagen', '30:3 afmaken winkelwagen', 16, 47, 1, 2, NULL),
(176, 'Dijkland maandpunten', '', 480, 2, 2, '', '', 20160050, 113, 0, 0, NULL),
(177, 'Dijkland maandpunten april', '', 480, 2, 2, 'Dijkland maandpunten april', '4-4-2016 Aanpassingen uploadportal, aanpassingen terugkerende facturen\n7-4-2016 Dagje werken op locatie\n25-4-2016 Email wachtrij versturen facturen', 20160051, 114, 1, 2, NULL),
(178, 'Digitransfer week 14', '', 240, 2, 2, 'Digitransfer week 14', '14-4-2016: dagje Digitransfer\n13-4: aanpassing opzetbestand Digitransfer', 20160052, 115, 1, 2, NULL),
(179, 'Zoutkussen / tablet zak ontwerp', '', 60, 1, 3, 'Zoutkussen / tablet zak ontwerp', 'correcties', 20160053, 116, 1, 3, NULL),
(180, 'Uitnodiging design', '', 180, 1, 3, 'Uitnodiging maken voor de Haringparty moerdijk 2016', 'correcties', 20160054, 117, 1, 3, NULL),
(181, 'Aanmeld website stijlen', '', 60, 2, 2, 'bestaande website stylen naar uitnodiging', 'JW: Deze is niet meer nodig.', 20160054, 118, 1, 1, NULL),
(182, 'Design 100 jaar bestaan', '', 180, 1, 3, 'K3 kraan, oud naar nieuw, 100 jaar', 'tekst correcties', 20160055, 119, 1, 3, NULL),
(183, 'afspraak kaartje', '', 30, 1, 3, 'zie mail', 'correcties Duits', 20160056, 120, 1, 3, NULL),
(184, 'Diensten leaflets', '', 240, 1, 3, '', '1e opzet', 20160057, 121, 1, 3, NULL),
(185, 'Satey items vormgeven', '', 120, 1, 3, 'plattegrond schip + invullijst voor safety. in meerdere talen. Communciatie met Egbert', '', 20160058, 122, 1, 3, NULL),
(186, 'signing kantoor', '', 10, 6, 3, 'sticker deur + lift bordje', '', 20160059, 123, 1, 3, NULL),
(187, 'Safety poster FFT', '', 180, 1, 3, 'Fixed price: 300,-', 'correcties', 20160060, 124, 1, 3, NULL),
(188, 'Sportbedrukking flyer', '', 30, 1, 3, '', 'opzetje maken', 20160061, 125, 1, 3, NULL),
(189, 'Word doc vd Zalm', '', 10, 2, 2, 'Word doc maken van briefpapier vd Zalm - PDF staat op je mail', '', 20160062, 126, 1, 2, NULL),
(190, 'Adv Rotra ventra', '', 45, 1, 3, 'Wil jij voor ons een advertentie maken (a5 liggend 105x148mm) met de foto uit de leaflet van de Rotra Vente daarin?  \r\n \r\nKun je de bijgevoegde advertentie als layout gebruiken? Wil je wel het e.e.a. aanpassen?\r\n-          Logo Instagram, Linkedin toevoegen\r\n-          Logo Concordia rechts plaatsen in een wit vierkantje\r\n-          www.concordiagroup.nl graag concordiagroup.nl', 'correctie', 20160063, 127, 1, 3, NULL),
(191, 'Digitransfer week 16', '', 480, 2, 2, 'Digitransfer week 16', 'Digitransfer week 16\n17-4: 2 uur invullen nieuwe collectie sport-bedrukking\n21-4-2016: Aanpassingen Digitransfer en nieuwe collectie', 20160064, 128, 1, 2, NULL),
(192, '', '', 0, 0, 0, '', '', 20160064, 0, 0, 0, NULL),
(193, 'correcties', '', 60, 1, 3, '', '', 20160060, 124, 1, 3, NULL),
(194, 'Palliflex folders vertalen', '', 180, 1, 3, '6 talen vertalingen invoeren op bestaande folder', 'E', 20160065, 129, 1, 3, NULL),
(195, 'Correcties op website\'s ', '', 120, 2, 1, 'Bijde site\'s krijgen  2 menu items erbij, namelijk Steigerbouw en schilderwerk. teksten staan op mail', '', 20160049, 130, 1, 1, NULL),
(196, 'Website 2016 Haringparty moerdijk', '', 180, 2, 1, 'nieuw front-end, staat op server onder euro-rijn. koppelen aan betstaande CMS, even goe dchecken met excel export dat juiste bedrijfsnamen vernoemd staan', 'JW: Is inclusief correcties', 20160054, 131, 1, 1, NULL),
(197, 'Design wijzigingen', '', 480, 1, 3, 'correcties', 'alternatieve bestel proces', 18, 132, 1, 3, NULL),
(198, 'Digitransfer week 17', '', 600, 2, 2, '', '28-4\n29-4', 20160066, 133, 1, 2, NULL),
(199, 'Duitse bouw posters', '', 60, 1, 3, '', '', 20160067, 134, 1, 3, NULL),
(200, 'Digitransfer week 18', '', 640, 2, 2, 'Digitransfer week 18', '2-5: Digitransfer themashop en affiliate aanpassingen\n3-5: 7 uur\n4-5: 2 uur\n5-5: Digitransfer 4 uur\n6-5: Digitransfer 7 uur', 20160068, 135, 1, 2, NULL),
(201, 'Week 19 punten', '', 120, 2, 2, '', '', 20160069, 136, 1, 2, NULL),
(202, 'Beursbanners Concordia', '', 60, 1, 3, '', 'correctie', 20160070, 137, 1, 3, NULL),
(203, 'Datasheets ', '', 60, 1, 3, '', 'datsheets nieuwe logo plaatsen', 20160071, 138, 1, 3, NULL),
(204, '', '', 0, 0, 0, '', '', 20160071, 0, 0, 0, NULL),
(205, 'Project pagina design', '', 0, 0, 0, '', '', 20160072, 139, 0, 0, NULL),
(207, 'Design project pagina', '', 120, 1, 3, '', '1e schets', 20160072, 141, 1, 3, NULL),
(208, 'Project pagina overzicht + detail pagina\'s', '', 240, 2, 1, 'nieuwe lay-out overzicht projecten + detail pagina bij projecten maken volgens schets', '', 20160072, 140, 1, 1, NULL),
(209, 'Meertalig maken', '', 180, 2, 2, '3 talig maken, NL-D-EN', '', 20160072, 142, 1, 2, NULL),
(210, 'Design folder producten ', '', 240, 1, 3, 'Design maken als 4-luik folder', 'proefversie maken', 20160073, 143, 1, 3, NULL),
(211, 'Correcties', '', 120, 1, 3, '', 'proef print maken', 20160073, 143, 1, 3, NULL),
(212, '', '', 0, 0, 0, '', '', 20160073, 0, 0, 0, NULL),
(213, 'Schets stand', '', 180, 1, 3, '15 bedrijven in stand van 36 m2 proppen', '', 20160074, 144, 1, 3, NULL),
(214, 'Naam bedenken', '', 120, 1, 3, '', 'naam verzinnen - Bits and Parts', 20160075, 145, 1, 3, NULL),
(215, '', '', 0, 0, 0, '', '', 20160075, 0, 0, 0, NULL),
(216, 'Technische ontwikkeling - project 1', '', 960, 2, 2, 'zie flowchart', '', 20160076, 146, 0, 0, NULL),
(217, 'Technische ontwikkeling - project 1', '', 480, 2, 2, 'zie flowchart', '', 20160076, 147, 0, 0, NULL),
(218, 'Technische ontwikkeling - project 1', '', 1800, 2, 2, 'zie flowcart', '', 20160076, 148, 0, 0, NULL),
(219, 'Technische ontwikkeling - project 1', '', 1800, 2, 2, 'zie flowcart', '', 20160076, 149, 0, 0, NULL),
(220, 'Technische ontwikkeling - project 1', '', 768, 2, 2, 'zie flowcart', '', 20160076, 150, 0, 0, NULL),
(221, 'Aanpassingen na commentaar', '', 2160, 2, 1, 'Aanpassingen volgens het nieuwe ontwerp en commentaar van Andre', '', 18, 151, 1, 1, NULL),
(222, 'Technische ontwikkeling - project 1', '', 3300, 2, 2, 'zie flowcart', '', 20160076, 152, 0, 0, NULL),
(223, 'Technische ontwikkeling - project 1', '', 960, 2, 2, 'zie flowcart', '', 20160076, 153, 0, 0, NULL),
(224, 'Technische ontwikkeling - project 1', '', 480, 2, 2, 'zie flowcart', '', 20160076, 154, 0, 0, NULL),
(225, 'Ontwikkeling - project 1', '', 2040, 1, 3, 'zie flowcart', '', 20160076, 156, 0, 0, NULL),
(226, 'Ontwikkeling - project 1', '', 1800, 2, 1, '', '', 20160076, 157, 0, 0, NULL),
(227, 'Ontwikkeling - project 1', '', 1800, 2, 2, 'Test & Fix', '', 20160076, 157, 0, 0, NULL),
(228, 'Check - project 6', '', 480, 2, 1, 'App op apparaten checken en fouten rapporteren', '', 20160076, 158, 0, 0, NULL),
(229, 'Check - project 6', '', 480, 2, 2, 'Device checks van JW verwerken', '', 20160076, 158, 0, 0, NULL),
(230, 'Datasheets wartel accessoires', '', 240, 1, 3, '', '1e opzet Apus', 20160077, 159, 1, 3, NULL),
(231, 'Website vullen - onze mensen', '', 120, 2, 3, '', 'foto\'s uitnijden en plaatsen', 20160078, 160, 1, 1, NULL),
(232, 'brochure aanpassen merweplaza', '', 120, 1, 3, '', '', 20160079, 161, 1, 3, NULL),
(233, 'Koppelen nieuwe \'creator\' met backend', '', 300, 2, 2, 'http://opencart.dpgwa.nl/letterpress-geboortekaartje-aapjes', '', 18, 162, 1, 2, NULL),
(234, 'Afbeeldingen verplaatsen / schalen ', '', 300, 2, 2, 'Let er ook op dat een illustratie uit uit het kader mag (+- 20px)', '', 18, 162, 1, 2, NULL),
(235, 'Jpg\'s uploaden bij aangepaste creator gaat mis', '', 300, 2, 2, '', '', 18, 162, 1, 2, NULL),
(236, 'Mogelijkheid tot selecteren bepaalde classes in editor (backend)', '', 180, 2, 2, 'Andre wilt de mogelijkheid in de editor aan de achterkant om classes aan bepaalde objecten mee te geven. Hierdoor hoeft hij niet in de broncode te rommelen.', '', 18, 162, 1, 2, NULL),
(237, 'Centreren tekst', '', 120, 2, 2, 'In het midden moet tekst die verplaatst wordt even blijven hangen om gemakkelijk tekst uit te lijnen.\r\nGeldt ook voor illustraties', '', 18, 162, 1, 2, NULL),
(238, 'Wiped afronden', '', 3500, 2, 1, '', '', 20160080, 164, 0, 1, NULL),
(239, 'visitekaartje', '', 10, 1, 3, '', '', 20160081, 165, 1, 3, NULL),
(240, 'Front-end design van amerongen website', '', 1800, 1, 3, 'compleet nieuw front-end, laatste technieken, mooie galleries, filmpjes, pralex scroll fun ', 'overige pagina   presentatie', 20160082, 166, 1, 3, NULL),
(241, 'Flowchart website maken', '', 360, 1, 3, 'VA website in kaart brengen', '', 20160082, 166, 1, 3, NULL),
(242, 'Front end ontwikkelen', '', 2400, 2, 1, '', '', 20160082, 169, 1, 3, NULL),
(243, 'CMS, koppelingen', '', 1200, 2, 2, '', 'Lijst menu item op gebruikersgroep\n1-11-2016 Aanpassingen lijsten\n2-11-2016 Multilevel menu\n11-1-2017 Van amerongen puntjes\n12-1-2017 Amerongen punten\n16-1-2017\n24-1-2017: Aanpassingen Danny\n30-1-2017', 20160082, 168, 1, 2, NULL),
(244, 'Overleg', '', 180, 1, 3, '', '', 20160082, 166, 1, 3, NULL),
(245, 'Content plaatsen', '', 960, 2, 8, '', '', 20160082, 168, 1, 2, NULL),
(246, 'Migratie doc maken', '', 300, 2, 4, 'van-amerongen.com in kaart brengen, advies over kracht over te brengen naar nieuwe site', '', 20160082, 170, 1, 3, NULL),
(247, 'Campagne concept ontwikkelen', '', 600, 1, 3, 'Cool concept verzinnen, compleet iets nieuws, misschien vacuum producten enorm uitvergroten en insealen in filmpjes.... ', 'concept bedenken, more   less = way more', 20160083, 171, 1, 3, NULL),
(248, 'Dooors website 2016', '', 1800, 1, 3, 'deur open laten schuiven als je scrolled of op knop drukken, verborgen plek in de website waar je bijvoorbeeld foto van je zelf in de site kan plaatsen... en nog wat fun dingen, t-shirt maken/winnen ofzo', '', 20160084, 172, 1, 3, NULL),
(249, 'Schetsen uitwerken in template - Bootstrap', '', 960, 2, 1, '', '', 20160084, 173, 1, 1, NULL),
(250, 'Animaties maken', '', 480, 2, 1, '', '', 20160084, 173, 1, 1, NULL),
(251, 'Hidden treasure maken', '', 480, 2, 1, '', '', 20160084, 173, 1, 1, NULL),
(252, 'correcties', '', 480, 2, 1, '', '', 20160084, 173, 1, 1, NULL),
(253, 'content plaatsen', '', 240, 2, 1, '', '', 20160084, 174, 1, 1, NULL),
(254, 'Google analytics instellen', '', 60, 2, 1, '', '', 20160084, 174, 1, 1, NULL),
(255, 'Doorvoeren poster maken', '', 180, 1, 3, 'op basis van eerdere poster van VR isolatie', 'Duitse vertaling', 20160085, 175, 1, 3, NULL),
(256, 'Presentatie App vormgeven', '', 240, 1, 3, '', 'interface schets 21-6', 20160086, 176, 1, 3, NULL),
(257, 'Presntatie App ontwikkelen', '', 1800, 2, 2, '', '21-6: 4 uur inkomen app ontwikkeling\n22-6: 1 uur app\n23-6: 1 uur app\n1-7: 8 uur werken op locatie\n8-7: 7uur \n15-7:1 uur placeholder', 20160086, 177, 1, 2, NULL),
(258, 'Presentatie App bespreken', '', 120, 2, 2, '', '', 20160086, 178, 0, 0, NULL),
(259, 'Presentatie App bespreken grafisch', '', 60, 1, 3, '', '', 20160086, 179, 1, 3, NULL),
(260, 'Presentatie App flowchart maken', '', 240, 1, 3, '', '', 20160086, 176, 1, 3, NULL),
(261, 'Presentatie App device Check en Fix', '', 240, 2, 2, '', '', 20160086, 178, 0, 0, NULL),
(262, 'Presentatie App correcties', '', 240, 2, 2, '', '', 20160086, 178, 0, 0, NULL),
(263, 'Presentatie App plaatsen op iPad of App store', '', 240, 2, 2, '', '', 20160086, 177, 1, 2, NULL),
(264, '', '', 0, 0, 0, '', '', 20160086, 0, 0, 0, NULL),
(265, 'Productfolder VA in 2 talen maken', '', 120, 1, 3, 'NL+ DE', 'correcties', 20160087, 180, 1, 3, NULL),
(266, 'Correcties', '', 20, 1, 3, '', 'correctie', 20160079, 161, 1, 3, NULL),
(267, 'Chinese versie', '', 90, 1, 3, '', '', 20160087, 180, 1, 3, NULL),
(268, '', '', 0, 0, 0, '', '', 20160087, 0, 0, 0, NULL),
(269, 'Logo design BRF', '', 480, 1, 3, '', 'naam wijzigen', 20160088, 181, 1, 3, NULL),
(270, 'Digitransfer week 23', '', 600, 2, 2, '', 'Maandag 6-6: Nakijken HMZ 2 uur bezig\nDonderdag 9-6: 8 uur werken op locatie', 20160089, 182, 1, 2, NULL),
(271, 'Vrumona nieuwe tool ', '', 2400, 2, 2, '', '', 20160090, 183, 1, 2, NULL),
(272, 'Minitransfer ontwikkelen', '', 1200, 2, 2, '', '', 20160091, 184, 1, 2, NULL),
(273, 'Goede doelen project', '', 2400, 2, 2, '', '', 20160092, 185, 1, 2, NULL),
(274, 'Android App James', '', 2400, 2, 2, '', '4-7: 7 uur\n5-7: 7 uur\n6-7: 5 uur\n8-7:2 uur\n11-7:7 uur\n12-7:7 uur', 20160093, 186, 1, 2, NULL),
(275, 'Url rewrite instellen', '', 60, 2, 2, 'Url rewrite instellen', '', 17, 187, 1, 2, NULL),
(276, 'Opslaan van aangepaste kaarten', '', 600, 2, 2, 'Opslaan van aangepaste kaarten', '7-6: 2 uur opslaan van aangepaste kaarten\n8-6: 8 uur Opslaan van aangepaste kaarten\n', 18, 162, 1, 2, NULL),
(277, 'mensen plaatsen + teksten', '', 60, 2, 1, 'mensen w\'dam + hamburg foto\'s + teksten plaatsen - mensen Rail teksten plaatsen', '', 20160078, 188, 1, 1, NULL),
(278, 'Website live zetten', '', 210, 2, 1, 'TankMatch moet worden livegezet. \r\n\r\nAlle oude domeinen moeten behouden blijven, maar wel op de juiste taal springen.', '', 20160094, 189, 1, 1, NULL),
(279, 'Domein + hosting inzetten', '', 60, 2, 2, 'domein registratie + hosting + mail. zie mailbox', '', 20160095, 190, 1, 2, NULL),
(280, 'Logo + huisstijl LCT-BV', '', 480, 1, 3, '', 'visitekaartjes maken', 20160096, 191, 1, 3, NULL),
(281, 'JW punten Letterpress', '', 960, 2, 2, 'JW punten Letterpress', '13-6: Aanpassingen JW punten Letterpress\n14-6: Aanpassingen JW punten Letterpress\n17-6: Aanpassingen Letterpress Andre \n24-6-2016: Aanpassingen letterpress', 20160097, 192, 1, 2, NULL),
(282, 'Digitransfer week 24', '', 960, 2, 2, 'Digitransfer week 24', 'Digitransfer 16-6 dag werken op locatie\nDigitransfer 15-6 Digitransfer aanpassingen', 20160098, 193, 1, 2, NULL),
(283, 'service flyer', '', 60, 1, 3, '', '', 20160099, 194, 1, 3, NULL),
(284, 'Logo schets ICL group', '', 240, 1, 3, 'logo voor een group met meerdere divisie logo\'s', 'tweede schets ICL identity', 20160100, 195, 1, 3, NULL),
(285, 'Website schets', '', 480, 1, 3, '', 'visitekaartje', 20160100, 196, 1, 3, NULL),
(286, 'bepsprekingen', '', 240, 1, 3, '', 'volgende fase bespreken', 20160100, 197, 1, 3, NULL),
(287, 'Flyer Eurosalt', '', 180, 1, 3, '', 'correcties', 20160101, 198, 1, 3, NULL),
(288, 'Tekst plaastesn Pools Palliflex', '', 60, 1, 3, '', 'correcties', 20160102, 199, 1, 3, NULL),
(289, 'Correcties TNAML', '', 60, 1, 3, '', 'correcties 2', 20160103, 200, 1, 3, NULL),
(290, 'Turkse folders maken 4 stuks', '', 240, 1, 3, '', 'vertalingen plaatsen', 20160104, 201, 1, 3, NULL),
(291, 'Schets design smoelenboek', '', 180, 1, 3, '', '', 20160105, 202, 1, 3, NULL),
(292, 'Front end smoelenboek', '', 360, 1, 1, 'FCINQ', '05-07: Basis opzet   nakijken FCINQ systeem   alternatieven', 20160105, 203, 0, 0, NULL),
(293, 'Back-end smoelenboek', '', 240, 2, 1, 'mensen beheerbaar maken', '', 20160105, 204, 0, 0, NULL),
(294, 'Drukwerk reclameborden', '', 30, 1, 3, 'Kan jij 2 borden 80x600 voor de Oranje Nassau bestellen. Zie onder de afmetingen.\r\n \r\nDe andere borden zijn ook op, kan je hier ook weer 10 stuks van bestellen.\r\n ', '', 20160106, 205, 1, 3, NULL),
(295, 'Drukwerk visitekaartjes Rail', '', 10, 1, 3, '4 x 500 stuks', '', 20160107, 206, 1, 3, NULL),
(296, 'Front end responsive maken', '', 240, 2, 1, 'Front-end als pronk', '', 20160108, 207, 1, 1, NULL),
(297, 'Pagina toevoegen', '', 60, 2, 1, 'nieuwe pagina: In de media -> tekstje+foto -> download PDF / bekijk video', '', 20160108, 207, 1, 1, NULL),
(298, 'nieuwe pagina in CMS beheren', '', 60, 2, 1, 'In de media beheren', 'Inloggegevens Buro van den Dool:\n\nWebsite: http://burovandendool.mixfinity.nl\nAdmin: http://burovandendool.mixfinity.nl/admin\n\nGebruiker:  burovandendool\nWachtwoord: v@nd3nd00l', 20160108, 208, 1, 1, NULL),
(299, 'Digitransfer week 25', '', 1020, 2, 2, 'Digitransfer week 25', '', 20160109, 209, 1, 2, NULL),
(300, 'Digitransfer week 25 CIF', '', 1020, 2, 2, 'Digitransfer week 25 CIF', '21-6-2016: aanpassing themashop en punten mail\n22-6-2016: werken op locatie\n23-6-2016:werken op locatie', 20160109, 209, 1, 2, NULL),
(301, 'Logo re-design', '', 480, 1, 3, '', 'eerste schets website en offerte', 20160110, 210, 1, 3, NULL),
(302, 'Front end responsive maken', '', 600, 2, 1, 'responsive maken', '', 20160110, 211, 1, 1, NULL),
(303, 'Front-end in nieuwe huisstijl', '', 300, 2, 1, 'Nieuwe kleuren en logo aanpassen. Foto\'s in vast formaat. Header iets aanpassen', '', 20160110, 211, 1, 1, NULL),
(304, 'Offerte module', '', 300, 2, 1, 'Auto reply op offerte aanvraag met PDF met vaste tekst en dynamische prijs.', '', 20160110, 212, 1, 2, NULL),
(305, 'Kaartje aanpassen €25,-', '', 10, 4, 3, '', '', 20160111, 213, 1, 3, NULL),
(306, 'Digiransfer Week 26', '', 1020, 2, 2, 'Digiransfer Week 26', '27-6: werken op locatie\n30-6: werken op locatie\n29-6: Punten digitransfer', 20160112, 214, 1, 2, NULL),
(307, 'Contactformulier  + informatie overneen', '', 240, 2, 1, 'Het contactformulier moet worden gemaakt en alle content van de oude website moet worden gekopieerd naar de nieuwe website.', '', 20160108, 215, 1, 1, NULL),
(308, 'Extra punten letterpress', '', 1080, 2, 2, 'Controle en eindfase letterpress', '29-6-2016 aanpassingen letterpress\n19-7-2016', 20160113, 216, 1, 3, NULL),
(309, 'Adv Juli', '', 30, 1, 3, '', '', 20160114, 217, 1, 3, NULL),
(310, 'My Fruit en VA corp. in Frans', '', 120, 1, 3, '', 'vertaling plaatsen', 20160115, 218, 1, 3, NULL),
(311, 'Design front-end Roodborstje', '', 600, 1, 3, '', '', 20160116, 219, 1, 3, NULL),
(312, 'Front-end ontwikkeling Roodborstje', '', 1800, 2, 1, '', '', 20160116, 220, 0, 0, NULL),
(313, 'Back-end Roodborstje', '', 480, 2, 1, '', '', 20160116, 221, 0, 0, NULL),
(314, 'Dooor vertalingen', '', 45, 1, 3, '', '', 20160118, 222, 1, 3, NULL),
(315, 'Dooor vertalingen', '', 45, 1, 3, '', '', 20160118, 223, 1, 3, NULL),
(316, 'Dooor vertalingen', '', 45, 1, 3, '', '', 20160118, 224, 1, 3, NULL),
(317, 'Drukwerk doorvoerposters', '', 0, 6, 3, '2 x Duits + 10 x NL posters 120x120 cm\r\n24 stickers rond op vinyl', '', 20160119, 225, 1, 3, NULL),
(318, 'Digitransfer week 27', '', 480, 2, 2, 'Digitransfer week 27', '7-7: werken op locatie\n8-7: 1 uur Fifalosophy aanpassing\n5-6: 1 uur HMZ bekijken\n6-6: Producten en HMZ', 20160120, 226, 1, 2, NULL),
(319, 'Dooor vertalingen', '', 45, 1, 3, '', 'vertaling plaatsen', 20160118, 227, 1, 3, NULL),
(320, 'Dooor vertalingen', '', 45, 1, 3, '', '', 20160118, 228, 1, 3, NULL),
(321, 'Dooor vertalingen', '', 45, 1, 3, '', '', 20160118, 229, 1, 3, NULL),
(322, 'VA Product vierluik', '', 60, 1, 3, '', 'vertaling plaatsen', 20160121, 230, 1, 3, NULL),
(323, 'VA Product vierluik', '', 60, 1, 3, '', 'vertaling plaatsen', 20160121, 231, 1, 3, NULL),
(324, 'VA Product vierluik', '', 60, 1, 3, '', 'vertaling plaasten', 20160121, 232, 1, 3, NULL),
(325, '', '', 0, 0, 0, '', '', 20160121, 0, 0, 0, NULL),
(326, 'DCA infographic Russisch maken', '', 60, 1, 3, '', 'Russisch in infographic plaatsen', 20160122, 233, 1, 3, NULL),
(327, 'Design Fotein website', '', 360, 1, 3, 'mini website op basis van OSO', 'eerste schets ontwerp   3 stock beelden aangekocht', 20160123, 234, 1, 3, NULL),
(329, 'Back-end Fotein', '', 360, 2, 1, '', '', 20160123, 236, 1, 1, NULL),
(330, 'Front-end ontwikkeling Fotein', '', 360, 2, 1, '', '', 20160123, 237, 1, 1, NULL),
(331, 'Tekstpagina\'s + offerte pagina + mail templates ontwerpen', '', 180, 1, 3, '', '', 18, 238, 1, 3, NULL),
(332, 'voorstijken', '', 120, 5, 3, 'edwin let op wel vloer afplakken en op tijd zijn', '', 20160124, 239, 0, 0, NULL),
(333, 'stuccen wanden', '', 480, 6, 2, '', '', 20160124, 240, 0, 0, NULL),
(334, 'Digitransfer week 28', '', 720, 2, 2, '', '12-7: Digitransfer aanapssingen mail\n13-7: Digitransfer aanapssingen mail\n14-7: Digitransfer op lcoatie werken', 20160125, 241, 1, 2, NULL),
(335, 'Correcties op schets', '', 60, 1, 3, 'lettertype wijzigen en projecten niet zichtbaar', '', 20160123, 234, 1, 3, NULL),
(336, 'Flyer Russisch', '', 30, 1, 3, '', '', 20160126, 242, 1, 3, NULL),
(337, 'Maand juli', '', 480, 2, 2, 'Maand juli', 'Maand juli\n14-7- 2016: dijklandnet, terughalen data 2013 klant 140\n22-7: 30 minuten Dijklandnet support klant 091 inladen facturen', 20160127, 243, 1, 2, NULL),
(338, '', '', 0, 0, 0, '', '', 20160119, 0, 0, 0, NULL),
(339, 'Punten verwerken', '', 1200, 2, 2, 'Punten in interne info beschrijven', '18-7-2016:8 uur letterpress\n19-7-2016:7 uur letterpress\n25-7-2016:6 uur letterpress\n', 20160128, 244, 1, 3, NULL),
(340, 'Punten verwerken', '', 1200, 2, 1, 'Punten in interne info beschrijven', '', 20160128, 245, 1, 3, NULL),
(341, 'Sticker opmaken machine', '', 30, 1, 3, 'Ook stockbeeld aangeschaft', '', 20160129, 246, 1, 3, NULL),
(342, 'Ara website aanapssing', '', 120, 2, 2, 'Ara website aanapssing', 'Website aanpassing 20-7\npijltjes en tekst op de homepage', 20160130, 247, 1, 2, NULL),
(343, 'Digitransfer week 29', '', 640, 2, 2, 'Digitransfer week 29', '21-7: dag op locatie werken Digitransfer\n20-7: Maten HMZ gildan collectie goed zetten\n19-7: HMZ bestellen via email zoals het was', 20160131, 248, 1, 2, NULL),
(344, 'Digitransfer week 30', '', 960, 2, 2, 'Digitransfer week 30', '27-7 Digitransfer werken op locatie\n28-7 Digitransfer werken op locatie', 20160132, 249, 1, 2, NULL),
(345, 'VA bus bestickering', '', 10, 6, 3, '', '', 20160133, 250, 1, 3, NULL),
(346, 'Diverse folders drukwerk', '', 15, 6, 3, '', '', 20160134, 251, 1, 3, NULL),
(347, 'Advertentie ', '', 30, 1, 3, '', '', 20160135, 252, 1, 3, NULL),
(348, 'Adv + video bewerking van der Windt pakhuis', '', 180, 1, 3, '', 'correcties   slowmo film\n', 20160136, 253, 1, 3, NULL),
(349, 'Webshop koppelen', '', 1280, 2, 2, 'Backend koppelen', '1-8-2016 8 uur\n2-8-2016 6 uur\n18-8-2016 6 uur\n17-8-2016 6 uur\n22-8-2016 7uur\n8-9-2016 3 uur \n13-9-2016 6  uur\n10-10-2016 4 uur\n16-9-2016 5 uur \n22-9-2016 2 uur tekstpagina maken en koppelen\n28-9-2016 2 uur Filters automatisch instellen', 17, 254, 1, 2, NULL),
(350, 'Aanpassingen Fotein', '', 120, 2, 1, '', '', 20160137, 255, 1, 1, NULL),
(351, 'Dijkland maan augustus', '', 720, 2, 2, 'Dijkland maan augustus', '1 uur: 2-8-2016 aanpassingen factuur tekst footer lengte\n12-8-2016: Aanpassing factuur regels sorteren. Aanpassingen crediteur\n26-8-2016: Dijklandnet kleine aanpassing', 20160138, 256, 1, 2, NULL),
(352, 'Correcties sturing App van amerongen', '', 420, 2, 2, 'zie mail voor correcties en toelichting', '8-8-2016: 5 uur wijzigingen\n9-8-2016: 3 uur wijzigingen\n17-8-2016: 7 uur ', 20160139, 257, 1, 2, NULL),
(353, 'Digitransfer week 31', '', 480, 2, 2, 'Digitransfer week 31', '3-8-2016: Bewerkbaar maken voor items in de themashop, willemijn\n3-8-2016: HMZ FTP ipv email', 20160140, 258, 1, 2, NULL),
(354, 'correcties russische folders', '', 20, 1, 3, '', 'correcties', 20160141, 259, 1, 3, NULL),
(355, 'Correcties James', '', 240, 2, 2, '', '16-8-2016: correcties', 20160142, 260, 1, 2, NULL),
(356, 'TUmbling4all aanpassen', '', 240, 2, 1, 'front-end updaten zoals schets (hebben we eerder besproken). referenties mag zelfde als nieuws. submenu met 2 soorten producten', 'JW: Overleg met Dennis over het verwerken van de categorieen', 20160143, 261, 1, 1, NULL),
(357, 'Flyer bedrijfsunits gorinchem', '', 60, 1, 3, '+ drukwerk', '', 20160144, 262, 1, 3, NULL),
(358, 'Eco Agri website', '', 420, 1, 3, '', 'bespreken schetsen', 20160145, 263, 1, 3, NULL),
(359, 'Eco Agri website', '', 900, 2, 9, '', '', 20160145, 264, 1, 9, NULL),
(360, 'Eco Agri website', '', 360, 2, 9, '', 'Content plaatsen', 20160145, 265, 1, 9, NULL),
(361, 'Marketing portal t.a.v. drukwerk', '', 360, 1, 3, '', '', 20160146, 266, 1, 3, NULL),
(362, 'Marketing portal t.a.v. drukwerk', '', 360, 2, 1, '', '', 20160146, 267, 0, 0, NULL),
(363, 'Marketing portal t.a.v. drukwerk', '', 360, 2, 2, '', '', 20160146, 268, 1, 2, NULL),
(364, 'Deerns logo + naam intern project', '', 360, 1, 3, '', '1e schets', 20160147, 269, 1, 3, NULL),
(365, 'Corporate website VA 2016', '', 1200, 1, 3, '', '', 20160148, 270, 1, 3, NULL),
(366, 'Corporate website VA 2016', '', 120, 1, 3, '', '', 20160148, 271, 1, 3, NULL),
(367, 'Digitransfer week 32', '', 480, 2, 2, 'Digitransfer week 32', '8-8-2016: 15 minuten probleem kleur order\n9-8-2016: 15 minuten voucher koppelen order\n10-8-2016: 30 minuten order 209966 probleem\n11-8-2016: 7 uur\n', 20160149, 272, 1, 2, NULL),
(368, 'Wiki omgeving opzetten', '', 420, 2, 1, '', 'JW; Deze heeft Dennis verder afgerond', 20160150, 273, 1, 1, NULL),
(369, 'Mixfinity website 2016', '', 360, 2, 9, 'zie ontwerp', '', 20160151, 274, 1, 9, NULL),
(370, 'Mixfinity website 2016', '', 360, 0, 9, '', '', 20160151, 275, 0, 0, NULL),
(371, 'Mixfinity website 2016', '', 360, 2, 9, '', '', 20160151, 276, 1, 9, NULL),
(372, 'Mixfinity website 2016', '', 240, 2, 9, '', '', 20160151, 277, 1, 9, NULL),
(373, 'Mixfinity website 2016', '', 840, 2, 9, '', '', 20160151, 278, 1, 9, NULL),
(374, 'Mixfinity website 2016', '', 1440, 2, 9, '', '', 20160151, 279, 1, 9, NULL),
(375, 'Mixfinity website 2016', '', 60, 2, 9, '', '', 20160151, 280, 0, 0, NULL),
(376, 'Installeren Wiki en koppelen wysiwyg', '', 480, 2, 2, 'Installeren Wiki en koppelen wysiwyg', '16-8-2016: Installeren en maken van koppeling van een goede wysiwyg', 20160150, 281, 1, 2, NULL),
(377, 'Digitransfer week 33', '', 480, 2, 2, 'Digitransfer week 33', '16-8-2016: 30 minuten zelf invoeren Heineken kleding cheques\n17-8-2016:  30 minuten, kleine correcties manel\n18-8-2016: 60 minuten punten DAnny\n19-8-2016: 60 minuten Danny Affiliate systeem\n', 20160152, 282, 1, 2, NULL),
(378, 'Homepagina', '', 60, 2, 1, '- Afbeelding homepage aanklikbaar maken waarbij je een url kan opgeven \r\n- Hover op de afbeelding met een kleine fadeout\r\n- De tijd kunnen instellen van de sliders op de homepage\r\n- Video weg, Andre wil dit later gaan maken', '', 20160153, 283, 1, 1, NULL),
(379, 'Vragen', '', 45, 2, 1, '- Antwoorden niet std bold\r\n- Antwoorden ook italic (aanzetten wysiwyg)\r\n- Telefoonnummer weg (Andre wil niet gebeld worden) \r\n- ipv "afspraak maken", "contact opnemen" \r\n', '', 20160153, 283, 1, 1, NULL),
(380, 'Mijn account', '', 30, 2, 1, '- Opgeslagen kaarten, afbeeldingen passen niet in het vlak, schaduw weghalen', '', 20160153, 283, 1, 1, NULL),
(381, 'Projecten', '', 60, 2, 2, '- Titel / tekst / button apart van elkaar instelbaar\r\nAndere invulvelden maken dan wat gebruikt wordt bij "voor ontwerpers" zodat het duidelijk is waar de invulvelden voor zijn', '', 20160153, 284, 1, 2, NULL),
(382, 'Enveloppen', '', 60, 2, 2, '- Envelop opslaan als favoriet bij niet ingelogd, mogelijkheid om in te loggen zoals bij kaarten', '', 20160153, 284, 1, 2, NULL),
(383, 'Winkelwagen', '', 45, 2, 2, '- Popup toevoegen, algemene voorwaarden accepteren', '', 20160153, 284, 1, 2, NULL),
(384, 'Contactformulier', '', 30, 2, 2, '- Als je ingelogd bent voornaam /achternaam / bedrijf correct vermelden', '', 20160153, 284, 1, 2, NULL),
(385, 'Creator', '', 180, 2, 2, '- Bij aanklikken selectiekader op object\r\n- Snap nakijken, zodat hij in het midden blijft hangen', '', 20160153, 284, 1, 2, NULL),
(386, 'BUG: Lijsten module', '', 180, 2, 2, '- Bij onderdeel over ontwerpers zie je geen afbeeldingen staan in het beheer\r\n## IN ALLE NIEUWE SITES VERWERKEN ##', '', 20160153, 285, 1, 2, NULL),
(387, 'My Parcel', '', 240, 2, 2, '- Implementeren bij orders\r\n## OOK FRONT END OPTIE BIJ MAKEN ##', '', 20160153, 285, 1, 2, NULL),
(388, 'Aanpassingen webshop', '', 180, 2, 2, 'Extra categorie toevoegen (Fun tumblingbanen);;;; Review module maken (exacte kopie van nieuws)', '1-9-2016: aangepast', 20160143, 286, 1, 2, NULL),
(390, 'Corporate identity Copray', '', 480, 1, 3, '', '3e schets', 20160154, 287, 1, 3, NULL),
(391, 'Corporate identity Copray', '', 180, 1, 3, '', 'huisstijl', 20160154, 288, 1, 3, NULL),
(392, 'My Fruit module folder', '', 480, 1, 3, '', 'correcties en bespreken', 20160155, 289, 1, 3, NULL),
(393, 'Sturing App aanpassen', '', 480, 2, 2, 'Sturing App aanpassen', '17-8-2016: 7 uur ', 20160156, 290, 1, 2, NULL),
(394, 'VQM website', '', 720, 1, 3, '', 'pagina design afronden   technische omschrijving voor V', 20160157, 291, 1, 3, NULL),
(395, 'nieuws carousel b-cat', '', 240, 1, 3, '', '', 20160158, 292, 0, 0, NULL),
(396, 'Sturing App aanpassen', '', 240, 2, 2, 'Sturing App aanpassen', '', 20160159, 293, 1, 2, NULL),
(397, 'Correcties sturing Erwin', '', 120, 2, 2, '', '', 20160156, 294, 0, 0, NULL),
(398, 'Poolse machine folder', '', 120, 1, 3, '', '', 20160160, 295, 1, 3, NULL),
(399, 'Digitransfer week 34', '', 480, 2, 2, 'Digitransfer week 34', '25-8-2016 werken op locatie\n26-8-2016 aanpassingen Danny mail', 20160161, 296, 1, 2, NULL),
(400, 'Digitransfer week 35', '', 480, 2, 2, 'Digitransfer week 35', '29-8-2016 CIF\n29-8-2016 Correcties DAnny', 20160162, 297, 1, 2, NULL),
(401, 'Nieuwe schermen James', '', 240, 2, 2, '', '', 20160142, 260, 1, 2, NULL),
(402, '123 klokkijken klok pagina', '', 480, 2, 2, 'lopende klok, inlog pagina, internet kassa, auto factuur, auto verlenging mail met betaal optie', '5-9-2016: 4 uur\n6-9-2016: 5 uur\n21-9-2016: 2 uur', 20160163, 298, 1, 2, NULL),
(403, 'Correcties', '', 60, 1, 3, '', '', 20160077, 299, 1, 3, NULL),
(404, 'VA Service pagina', '', 300, 1, 3, '', 'start pagina, overzicht pagina en product pagina schets 1', 20160164, 300, 1, 3, NULL),
(405, 'VA Service pagina', '', 420, 2, 9, '', 'Lijsten instellen en uitbreiden. Pagina opzet maken service.mixfinity.nl\n9-9-2016: aanpassingen koppelen service pagina\n12-9:-2016: aanpassingen service pagina', 20160164, 309, 1, 2, NULL),
(406, 'VA Service pagina', '', 240, 2, 9, '', 'Vincent : ontwikkelen van de front-end zit hier ook bij', 20160164, 302, 1, 9, NULL),
(407, 'Dijkland maandpunten september', '', 3020, 2, 2, 'Dijkland maandpunten september', '31-8-2016: 2 uur Buro vdo mail helpen\n31-8-2016: 1 uur migratie voorbereiden\n1-9-2016: 2 uur export facturen\n6-9-2016: Bouwen responsive templates development\n14-9-2016: Werken op locatie framework en templates\n16-9-2016: 1 uur scrollen door factuurselectie\n19-9-2016: 6 uur dijklandnet\n21-9-2016: 2 uur dijklandnet\n28-9-2016: 7 uur dijklandnet', 20160165, 303, 1, 2, NULL),
(408, 'Correcties MyFruit Module', '', 120, 1, 3, '', '', 20160166, 304, 1, 3, NULL),
(409, 'Copray website', '', 480, 1, 3, '', '2e schetsen', 20160167, 305, 1, 3, NULL),
(410, 'Copray website', '', 1440, 2, 9, '', '', 20160167, 306, 1, 9, NULL),
(411, 'Copray website', '', 240, 2, 2, '', '', 20160167, 307, 1, 2, NULL),
(412, '123 klokkijken klok pagina', '', 90, 1, 3, '', '', 20160163, 308, 1, 3, NULL),
(413, 'advertentie', '', 30, 1, 3, '', '', 20160168, 310, 1, 3, NULL),
(414, 'Roll up banner Copray', '', 60, 1, 3, '', '', 20160169, 311, 1, 3, NULL),
(415, 'Techned aanpassingen datasheets', '', 120, 1, 3, '', 'correcties', 20160170, 312, 1, 3, NULL),
(416, 'Digitransfer week 36', '', 480, 2, 4, 'Digitransfer week 36', '6-9-2016 PostNL labels\n8-9: werken op loc', 20160171, 313, 1, 2, NULL),
(417, 'Tankmatch beheer aanpassingen', '', 60, 2, 3, '', '', 20160172, 314, 1, 3, NULL),
(418, 'MyFruit module vertalingen', '', 120, 1, 3, '', 'Chinees', 20160173, 315, 1, 3, NULL),
(419, 'VA service website', '', 960, 2, 9, 'VA service website', '', 20160164, 316, 1, 9, NULL);
INSERT INTO `project_lines` (`id`, `name`, `category`, `estimation`, `division_id`, `employee_id`, `description`, `internal_description`, `project_id`, `category_id`, `done`, `done_by`, `trello_id`) VALUES
(420, 'Overige werkzaamheden', '', 100000, 0, 0, '', '', 20160174, 318, 0, 0, NULL),
(421, 'Overige werkzaamheden', '', 10200, 2, 9, 'Overige werkzaamheden', '', 20160174, 317, 1, 9, NULL),
(422, 'Marketing portal PDF plaatsen', '', 180, 2, 3, '', '', 20160146, 319, 0, 0, NULL),
(423, 'Vullen marketing portal', '', 180, 1, 3, '', '', 20160164, 300, 1, 3, NULL),
(424, 'Servicedesk ', '', 360, 2, 9, '', '', 20160175, 320, 1, 9, NULL),
(425, 'Servicedesk', '', 180, 1, 3, '', 'aanpassingen tekst blok met foto\'s en video', 20160175, 321, 1, 3, NULL),
(426, 'Servicedesk', '', 240, 2, 2, '', '', 20160175, 322, 1, 2, NULL),
(427, 'Digitransfer week 37', '', 600, 2, 2, 'Digitransfer week 37', '16-9-2016: 8 uur Digitransfer op locatie werken\n16-9-2016:1 uur Digitransfer btw nummer op factuur', 20160176, 323, 1, 2, NULL),
(428, 'Tankmatch website Storage', '', 180, 2, 1, 'nieuw bedrijf toevoegen, TankMatch Storage services. Als niet past alle items in navigatie zonder TankMatch ervoor. In principe is het zelfde als Rail. Enkel moet Team nog even onzichtbaar worden. Verder komt er een nieuw plaatje in het "history" en wat tekst aanpassingen in wat pagina\'s maar die volgen nog.', 'http://tmstorage.mixfinity.nl', 20160177, 324, 1, 1, NULL),
(429, 'Tankmatch website Storage', '', 60, 1, 3, '', 'logo maken\nhuisstijl opzetten\nhistory website aanpassen\nnavgatie aanpassen', 20160177, 325, 1, 3, NULL),
(430, 'gemaakt werk vullen', '', 240, 1, 3, '', '', 20160151, 326, 1, 3, NULL),
(431, 'Ad Concordia', '', 30, 1, 3, '', '', 20160178, 327, 1, 3, NULL),
(432, 'Adv 227x297 Copray', '', 30, 6, 3, '', '1e opzet', 20160179, 328, 1, 3, NULL),
(433, 'Drukwerk 250 flyers Russisch', '', 10, 6, 3, '', '', 20160180, 0, 0, 0, NULL),
(434, 'Digitransfer week 38', '', 480, 2, 2, 'Digitransfer week 38', '22-9 Digitransfer Danny punten\n', 20160181, 329, 1, 2, NULL),
(435, 'VTC envelop drukwerk', '', 0, 6, 3, '', '', 20160182, 0, 0, 0, NULL),
(436, 'LCT brief en envelop drukwerk', '', 0, 6, 3, '', '', 20160183, 0, 0, 0, NULL),
(437, 'OSO pompen brief', '', 0, 6, 3, '', '', 20160184, 0, 0, 0, NULL),
(438, 'Service desk', '', 180, 2, 2, 'Service desk', '23-9-2016 aanpassingen\n5-10 aanpassingen\n6-10 aanpassingen', 20160175, 322, 1, 2, NULL),
(439, 'Bcat pres boek A3', '', 0, 6, 3, '', '', 20160185, 0, 0, 0, NULL),
(440, 'TM Vlaggen 60x40', '', 0, 6, 3, '', '', 20160186, 0, 0, 0, NULL),
(441, 'Handtekening module Camera tweedehands', '', 720, 2, 9, '', '', 20160187, 330, 1, 9, NULL),
(442, 'Handtekening module Camera tweedehands', '', 720, 2, 2, '', '12-10-2016 Handtekening module', 20160187, 331, 1, 2, NULL),
(443, 'Digitransfer week 39', '', 180, 2, 2, 'Digitransfer week 39', '28-9-2016 website producten uitzetten', 20160188, 332, 1, 2, NULL),
(444, 'Drukwerk Servce flyer', '', 0, 6, 0, '150 stuks gelamineerd', '', 20160189, 0, 0, 0, NULL),
(445, 'DIVERSE HUISSTIJL ITEMS ', '', 60, 1, 3, '', 'WC   visitekrt aanpasingen', 20160190, 333, 1, 3, NULL),
(446, 'Rotra Ventre invitation', '', 120, 1, 3, '', '', 20160191, 334, 1, 3, NULL),
(447, 'Rotra Ventre invitation', '', 120, 1, 9, '', '', 20160191, 335, 1, 9, NULL),
(448, 'Rotra Ventre invitation', '', 60, 1, 3, '', 'aanpassi', 20160191, 336, 1, 3, NULL),
(449, 'Digitransfer week 40', '', 180, 2, 2, 'Digitransfer week 40', '5-10 Digitransfer JBC, Digitransfer Outfit\n7-10 Digitransfer JBC, Danny\n7-10-2016 Digitransfer producten in crator die uitstaan niet bewerkbaar maken.', 20160192, 337, 1, 2, NULL),
(450, '36 rollen tape oso', '', 0, 6, 0, '', '', 20160193, 0, 0, 0, NULL),
(451, 'VA people project', '', 1000, 2, 9, '', '', 20160194, 338, 1, 9, NULL),
(452, 'VA 5 x A3 boek 360 graden ', '', 0, 6, 0, '', '', 20160195, 0, 0, 0, NULL),
(453, 'Punten oktober', '', 1000, 2, 2, '', '', 20160196, 0, 0, 0, NULL),
(454, 'Punten oktober', '', 1000, 2, 2, '', '', 20160196, 0, 0, 0, NULL),
(455, 'Punten oktober', '', 1000, 2, 2, '', '6-10-2016: Email SMTP server Dijkland\n7-10-2016: Importeren 131 loopt vast\n8-10-2016: email support dijkland.nl\n13-10 dijkland punten locatie\n14-10-2016 5 uur dijklandnet responsive framework\n31-10-2016 5 uur dijklandnet', 20160196, 339, 1, 2, NULL),
(456, 'Betuwetech huisstijl', '', 0, 6, 0, '', '', 20160197, 0, 0, 0, NULL),
(457, 'Kalenders 2016/2017', '', 300, 1, 3, '', 'kalender opmaak', 20160198, 340, 1, 3, NULL),
(458, 'Kalenders 2016/2017', '', 60, 1, 3, '', '', 20160198, 341, 1, 3, NULL),
(459, 'Kalenders 2016/2017', '', 600, 1, 3, '', '', 20160198, 342, 1, 3, NULL),
(460, 'ICL website 2016', '', 1080, 2, 9, '', '', 20160100, 343, 1, 9, NULL),
(461, 'ICL website 2016', '', 600, 2, 9, '', 'Inclusief telefoneren en de daaruit voorkomende items oplossen', 20160100, 344, 1, 9, NULL),
(462, 'ICL website 2016', '', 360, 2, 2, '', '24-10-2016: Shortcode systeem\n25-10-2016: shortcode systeem uitgebreid rij', 20160100, 345, 1, 2, NULL),
(464, 'Vincent front-end Roodborstje', '', 1000, 2, 9, '', '', 20160116, 220, 0, 0, NULL),
(465, 'Digitransfer week 41', '', 180, 2, 2, 'Digitransfer week 41', '12-10-2016: Maattabel tonen bij Gildan producten in de creator\n10-10-2016: Spoedkosten exclusief btw bij handmatige facturen', 20160199, 346, 1, 2, NULL),
(466, 'paraguay folder inlay', '', 120, 1, 3, '', '1e opzet', 20160200, 347, 1, 3, NULL),
(467, 'Bio & Zo concept', '', 360, 1, 3, '', '', 20160201, 348, 1, 3, NULL),
(468, 'Digitransfer week 42', '', 180, 2, 2, 'Digitransfer week 42', '19-10-2016 Maattabel BENC Hoody, voor mobiel instellen, maattabel c maat toevoegen voor mouwen\n20-10-2016 new york product id aanpassen m/v uitzondering alleen mouwen bewerken', 20160202, 349, 1, 2, NULL),
(469, 'CA technology group', '', 600, 1, 3, '', 'diverse items   drukwerk', 20160203, 350, 1, 3, NULL),
(470, 'SEO module -> schema.org', '', 960, 2, 2, 'SEO module -> schema.org', '', 20160204, 351, 1, 2, NULL),
(471, 'Opschoon module', '', 960, 2, 2, 'Opschoon module', 'Opschoon module', 20160204, 351, 1, 2, NULL),
(472, 'Digitransfer week 43', '', 540, 2, 2, 'Digitransfer week 43', 'Themashop items sorteerbaar Danny en Willemijn\n27-10 Digitransfer op locatie', 20160205, 352, 1, 2, NULL),
(473, 'orporate website van-amerongen.com', '', 3000, 2, 9, '', '', 20160082, 353, 1, 9, NULL),
(474, 'Website tantechniek fonds', '', 420, 2, 1, '', '', 20160206, 354, 0, 0, NULL),
(475, 'Website tantechniek fonds', '', 360, 1, 3, '', ' 1e schets', 20160206, 355, 1, 3, NULL),
(476, 'Boekje Dichterbij', '', 600, 1, 3, '', '', 20160207, 356, 1, 3, NULL),
(477, 'Koppeling beslist', '', 420, 2, 2, '', '1-11-2016: productfeed beslist', 20160208, 357, 1, 2, NULL),
(478, 'Advertenties', '', 60, 1, 3, '', 'eerste opezet', 20160209, 358, 1, 3, NULL),
(479, 'NL + RU module folder', '', 90, 1, 3, '', '', 20160210, 359, 1, 3, NULL),
(480, 'Digitransfer Week 44', '', 560, 2, 2, 'Digitransfer Week 44', '2-11-2016: Product/maten uitzetten overzicht Romy\n3-11-2019: Willemijn punten\n3-11: danny punten', 20160211, 360, 1, 2, NULL),
(481, 'techned kalenders', '', 0, 6, 0, '', '', 20160212, 0, 0, 0, NULL),
(482, 'Drukwerk batch 26-10 IRES', '', 0, 6, 0, '', '', 20160213, 0, 0, 0, NULL),
(483, '500 enveloppen', '', 0, 6, 0, '', '', 20160214, 0, 0, 0, NULL),
(484, 'Maandpunten november', '', 4800, 2, 2, 'Maandpunten november', '4-11-2016: Bespreken en responsive template.\nWerken op locatie\n7-11-2016: Werken op locatie\n12-11-2016: Werken op locatie\n15-11-2016: Werken op locatie\n18-11-2016:Werken op locatie\n22-11-2016: Werken op locatie\n23-11-2016:Werken op locatie\n25-11-2016: Aanpassingen webarchief elvy\n28-11-2016: Werken op locatie\n2-12-2016: Werken op locatie', 20160215, 361, 1, 2, NULL),
(485, 'Stevig boekje', '', 300, 1, 3, '', '1e schetsen', 20160216, 362, 1, 3, NULL),
(486, 'Stevig boekje', '', 600, 1, 3, '', 'correcties', 20160216, 363, 1, 3, NULL),
(487, 'Digitransfer Week 45', '', 480, 2, 2, 'Digitransfer Week 45', 'Controle HMZ product', 20160217, 364, 1, 2, NULL),
(488, 'visitekaartjes Storage', '', 30, 1, 3, '', '', 20160218, 365, 1, 3, NULL),
(489, 'Digitransfer week 46', '', 480, 2, 2, 'Digitransfer week 46', '16-11-2016 Werken op locatie\n17-11-2015 Werken op locatie', 20160219, 366, 1, 2, NULL),
(490, 'advertenties 15-11-2016', '', 30, 1, 3, '', 'foto shoppen en 3 formaten', 20160220, 367, 1, 3, NULL),
(491, 'Eco Agri Correcties op design ivm logo', '', 90, 1, 3, '', 'kleur en logo aanpassen', 20160145, 263, 1, 3, NULL),
(492, 'Wordpress fix', '', 120, 2, 9, '', '', 20160221, 368, 1, 9, NULL),
(493, '10.000 C5 enveloppen uitenbogerd', '', 0, 6, 3, '', '', 20160222, 0, 0, 0, NULL),
(494, 'EA5 enveloppen 500 stuks', '', 0, 6, 3, '', '', 20160223, 0, 0, 0, NULL),
(495, 'TankMatch Wand foto op doek', '', 0, 6, 3, '', '', 20160224, 369, 0, 0, NULL),
(496, 'Bcat 2 x A4 alu plaat', '', 0, 6, 3, '', '', 20160225, 370, 0, 0, NULL),
(497, '', '', 0, 0, 0, '', '', 20160224, 0, 0, 0, NULL),
(498, 'Mallie EA5 envelop', '', 0, 6, 3, '', '', 20160226, 371, 0, 0, NULL),
(499, 'Digitransfer week 47', '', 480, 2, 2, 'Digitransfer week 47', '21-11-2016: HMZ import\n24-11-2016: Werken op locatie', 20160227, 372, 1, 2, NULL),
(500, 'illustratie b-cat badkuipen', '', 60, 1, 3, '', 'bcat illustrie   aankoop stockbeeld', 20160228, 373, 1, 3, NULL),
(501, 'beursdoek VA', '', 120, 1, 3, '', '', 20160229, 374, 1, 3, NULL),
(502, 'Website Oudcomb', '', 360, 1, 3, '', 'design ', 20160230, 375, 1, 3, NULL),
(503, 'Website Oudcomb', '', 1080, 2, 9, '', '', 20160230, 376, 0, 0, NULL),
(504, 'Website Oudcomb', '', 360, 2, 9, '', '', 20160230, 377, 0, 0, NULL),
(505, 'TankMatch Insight', '', 1800, 2, 2, '', '30-11-2016: Start werken Insight\n7-12-2016\n13-12-2016\n14-12-2016\n20-12-2016\n21-12-2016\n2-1-2017', 20160231, 378, 1, 2, NULL),
(506, 'TankMatch Insight', '', 600, 2, 2, '', '', 20160231, 379, 1, 2, NULL),
(507, 'TankMatch Insight', '', 300, 2, 2, '', '', 20160231, 380, 1, 2, NULL),
(508, 'TankMatch Insight', '', 180, 2, 2, '', '', 20160231, 381, 1, 2, NULL),
(509, 'Admix - Tebodin banners', '', 360, 1, 3, '', '', 20160232, 382, 1, 3, NULL),
(510, '1/1 pagina stroming', '', 30, 1, 3, '', '', 20160233, 383, 1, 3, NULL),
(511, 'Digitransfer week 48', '', 480, 2, 2, 'Digitransfer week 48', '29-11-2016: punten manel\n1-12-2016: Werken op locatie', 20160234, 384, 1, 2, NULL),
(512, 'Arbo visitekaartjes', '', 0, 6, 0, '115,-', '', 20160235, 0, 0, 0, NULL),
(513, 'C4 envelop OSO', '', 0, 6, 0, '325,-', '', 20160236, 0, 0, 0, NULL),
(514, 'Arbo visitekaartjes', '', 0, 6, 0, '', '', 20160235, 0, 0, 0, NULL),
(515, 'Design dec. 2016', '', 360, 1, 3, '', '', 20160151, 385, 1, 3, NULL),
(516, 'Design dec. 2016', '', 60, 2, 9, 'film fullscreen maken met slider tekst "mind blowing..."', '', 20160151, 386, 1, 9, NULL),
(517, 'Design dec. 2016', '', 120, 2, 9, 'menu als eco agri', '', 20160151, 387, 1, 9, NULL),
(518, 'Design dec. 2016', '', 120, 2, 9, 'balk maken met iconen met wat we doen met animatie zoals besproken', '', 20160151, 388, 1, 9, NULL),
(519, 'Design dec. 2016', '', 60, 2, 9, 'homepage gemaakt werk volledige breedte', '', 20160151, 389, 1, 9, NULL),
(520, 'Design dec. 2016', '', 30, 2, 9, '', '', 20160151, 390, 1, 9, NULL),
(521, 'Design dec. 2016', '', 20, 2, 9, 'header + foto + knop aanpassen', 'Vliegtuig animatie erbij gemaak', 20160151, 391, 1, 9, NULL),
(522, 'Design dec. 2016', '', 240, 2, 9, 'nieuwe pagina maken volgens schets "wat we doen"', '', 20160151, 392, 1, 9, NULL),
(523, 'Design dec. 2016', '', 30, 2, 9, 'foto boven aan groot met titel er in + tekstje eronder plaatsen', '', 20160151, 393, 1, 9, NULL),
(524, 'Design dec. 2016', '', 120, 2, 9, 'instagram posts en eigen foto\'s en video\'s in vierkante blokjes plaatsen', '', 20160151, 394, 1, 9, NULL),
(525, 'Design dec. 2016', '', 60, 2, 9, 'header balk aanpassen + laten staan als je naar beneden scrolled en een knopje overview maken', '', 20160151, 395, 1, 9, NULL),
(526, 'Testen', '', 300, 2, 3, 'eerste testronde mobiel + desktop', 'testen ', 20160082, 396, 1, 3, NULL),
(527, 'BCat A3 boek 5 stuks 2-12-16', '', 0, 6, 0, '', '', 20160237, 0, 0, 0, NULL),
(528, '3 versies folders 50 stuks', '', 0, 6, 0, '', '', 20160238, 0, 0, 0, NULL),
(529, 'Dijkland maand december', '', 9000, 2, 2, 'Dijkland maand december', '5-12-2016: Werken op locatie.\n8-12: 2 uur tussentabel\n9-12: werken op locatie\n15-12-2016 werken op locatie\n19-12-2016 Werken op locatie\n21-12-2016 Werken op locatie', 20160239, 397, 1, 2, NULL),
(530, 'Share button implementeren', '', 60, 2, 3, '', '', 20160240, 398, 1, 3, NULL),
(531, 'adv 6-12-16 Concordia', '', 30, 1, 3, '', '', 20160241, 399, 1, 3, NULL),
(532, 'design visser goes website', '', 480, 1, 3, '', 'designs afronden', 20160242, 400, 1, 3, NULL),
(533, 'wordpres site fixe - de bedrijfsvloer.nl', '', 60, 2, 9, '', '', 20160243, 401, 1, 9, NULL),
(534, 'VA 5 x A3 boek 360 graden', '', 0, 6, 3, '', '', 20160244, 402, 1, 3, NULL),
(535, '25 x machine folder Spaans', '', 0, 6, 3, '', '', 20160244, 402, 1, 3, NULL),
(536, 'vd bergh briefpapier 2500 vel', '', 0, 6, 3, '', '', 20160245, 0, 0, 0, NULL),
(537, 'visitekaartjes Norbert', '', 10, 1, 3, '', '', 20160246, 404, 1, 3, NULL),
(538, 'Digitransfer week 49', '', 120, 2, 0, 'Digitransfer week 49', '8-12-2016: Freshdesk tickets tonen in beheer', 20160247, 405, 1, 2, NULL),
(539, 'briefpapier', '', 10, 1, 3, '', '', 20160248, 406, 1, 3, NULL),
(540, 'enveloppen', '', 10, 1, 3, '', '', 20160248, 406, 1, 3, NULL),
(541, 'corecties letterpress front-end', '', 600, 2, 9, 'zie trello bord', '', 20160249, 407, 1, 9, NULL),
(542, 'myfruit folder correcties', '', 0, 0, 0, '', '', 20160250, 408, 0, 0, NULL),
(543, 'myfruit folder correcties', '', 120, 1, 3, '', '', 20160250, 409, 1, 3, NULL),
(544, 'myfruit folder correcties', '', 30, 1, 3, '', '', 20160250, 410, 1, 3, NULL),
(545, 'Front end design maken', '', 120, 2, 9, '', '', 20160251, 411, 1, 9, NULL),
(546, 'Back-end beelden beelden plaatsen', '', 480, 2, 9, '', '', 20160251, 411, 1, 9, NULL),
(547, 'touch functionaliteit + testen', '', 480, 2, 9, '', '', 20160251, 411, 1, 9, NULL),
(548, 'beelden maken voor presentatie beeldschermen', '', 120, 1, 3, 'My Fruit modules + demo app plaatje', 'my fruit en new website beelden', 20160252, 412, 1, 3, NULL),
(549, 'Busbestickering Crafter', '', 30, 1, 3, '', 'aanpassingen', 20160253, 413, 1, 3, NULL),
(550, 'A27 reclame uiting', '', 120, 1, 3, '', '', 20160254, 414, 1, 3, NULL),
(551, 'A27 reclame uiting Eurosalt', '', 120, 1, 3, '', '1e opzet', 20160255, 415, 1, 3, NULL),
(552, 'Briefpapier van Zuydam', '', 10, 6, 3, '', '', 20160256, 0, 0, 0, NULL),
(553, '5000 vel briefpapier Panen', '', 10, 6, 3, '', '', 20160257, 0, 0, 0, NULL),
(554, '5000 vel briefpapier Mallie', '', 10, 6, 3, '', '', 20160258, 0, 0, 0, NULL),
(555, 'Correctis My Fruit Module folder drukwerk 4 talen 175 stuks', '', 10, 6, 3, '', '', 20160259, 0, 0, 0, NULL),
(556, 'Content management', '', 4800, 2, 8, 'Content management', '14-12 de hele dag\n21-12 6 uur\n22-12 5 uur', 20160260, 416, 1, 8, NULL),
(557, 'banner op website KDC toevoegen', '', 30, 2, 9, '', '', 20160254, 417, 1, 9, NULL),
(558, 'Front-end responsive maken', '', 360, 2, 1, 'Net als Buro van den Dool responsive maken', 'Problemen met server -> Ondersteuning pDF', 20160261, 418, 1, 1, NULL),
(559, 'design maken B-Cat', '', 600, 1, 3, '', 'tekst pagina\'s', 20160262, 419, 1, 3, NULL),
(560, 'Design uitwerken B-Cat', '', 1200, 1, 3, '', 'About pagina\'s   product pagina\'s', 20160262, 419, 1, 3, NULL),
(561, ' ship-it-fresh', '', 0, 6, 3, '', '', 20160263, 420, 1, 3, NULL),
(562, 'VRisolatie site 2 talen toevoegen', '', 360, 2, 2, '3 talig maken, Duits + Engels toevoegen aan NL. Met taalvlaggetjes boven aan pagina. Teksten en schets staan in Work in Progress > FFT > VRISOLATIE WEBSITE TALEN', '', 20160264, 421, 1, 3, NULL),
(563, 'Exchange mail aanmaken bij hostnet', '', 60, 2, 1, 'Voor de 3 bedrijven een exchange server opzetten komt neer op 1450,- per jaar. Dit ipv 1650,-.\r\nDe implementatie kosten zullen wat hoger liggen omdat het over 3 servers gaat met bijbehorende instellingen, ik verwacht 650,- mx. (mocht het mee vallen zal ik de uren in mindering brengen op dit bedrag (ga nu uit van 6 uur bij ons op kantoor voorbereidend werk en 4 uur bij jullie op kantoor werk).\r\n\r\nSamenvatten:\r\n1450,- (per jaar voor 3 bedrijven/domeinen)\r\n650,- MAX (eenmalig)', '', 20160265, 422, 1, 1, NULL),
(564, 'Exchange omgeving inrichten', '', 240, 2, 1, 'Mail copy e.d.', '', 20160265, 422, 1, 1, NULL),
(565, 'Installeren bij OSO op desktops en telefoons', '', 180, 2, 1, 'op locatie alles instellen', '', 20160265, 422, 1, 1, NULL),
(566, 'Week 50', '', 0, 2, 2, 'Week 50', '', 20160266, 423, 1, 2, NULL),
(567, 'Home page High Altitude', '', 360, 2, 9, '', '', 20160262, 424, 1, 9, NULL),
(568, 'Menu ', '', 240, 2, 9, '', '', 20160262, 424, 1, 9, NULL),
(569, 'High Altitude training', '', 240, 2, 9, '', '', 20160262, 424, 0, 0, NULL),
(570, 'How it works', '', 60, 2, 9, '', '', 20160262, 424, 0, 0, NULL),
(571, 'Sports', '', 60, 2, 9, '', '', 20160262, 424, 1, 9, NULL),
(572, 'Health', '', 120, 2, 9, '', '', 20160262, 424, 0, 0, NULL),
(573, 'Rehabilitation', '', 60, 2, 9, '', '', 20160262, 424, 1, 9, NULL),
(574, 'Acclimatization', '', 60, 2, 9, '', '', 20160262, 424, 0, 0, NULL),
(575, 'Training methods', '', 90, 2, 9, '', '', 20160262, 424, 0, 0, NULL),
(576, 'Products', '', 180, 2, 9, '', '', 20160262, 424, 0, 0, NULL),
(577, 'Projects', '', 180, 2, 9, '', '', 20160262, 424, 0, 0, NULL),
(578, 'FAQ', '', 120, 2, 9, '', '', 20160262, 424, 0, 0, NULL),
(579, 'About', '', 60, 2, 9, '', '', 20160262, 424, 0, 0, NULL),
(580, 'Contact', '', 60, 2, 9, '', '', 20160262, 424, 0, 0, NULL),
(581, 'Pagina\'s koppelen ', '', 360, 2, 9, '', 'Kopiëen maken van de sites', 20160262, 425, 0, 0, NULL),
(582, 'Content plaatsen', '', 300, 2, 9, '', '', 20160262, 425, 0, 0, NULL),
(584, 'back-end extra', '', 240, 2, 2, '', '', 20160262, 426, 0, 0, NULL),
(585, 'Homepage vQm', '', 360, 2, 9, '', '', 20160157, 427, 1, 9, NULL),
(586, 'About pagina (s)', '', 300, 2, 9, '', '', 20160157, 427, 1, 9, NULL),
(587, 'Nieuws vQm', '', 360, 2, 9, '', '', 20160157, 427, 1, 9, NULL),
(588, 'Unieke dop ', '', 240, 2, 9, '', '', 20160157, 427, 1, 9, NULL),
(589, 'Referenties', '', 300, 2, 9, '', '', 20160157, 427, 1, 9, NULL),
(590, 'FAQ', '', 300, 2, 9, '', '', 20160157, 427, 1, 9, NULL),
(591, 'Bag\'s', '', 240, 2, 9, '', '', 20160157, 427, 1, 9, NULL),
(592, 'Contact', '', 300, 2, 9, '', '', 20160157, 427, 1, 9, NULL),
(593, 'Map', '', 180, 2, 9, '', '', 20160157, 427, 1, 9, NULL),
(594, 'Back-end inrichten', '', 420, 2, 9, '', '', 20160157, 428, 1, 9, NULL),
(595, 'Content plaatsen', '', 360, 2, 9, '', '', 20160157, 428, 1, 9, NULL),
(596, 'back-end extra', '', 300, 2, 2, '', '', 20160157, 429, 1, 2, NULL),
(597, 'Info website package', '', 300, 2, 2, '', '', 20160267, 430, 0, 0, NULL),
(598, 'one-page package', '', 300, 2, 2, '', '', 20160267, 430, 0, 0, NULL),
(599, 'webshop package', '', 300, 2, 2, '', '', 20160267, 430, 0, 0, NULL),
(600, '2500 vel briefpapier TM Ham', '', 0, 6, 0, '', '', 20160268, 431, 1, 3, NULL),
(601, 'opmaak datasheet EJB update', '', 120, 1, 3, '', 'correcties', 20160269, 432, 1, 3, NULL),
(602, 'ICT assist', '', 60, 2, 2, '', '', 20160270, 433, 1, 3, NULL),
(603, 'Digitransfer week 51', '', 480, 2, 2, 'Digitransfer week 51', '22-12-2016', 20160271, 434, 1, 2, NULL),
(604, '', '', 0, 0, 0, '', '', 20160269, 0, 0, 0, NULL),
(605, 'Digitransfer week 52', '', 480, 2, 2, 'Digitransfer week 52', '27-12:Thema affiliate systeem\n27-12:Enter drukken voor nieuwe tag\n28-12:Op locatie werken', 20160272, 435, 1, 2, NULL),
(606, 'flow chart', '', 120, 2, 3, '', '', 20160273, 436, 1, 3, NULL),
(607, 'design pagina\'s', '', 900, 2, 3, '', 'overige pagina\'s ontwerpen', 20160273, 436, 1, 3, NULL),
(608, 'Digitransfer week 1', '', 480, 2, 2, 'Digitransfer week 1', '3-1-2017: Willemijn punten', 20160274, 437, 1, 2, NULL),
(609, 'Maandpunten januari', '', 3000, 2, 2, 'Maandpunten januari', '3-1-2017: Diverse punten Arne mail\n6-2-1017:Op locatie werken Dijkland\n10-1-2017: Dijkland Adviseren hack->ransomware vanaf 9:00-12:00. In de avond vanaf 20:00-21:00\n14-1-2017:7 uur dijklandnet, 1 uur file\n17-1-2017:1 uur  dijkland mail probleem\n19-1-2017 werken op locatie\n20-1-2017: Kleine bugs Arne mail\nElvy upload archief\n25-1-2017: 4 uur\n25-1-2017: Werken op locatie 2 - 4 uur\n27-1-2017: Werken op locatie', 20160275, 438, 1, 2, NULL),
(610, 'website fix', '', 30, 2, 9, '', '', 20160276, 439, 1, 9, NULL),
(611, 'foto\'s plaatsen in cms', '', 60, 2, 9, '', '', 20160277, 440, 1, 9, NULL),
(612, 'projecten plaatsen', '', 45, 2, 9, '', '', 20160261, 441, 1, 9, NULL),
(613, '', '', 0, 0, 0, '', '', 20160277, 0, 0, 0, NULL),
(614, 'Insight aanpassingen', '', 480, 2, 2, 'Insight aanpassingen', '4-1-2017: Aanpassingen Laura', 20160278, 442, 1, 2, NULL),
(615, 'idee', '', 120, 1, 3, '', '', 20160279, 443, 1, 3, NULL),
(616, 'schets ontwerpen', '', 300, 1, 3, '', '', 20160279, 443, 1, 3, NULL),
(617, 'start pagina maken', '', 240, 2, 9, '', '', 20160279, 444, 1, 9, NULL),
(618, 'detail omgeving maken', '', 360, 2, 9, '', '', 20160279, 444, 1, 9, NULL),
(619, 'VR bril doosje ontwerpen', '', 120, 1, 3, '', 'design content VR', 20160279, 443, 1, 3, NULL),
(620, 'Koppeling en importmogelijkheden', '', 180, 2, 2, 'Koppeling en importmogelijkheden', 'Paypal koppeling / Molly koppeling en opnieuw importeren inkoopfacturen', 20160280, 445, 1, 2, NULL),
(621, 'foto bewerking aangelverde foto\'s', '', 120, 1, 3, '', '', 20160281, 446, 1, 3, NULL),
(622, 'Adv A5', '', 30, 1, 3, '', '', 20160282, 447, 1, 3, NULL),
(623, 'Beelden Fruit mandjes bewerken', '', 60, 1, 3, '', '', 20160283, 448, 1, 3, NULL),
(624, 'Tekst plaatsen', '', 60, 2, 9, '', '', 20160264, 449, 1, 9, NULL),
(625, 'tekst plaatsen', '', 60, 2, 9, '', 'Voornamelijk bezig geweest met het beheer binnen komen', 20160284, 450, 1, 9, NULL),
(626, 'teksten plaatsen', '', 120, 2, 9, '', '', 20160285, 451, 1, 9, NULL),
(627, 'A5 enveloppen 2000 + 500', '', 10, 6, 0, '', '', 20160286, 452, 1, 3, NULL),
(628, 'KSM handboek print 2 x 5 stuks', '', 30, 1, 3, '', '', 20160287, 453, 1, 3, NULL),
(629, 'Digitransfer week 2', '', 480, 2, 2, 'Digitransfer week 2', '10-1-2017: Instellen en aanpassen smartcard programma\n11-1-2017: aanpassen Heineken productprijs instellen\n13-1-2017: Danny punten', 20160288, 454, 1, 2, NULL),
(630, 'Def omgeving ontwikkelen', '', 600, 2, 9, '', '', 20160279, 444, 1, 9, NULL),
(631, 'Opmaak beurs banner MyFruit', '', 120, 1, 3, '', '1e schets ontwerp', 20160289, 455, 1, 3, NULL),
(632, 'schip verwijderen', '', 15, 2, 2, 'Er is momenteel geen mogelijkheid om een schip te verwijderen (Bijvoorbeeld de Judi – Rheinwerft), archiveren wel, maar dan blijft hij in het systeem staan', '', 20160290, 456, 1, 2, NULL),
(633, 'scheepsnummer', '', 30, 2, 2, 'Het is momenteel niet mogelijk om in het overzicht op scheepsnummer te zoeken', '', 20160290, 456, 1, 2, NULL),
(634, 'naam kinderen', '', 15, 2, 2, 'De voornaam van kinderen is weggevallen in het overzicht van relaties bij schepen', '', 20160290, 456, 1, 2, NULL),
(635, 'onderneming aanmaken', '', 15, 2, 2, 'Er is geen mogelijkheid om een onderneming aan te maken', '', 20160290, 456, 1, 2, NULL),
(636, 'VR brillen', '', 60, 1, 3, '', 'designs maken', 20160291, 457, 1, 3, NULL),
(637, 'bio en zo folder', '', 60, 1, 3, '', '', 20160292, 458, 1, 3, NULL),
(638, 'banner opmaak', '', 20, 1, 3, '', '', 20160293, 459, 1, 3, NULL),
(639, 'my freeze logo', '', 480, 1, 3, '', '', 20160294, 460, 1, 3, NULL),
(640, 'Week 3', '', 480, 2, 2, 'Week 3', 'Valentijn banner', 20160295, 461, 1, 2, NULL),
(641, '500 visitekaartje', '', 0, 0, 0, '', '', 20160296, 462, 0, 0, NULL),
(642, '2 x 10 A3 boeken', '', 0, 0, 0, '', '', 20160297, 463, 0, 0, NULL),
(643, 'migratie document', '', 300, 2, 4, '', '', 20160298, 464, 1, 9, NULL),
(644, 'migratie doorvoeren', '', 120, 2, 9, '', '', 20160298, 464, 1, 9, NULL),
(645, 'Reisafstanden', '', 120, 2, 2, 'Reisafstanden', '17-1-2017: Aanpassingen\n18-1-2017: Finetuning', 20160299, 465, 1, 2, NULL),
(646, '3 x 25 folders palliflex, mufruit en VA', '', 0, 0, 0, '', '', 20160300, 0, 0, 0, NULL),
(647, 'stockbeelden zoeken', '', 60, 1, 3, '', '', 20160301, 466, 1, 3, NULL),
(648, 'Stockbeelden aankopen - 8 stuks', '', 0, 1, 3, '', '', 20160301, 466, 1, 3, NULL),
(649, 'Design aanpassingen', '', 30, 1, 3, '', '', 20160302, 467, 1, 3, NULL),
(650, 'opmaak sticker koffer', '', 60, 1, 3, '', '1e opzet sticker', 20160303, 468, 1, 3, NULL),
(651, 'Taart diagram beurs maken', '', 60, 1, 3, '', '', 20160304, 469, 1, 3, NULL),
(652, 'panen enveloppen venster rechts', '', 0, 0, 0, '', '', 20160305, 470, 0, 0, NULL),
(653, 'vr beeldscherm beurs beeld', '', 30, 1, 3, '', '', 20160306, 471, 1, 3, NULL),
(654, 'Correcties uit trello', '', 480, 2, 1, 'Zie trello bord', '', 20160249, 472, 1, 1, NULL),
(655, 'Homepage', '', 600, 2, 9, '', '', 20160307, 473, 0, 0, NULL),
(656, 'Productpagina met cylinder keuze bepaling', '', 360, 2, 2, '', '3-4-2017 aanpassingen trello puntjes', 20160307, 474, 1, 2, NULL),
(657, 'Check-out zoals kluizen online', '', 360, 2, 2, '', '', 20160307, 475, 1, 2, NULL),
(658, 'CMS + producten', '', 180, 2, 2, '', '', 20160307, 476, 1, 2, NULL),
(659, 'Copy site maken van kluizenonline', '', 300, 2, 1, 'kopie maken van kluizenonline.nl > andere kleurtjes, zie schets, en ander logo', 'JW: Welke schetsen?', 20160308, 477, 1, 1, NULL),
(660, 'front-end wijzigingen dsign maken', '', 120, 2, 3, '', 'kleur omzetting', 20160308, 478, 1, 3, NULL),
(661, 'Insight aanpassingen', '', 480, 2, 2, '', '20-1-2017\nAuto aanvullen sorteren op letters begin als eerste\nLaura aanpassingen:', 20160309, 479, 1, 2, NULL),
(662, 'Diverse beurs folders en boeken', '', 60, 6, 3, 'Boeken:\r\n5x A3 Van Amerongen met witte voorkant\r\n10 x A3 Van Amerongen 360 graden presentatie boek\r\n2x Referentieboek Afrika\r\n2x Referentieboek Chili\r\n \r\n5x FFT A3 boek Wit\r\n5x FFT A3 boek Vrieshuizen Engels\r\n \r\nFolders:\r\nMy Fruit Module (nieuwste versie) Engels: 100 Russisch: 50  \r\n(Nederlands ook 50 maar de tekst moet nog worden aangepast, wijzigingen stuur ik je maandag)\r\nMy Fruit the best Fruit: Spaans 50, Engels 75, Turks 50\r\nPalliflex: Engels 50, Turks 50, Spaans 50, Pools 50\r\nMachinefolder: Engels 100, Duits 50, Spaans 50, Frans 50\r\nACR: Engels 50, Turks 50\r\nVan Amerongen Corporate: Turks 50, Engels 100\r\n \r\n100x My Fruit Classscan Telefoontje (uitgesneden uitvouwbaar telefoontje)\r\n100x My Fruit Telefoontje (zelfde maar dan met lichtere voorkant)', '', 20160310, 480, 1, 3, NULL),
(663, 'Tekst correcies + schema correcties', '', 60, 1, 3, '', '', 20160311, 481, 1, 3, NULL),
(664, 'Insight aanpassingen week 4', '', 120, 2, 2, 'Insight aanpassingen week 4', '23-1-2017 Aanpassing Tankmatch Insights. Filter op exacte waarde.\nNakijken PC koekjes accepteren.', 20160312, 482, 1, 2, NULL),
(665, '30 prints synergie A3', '', 0, 0, 0, '', '', 20160313, 483, 0, 0, NULL),
(666, '4 stickers 60x50 cm', '', 0, 6, 3, '', '', 20160314, 484, 1, 3, NULL),
(667, 'Week 4', '', 480, 2, 2, 'Week 4', 'Week 4: Danny Reviews', 20160315, 485, 1, 2, NULL),
(668, 'opmaak adv', '', 30, 1, 3, '', '', 20160316, 486, 1, 3, NULL),
(669, 'opmaak halve ad', '', 45, 1, 3, '', 'tekst correcties', 20160317, 487, 1, 3, NULL),
(670, 'extra pagina met formulier', '', 120, 2, 9, '', 'JW: Naar dennis voor SEO Rewrite', 20160318, 488, 1, 1, NULL),
(671, 'Digitransfer week 5', '', 480, 2, 2, 'Digitransfer week 5', '31-1-2017: Aanpassing email Digitransfer\n1-2-2017: Goed getapt vouchers en test', 20160319, 489, 1, 2, NULL),
(672, 'Maand februari', '', 5000, 2, 2, 'Maand februari', 'Import kasstaat,\n3-2-2016 Werken op locatie\n8-2-2016 Openstaande posten deb/cred\n9-2-2017 Werken op locatie\n10-2-2017 Certificaat installeren beta.dijklandnet.nl\n15-2-2017: Op locatie werken\n17-2-2017 op locatie werken\n24-2-2017: werken op locatie\nVerder diverse uren, zie email', 20160320, 490, 1, 2, NULL),
(673, 'design media pagina', '', 60, 1, 3, '', '', 20160321, 491, 1, 3, NULL),
(674, 'Media pagina front-end', '', 240, 1, 9, '', '', 20160321, 492, 1, 9, NULL),
(675, 'media pagina koppeling maken', '', 120, 2, 2, 'koppeling tussen VA marketing en media pagina. Enkel de VA items tonen en in beheer van VA Marketing een vinkje bij items zetten om deze publiek te delen (dus op site van Van Amerongen)', '', 20160321, 493, 1, 2, NULL),
(676, 'Datasheets ontwerpen en uitwerken', '', 180, 1, 3, '', '1e schets   4 uitwerkingen', 20160322, 494, 1, 3, NULL),
(677, '300 domingstickers', '', 0, 0, 0, 'inkoop: 140,-', '', 20160323, 495, 0, 0, NULL),
(678, 'Flyer fotein 300 stuks', '', 30, 1, 3, '', '', 20160324, 496, 1, 3, NULL),
(679, 'fodler 2017 voor food', '', 360, 1, 3, '', 'foto aanpassen', 20160325, 497, 1, 3, NULL),
(680, 'aanpassen kaartje heidi', '', 15, 1, 3, '', '', 20160326, 498, 1, 3, NULL),
(681, 'Alu print', '', 0, 6, 3, '', '', 20160327, 499, 1, 3, NULL),
(682, 'brief papier 1000 vel', '', 0, 0, 0, '', '', 20160328, 500, 0, 0, NULL),
(683, 'webhosting VA corp. 500,- p/j', '', 0, 0, 0, '', '', 20160329, 0, 0, 0, NULL),
(684, 'flyer design', '', 180, 1, 3, '250 stuks', 'folder maken ipv datasheet', 20160330, 501, 1, 3, NULL),
(685, 'tafelvlaggetjes drukwerk', '', 0, 0, 3, '', '', 20160331, 502, 0, 0, NULL),
(686, 'Week 6', '', 300, 2, 2, 'Week 6', 'Aanapssingen Laura en Ilco', 20160332, 503, 1, 2, NULL),
(687, 'Week 6', '', 480, 2, 2, 'Week 6', 'Heineken melding, punten Danny', 20160333, 504, 1, 2, NULL),
(688, 'Responsive maken + koppelen aan back-end', '', 510, 2, 9, '', '', 20160230, 505, 0, 0, NULL),
(689, '5000 vel brief', '', 0, 6, 0, '600,-', '', 20160334, 506, 1, 3, NULL),
(690, 'Cylindershop design logo + samenstellen van keuze', '', 180, 1, 3, '', '1e opzet', 20160307, 507, 1, 3, NULL),
(691, '100 stuks 3 luik D', '', 0, 6, 0, '', '', 20160335, 0, 0, 0, NULL),
(692, '10 x b-cat boek', '', 0, 6, 0, '', '', 20160336, 0, 0, 0, NULL),
(693, 'Laatste aanpassingen en livegang', '', 480, 2, 2, 'Laatste aanpassingen en livegang', '', 20160337, 508, 0, 0, NULL),
(694, 'Set Select creatief voorstel', '', 360, 1, 3, '', '', 20160338, 509, 1, 3, NULL),
(695, 'App ontwikkeling', '', 600, 2, 2, '', 'Werken aan de app', 20160339, 510, 1, 2, NULL),
(696, 'App fine tune', '', 300, 2, 2, '', '', 20160339, 510, 1, 2, NULL),
(697, 'App test & fix', '', 300, 2, 2, '', '', 20160339, 510, 1, 2, NULL),
(698, 'development week 7', '', 600, 2, 2, '', '16-2-2016 werken op locatie\n15-2-2016 koppelen babyproducten', 20160340, 511, 1, 2, NULL),
(699, 'datasheets drukken 750 stuks - 3 versies', '', 0, 6, 0, '', '', 20160341, 0, 0, 0, NULL),
(700, 'Aanapssingen week 8', '', 180, 2, 2, 'Aanapssingen week 8', '21-2-2017: Ilco, Excell uitvoer aanpassen naar xlsx voor openen server', 20160342, 512, 1, 2, NULL),
(701, '200 flyers', '', 0, 6, 0, '', '', 20160343, 513, 1, 3, NULL),
(702, '2500 vel Mallie', '', 0, 6, 0, '', '', 20160344, 0, 0, 0, NULL),
(703, 'vQm afval concept story', '', 420, 1, 3, '', '1e concept film', 20160345, 514, 1, 3, NULL),
(704, 'Week 8', '', 480, 2, 2, 'Week 8', '2 uur Willemijn zie mail\n1 uur Danny zie mail\n1 uur Danny extra aanapssingen themashop\n4 uur koppeling bio kleding', 20160346, 515, 1, 2, NULL),
(705, 'correcties', '', 120, 2, 1, '', '', 20160308, 0, 0, 0, NULL),
(706, 'correcties Danny', '', 120, 2, 1, '', '', 20160308, 516, 0, 0, NULL),
(707, '2 x stockbeeld a 45,-', '', 0, 1, 0, '', '', 20160347, 0, 0, 0, NULL),
(708, 'Digitransfer Week 9', '', 480, 2, 2, 'Digitransfer Week 9', 'Controleren site. Qweb storingen', 20160348, 517, 1, 2, NULL),
(709, 'Systeem werkzaamheden', '', 600, 2, 2, '', '28-2-2017 werkzaamheden\n7-3-2017 aanpassingen setselect\n14-3-2017 kleine aanpassingen ', 20160349, 518, 1, 2, NULL),
(710, 'Overleg / overdracht', '', 180, 2, 2, '', '28-2-2017 werkoverleg', 20160349, 519, 1, 2, NULL),
(711, 'Overleg / overdracht Peter', '', 90, 1, 3, '', 'Overleg aanpassingen en doornemen systeem', 20160349, 520, 1, 3, NULL),
(712, 'Exchange server opztten', '', 60, 1, 3, '', '', 20160350, 521, 1, 3, NULL),
(713, 'roll-up banner', '', 60, 1, 3, '', '', 20160351, 522, 1, 3, NULL),
(714, 'VPS server + hhtps multi vendor', '', 15, 2, 2, 'VPS server + hhtps multi vendor', '', 20160352, 523, 1, 2, NULL),
(715, 'youtube filmpje plaatsen', '', 30, 2, 2, '', '', 20160353, 524, 1, 2, NULL),
(716, 'logo / naam LAB container', '', 240, 1, 3, '', '2e schets', 20160354, 525, 1, 3, NULL),
(717, 'aanpassingen', '', 60, 1, 3, '4 foto\'s', 'foto\'s zoeken en datasheets plaatsen', 20160355, 526, 1, 3, NULL),
(718, 'polo\'s', '', 0, 6, 0, '', '', 20160356, 0, 0, 0, NULL),
(719, 'Werkzaamheden maart', '', 2000, 2, 2, 'Werkzaamheden maart', '3-3-2017 Werken op locatie\n10-3-2017 Werken op locatie\n17-3-2017 werken op locatie\n24-3-2017 Werken op locatie\n20-3-2017 Totalen kostprijs in mail\n29-3-2017 puntjes Arne\n31-3-2017 Werken op locatie', 20160357, 527, 1, 2, NULL),
(720, 'Nieuwe James, Helix', '', 1440, 2, 2, 'Nieuwe James, Helix', '2-3-2017 werken nieuwe App Foref\n27-3-2017 App store', 20160358, 528, 1, 2, NULL),
(721, '500 mappen', '', 0, 0, 0, '', '', 20160359, 0, 0, 0, NULL),
(722, '', '', 0, 0, 0, '', '', 20160359, 0, 0, 0, NULL),
(723, 'Week 10', '', 1600, 2, 2, 'Week 10', '', 20160360, 529, 1, 2, NULL),
(724, 'vertaling plaatsen', '', 60, 2, 9, '', '', 20160361, 530, 1, 9, NULL),
(725, 'Teksten plaatsen', '', 60, 2, 9, '', '', 20160230, 377, 0, 0, NULL),
(726, 'menu', '', 120, 2, 9, '', '', 20160242, 531, 1, 9, NULL),
(727, 'homepage', '', 300, 0, 0, '', '', 20160242, 533, 0, 0, NULL),
(728, 'homepage', '', 300, 2, 9, '', '', 20160242, 531, 1, 9, NULL),
(729, 'tekst pagina', '', 120, 2, 9, '', '', 20160242, 531, 1, 9, NULL),
(730, 'tijdlijn', '', 180, 2, 9, '', '', 20160242, 531, 1, 9, NULL),
(731, 'product overzicht', '', 360, 2, 9, '', '', 20160242, 531, 1, 9, NULL),
(732, 'product detail', '', 240, 2, 9, '', '', 20160242, 531, 1, 9, NULL),
(733, 'contact pagina', '', 240, 2, 9, '', '', 20160242, 531, 1, 9, NULL),
(734, 'front end koppelen aan back-end', '', 720, 2, 9, '', '', 20160242, 532, 0, 0, NULL),
(735, 'content plaatsen', '', 420, 2, 9, '', '', 20160242, 532, 0, 0, NULL),
(736, 'test & fix', '', 420, 2, 9, '', '', 20160242, 534, 0, 0, NULL),
(737, 'SEO techniek update', '', 480, 2, 2, 'Hieronder een advies van Danny wat we zouden kunnen verbeteren als we het echt over SEO zouden hebben voor de website. De opdracht was natuurlijk om de huidige website te vervangen voor een nieuwe website op basis van de bestaande content. Er zijn dus bepaalde werkzaamheden niet uitgevoerd.\r\n \r\nHomepage  (mixfinity / klant)\r\nIk zie dat de homepage van-amerongen.com nu wordt geredirect naar .com/nl. Is dit bewust zo gedaan? \r\nIk zou de homepage namelijk nooit redirecten. Veruit de meeste linkwaarde zit op de homepage. \r\nMaar goed, wellicht dat hier vanuit Van Amerongen bewust voor gekozen is, om de NL taal te tonen op een .com adres? Het is beter om op een .com adres engelse taal te hebben. Dit houdt wel in dat iedereen dus eerst Engels als taal krijgt als men van-amerongen.com in de browser intoetst.\r\n \r\nAlternate hreflang (mixfinity)\r\nZou je bij de alternate hreflang tag ook de pagina waarop je jezelf bevind willen toevoegen? \r\n \r\nDus bij de pagina https://www.van-amerongen.com/nl/ca-ulo ook de hreflang tag aanmaken voor de Nederlandse URL. Verder ziet het er prima uit! \r\n \r\n<link rel="alternate" href="http://www.van-amerongen.com/de/ca-ulo" hreflang="de" />\r\n<link rel="alternate" href="http://www.van-amerongen.com/en/ca-ulo" hreflang="en" />\r\n<link rel="alternate" href="http://www.van-amerongen.com/es/ca-ulo" hreflang="es" />\r\n<link rel="alternate" href="http://www.van-amerongen.com/fr/ca-ulo" hreflang="fr" />\r\n<link rel="alternate" href="http://www.van-amerongen.com/tr/ca-ulo" hreflang="tr" />\r\n<link rel="alternate" href="http://www.van-amerongen.com/pt/ca-ulo" hreflang="pt" />\r\n<link rel="alternate" href="http://www.van-amerongen.com/ru/ca-ulo" hreflang="ru" />\r\n<link rel="alternate" href="http://www.van-amerongen.com/pl/ca-ulo" hreflang="pl" />\r\n \r\nSnelheid  (mixfinity)\r\nZodra er echt iets met vindbaarheid gedaan moet worden zou de snelheid ook verbeterd moeten worden (vooral de afbeeldingen zijn groot en daar is een grote slag te slaan). Als ik het kan inschatten is dit nu nog niet aan de orde?\r\n \r\n \r\nMeta title  (klant)\r\nVeel pagina’s hebben nog dezelfde title tag. Het zou beter zijn wanneer er voor iedere pagina een unieke title tag is. Kan dit bijvoorbeeld op basis van de paginanaam automatisch gebeuren? \r\nBij de pagina https://www.van-amerongen.com/nl/apple-storage is dit bijvoorbeeld ‘appels bewaren’. Als de title tag dan automatisch ‘Appels bewaren | Van Amerongen’ kan worden dan is iedere pagina in ieder geval voorzien van een unieke title tag. \r\n \r\n<image001.png>\r\n \r\nMeta descriptions  (klant)\r\nBij geen enkele pagina is er een meta description ingevuld. Ik zou de klant adviseren om dit te doen. (Moet nog in CMS worden geplaatst)\r\n \r\n \r\n ', '3-4-2017 SEO verbeteren', 20160362, 535, 1, 2, NULL),
(738, 'Tankmatch insights Week 10', '', 480, 2, 2, 'Tankmatch insights Week 10', '7-3-2017 diverse aanapssingen tankmatch\n7-3-2017 Extra aanpassingen André', 20160363, 536, 1, 2, NULL),
(739, 'Week 10', '', 480, 2, 0, 'Week 10', '7-3-2016: stainley en stella collectie\n8-3-2016: stainley en stella collectie', 20160364, 537, 1, 2, NULL),
(740, 'brochure', '', 120, 1, 3, '', '', 20160365, 538, 1, 3, NULL),
(741, 'bouwbord', '', 60, 1, 3, '', '', 20160365, 538, 1, 3, NULL),
(742, 'bowbord brickshop', '', 30, 1, 3, '', '', 20160365, 538, 1, 3, NULL),
(743, 'flyer / folder', '', 120, 1, 3, '', 'flyer opzet', 20160365, 538, 1, 3, NULL),
(744, 'filmen', '', 60, 1, 9, '', '', 20160366, 539, 1, 9, NULL),
(745, 'beeld bewerking', '', 180, 1, 3, '', '', 20160366, 540, 1, 3, NULL),
(746, 'brochure opmaak', '', 480, 1, 3, '', 'correcties', 20160367, 541, 1, 3, NULL),
(747, 'beurswand ontwerp', '', 120, 1, 3, '', '', 20160368, 542, 1, 3, NULL),
(748, 'adv', '', 60, 1, 3, '', '1e opzet adv', 20160369, 543, 1, 3, NULL),
(749, 'pitch verpakking ontwerp', '', 480, 1, 3, '', '', 20160370, 544, 1, 3, NULL),
(750, 'Digitransfer week 11', '', 480, 2, 2, 'Digitransfer week 11', '13-3-2017 Themashop aanpassingen\n16-3-2017 Werken oplocatie', 20160371, 545, 1, 2, NULL),
(751, '2 x 100 module folders', '', 0, 0, 0, '', '', 20160372, 0, 0, 0, NULL),
(752, 'campagne beelden', '', 120, 1, 3, '', '', 20160373, 546, 0, 0, NULL),
(753, 'Tankmatch insights week 11', '', 480, 2, 2, 'Tankmatch insights week 11', '14-3-2017: Aanpassingen Tankmatch gekoppelde reizen en scrollbalk\n16-3-2017: Aanpassingen Antje ', 20160374, 547, 1, 2, NULL),
(754, '50 visitekaartjes', '', 0, 0, 0, '', '', 20160375, 0, 0, 0, NULL),
(755, 'Week 11', '', 480, 2, 2, 'Week 11', '16-3-2017: Aanpassingen facebook login / standaard teksten', 20160376, 548, 1, 2, NULL),
(756, 'scherm presentatie sectoren + illustraties', '', 420, 1, 3, '', 'presentatie 1 maken', 20160377, 549, 1, 3, NULL),
(757, 'interpack presentatie', '', 480, 1, 3, '', '1e opzet', 20160378, 550, 1, 3, NULL),
(758, '10 x A3 boek VA 360 graden', '', 0, 0, 0, '', '', 20160380, 0, 0, 0, NULL),
(759, 'iconen ontwerpen', '', 180, 1, 3, '', '1e opzet maken', 20160381, 551, 1, 3, NULL),
(760, 'aanpasingen', '', 60, 1, 3, '', '', 20160206, 355, 1, 3, NULL),
(761, 'beschrijving op pagina zetten', '', 60, 1, 3, '', '', 20160382, 552, 0, 0, NULL),
(762, 'tekst plaasten + kassa koppelen en live zetten', '', 60, 2, 2, '', '', 20160382, 553, 0, 0, NULL),
(763, 'design maken zorg en ondersteuning', '', 600, 1, 3, '', '', 20160383, 554, 0, 0, NULL),
(764, 'Digitransfer week 12', '', 480, 2, 2, 'Digitransfer week 12', '20-3-2017 Bug fix line height\n22-3-2017 Oranje themashop aanapssen, Manel extra bestanden admin Digitransfer aanpassen.', 20160384, 555, 1, 2, NULL),
(765, 'Visser Goes Backend koppelen', '', 180, 2, 2, 'Visser Goes Backend koppelen', '21-3-2017: Filtering en zoeken maken', 20160385, 556, 1, 2, NULL),
(766, 'onthardingszout aanbieding', '', 60, 1, 3, '', '2e opzet', 20160386, 557, 1, 3, NULL),
(767, 'www.coolresearchonthemove.nl.eu.com', '', 0, 0, 0, '', '', 20160387, 0, 0, 0, NULL),
(768, 'Front - end Vincent', '', 360, 2, 9, '', '', 20160307, 558, 0, 0, NULL),
(769, 'Correcties van klant', '', 300, 2, 9, '', '', 20160242, 531, 0, 0, NULL),
(770, 'Week 13', '', 480, 2, 2, 'Week 13', '26-3-2017 Instellen productfeed OhJackie', 20160388, 559, 1, 2, NULL),
(771, 'Correcties V', '', 240, 2, 9, '', '', 20160308, 560, 1, 9, NULL),
(772, 'design haringparty 2017', '', 240, 1, 3, '', 'correcties', 20160389, 561, 1, 3, NULL),
(773, 'folder ', '', 420, 1, 3, '', '', 20160390, 562, 0, 0, NULL),
(774, 'mailing drukwerk', '', 60, 6, 3, '', '', 20160390, 563, 0, 0, NULL),
(775, 'container stickerern', '', 60, 1, 3, '\r\n\r\n', '550,-  /  inkoop 450,-', 20160390, 564, 0, 0, NULL),
(776, 'imprint', '', 60, 2, 9, 'in footer knopje imprint, dan een soort contact pagina waar alle bedrijfsgegevens opstaan', '', 20160391, 565, 0, 0, NULL),
(777, 'Cookie use', '', 15, 2, 9, 'Standaar cookie pop-up maken in footer (ook voor andere site\'s in te zetten. standaard tekst van interweb afhalen', '', 20160391, 565, 0, 0, NULL),
(778, 'correcties en fixes', '', 360, 2, 9, '', '', 20160262, 566, 0, 0, NULL),
(779, 'Front-end templates Fire', '', 300, 2, 9, '', '', 20160262, 567, 1, 10, NULL),
(780, 'Back-end Fire prevention', '', 180, 2, 9, '', '', 20160262, 567, 1, 10, NULL),
(781, 'Front-end templates Cultural', '', 300, 2, 9, '', '', 20160262, 568, 1, 10, NULL),
(782, 'Back-end Cultural Heritage', '', 180, 2, 9, '', '', 20160262, 568, 1, 10, NULL),
(783, 'Front-end templates Insect treatment', '', 300, 2, 9, '', '', 20160262, 569, 1, 10, NULL),
(784, 'Back-end Insect treatment', '', 180, 2, 9, '', '', 20160262, 569, 1, 10, NULL),
(785, 'Week 13', '', 480, 2, 2, 'Week 13', '29-3-2017 punten willemijn en Romy\n30-3-2017 punten Romy, samplekit Heineken', 20160392, 570, 1, 2, NULL),
(786, 'kast design', '', 60, 1, 3, '', '1e opzet', 20160393, 571, 1, 3, NULL),
(787, '', '', 0, 0, 0, '', '', 20160230, 0, 0, 0, NULL),
(788, 'opmaak A4 adv', '', 30, 1, 3, '', '', 20160394, 572, 1, 3, NULL),
(789, 'Concept fase', '', 1200, 1, 3, '', '', 20160395, 573, 0, 0, NULL),
(790, 'Verpakking', '', 600, 1, 3, '', '2e verpakkings design uitwerken', 20160395, 573, 0, 0, NULL),
(791, 'Website vormgeving', '', 600, 1, 3, '', '', 20160395, 573, 0, 0, NULL),
(792, 'Fotografie', '', 600, 1, 3, '', '', 20160395, 574, 0, 0, NULL),
(793, 'Film productie', '', 600, 1, 3, '', '', 20160395, 574, 0, 0, NULL),
(794, 'Storyboards', '', 600, 1, 3, '', '', 20160395, 573, 0, 0, NULL),
(795, 'meetings ', '', 1200, 1, 3, '', '', 20160395, 575, 0, 0, NULL),
(796, '', '', 0, 0, 0, '', '', 20160395, 0, 0, 0, NULL),
(797, 'uitwerking vouw folder', '', 240, 1, 3, '', '', 20160396, 576, 1, 3, NULL),
(798, 'correcties vouw folder', '', 120, 1, 3, '', '', 20160396, 576, 1, 3, NULL),
(799, 'Commodities vouw folder', '', 300, 1, 3, '', '1e concept vouwfolder', 20160397, 577, 1, 3, NULL),
(800, 'VPSA en PSA sticker', '', 60, 1, 3, '', '', 20160393, 571, 1, 3, NULL),
(801, 'Specsheet vormgeven', '', 60, 1, 3, '', 'word template maken', 20160398, 578, 1, 3, NULL),
(802, 'logo + redirect uitvoeren', '', 30, 2, 2, '', '3-4-2017', 20160399, 579, 1, 2, NULL),
(803, 'Week 14', '', 480, 2, 2, 'Week 14', '4-4-2017 Themashop cache aanmaken\n6-4-2017 Werken op locatie', 20160400, 580, 1, 2, NULL),
(804, 'word template maken van vQm', '', 15, 1, 10, '', '', 20160401, 581, 1, 10, NULL),
(806, 'wijzigingen', '', 120, 2, 10, '', '', 20160391, 582, 0, 0, NULL),
(807, 'VA synergy dibond plaat 120x170', '', 15, 1, 3, '', '', 20160402, 583, 1, 3, NULL),
(808, 'visitekaartjes Grote Kerk', '', 0, 6, 0, '', '', 20160403, 584, 1, 3, NULL),
(809, 'Website aanpassen haringparty', '', 60, 2, 2, '', '', 20160389, 585, 1, 2, NULL),
(810, 'nieuwe pixel creator ontwikkelen', '', 1800, 2, 2, '', '', 20160404, 586, 0, 0, NULL),
(811, 'Safety module / Blog ontwikkelen', '', 1800, 2, 2, '', '', 20160405, 587, 0, 0, NULL),
(812, 'test & fix module', '', 300, 2, 2, '', '', 20160405, 587, 0, 0, NULL),
(813, 'Module instaleren en live zetten', '', 120, 2, 2, '', '', 20160405, 587, 0, 0, NULL),
(814, 'Blog pagina', '', 600, 2, 9, '', '', 20160405, 588, 0, 0, NULL),
(815, 'Blog design', '', 240, 2, 3, '', '', 20160405, 589, 0, 0, NULL),
(816, 'Menu', '', 420, 2, 9, '', '', 20160157, 427, 1, 9, NULL),
(817, 'wijzigingen designs', '', 180, 1, 3, '', '', 20160273, 590, 1, 3, NULL),
(818, 'home slider met knoppen', '', 240, 2, 9, '', '', 20160273, 591, 0, 0, NULL),
(819, 'Home tekst blok met link elementen', '', 120, 2, 9, '', '', 20160273, 591, 1, 9, NULL),
(820, 'home projectblok', '', 120, 2, 9, '', '', 20160273, 591, 0, 0, NULL),
(821, 'contactblok', '', 30, 2, 9, '', '', 20160273, 591, 0, 0, NULL),
(822, 'home recent toegevoegde schepen', '', 120, 2, 9, '', '', 20160273, 591, 0, 0, NULL),
(823, '', '', 0, 0, 0, '', '', 20160273, 0, 0, 0, NULL),
(824, 'overzicht pagina scheepsaanbod met filters', '', 300, 2, 9, '', '', 20160273, 591, 0, 0, NULL),
(825, 'detail pagina schip', '', 360, 2, 9, '', '', 20160273, 591, 0, 0, NULL),
(826, 'tekst pagina', '', 60, 2, 9, '', '', 20160273, 591, 0, 0, NULL),
(827, 'visueel link blokken voor oop tekst pagina\'s', '', 60, 2, 9, '', '', 20160273, 591, 0, 0, NULL),
(828, 'schip aanmelden', '', 180, 2, 9, '', '', 20160273, 591, 0, 0, NULL),
(829, 'Opgeleverde schepen', '', 120, 2, 9, '', '', 20160273, 591, 0, 0, NULL),
(830, 'Opgeleverde schepen detail pagina', '', 60, 2, 9, '', '', 20160273, 591, 0, 0, NULL),
(831, 'Type casco\'s pagina', '', 120, 2, 9, '', '', 20160273, 591, 0, 0, NULL),
(832, 'nieuws overzicht', '', 120, 2, 9, '', '', 20160273, 591, 0, 0, NULL),
(833, 'nieuws detail pagina', '', 60, 2, 9, '', '', 20160273, 591, 0, 0, NULL),
(834, 'contact pagina', '', 120, 2, 9, '', '', 20160273, 591, 0, 0, NULL),
(835, 'Wijzigingen van klant', '', 300, 2, 9, '', '', 20160273, 591, 0, 0, NULL),
(836, 'Test & Fix', '', 360, 2, 9, '', '', 20160273, 591, 0, 0, NULL),
(837, 'schip aanmelden + status + wijzigen in cms', '', 300, 2, 2, '', '', 20160273, 592, 1, 2, NULL),
(838, '1 handeling om reeks foto\'s bij schip te plaatsen', '', 60, 2, 2, '', '', 20160273, 592, 1, 2, NULL),
(839, 'migratie van scheepsaanbod', '', 120, 2, 2, '', '2-5-2017', 20160273, 592, 1, 2, NULL),
(840, 'migratie van klanten en archief', '', 120, 2, 2, '', '', 20160273, 592, 1, 2, NULL),
(841, 'filters scheepsaanbod', '', 60, 2, 2, '', '', 20160273, 592, 1, 2, NULL),
(842, 'Maand april', '', 2000, 2, 2, 'Maand april', '10-4-2017 Data gewijzigd dagboeken bij pijltjes melding geven. Support geven 233\n7-4-2017 Op locatie werken\n14-4-2017 Op locatie wer\n19-4-2017 email instellen en diverse mail\n20-4-2017 138 verkoopfacturen doorzet\n21-4-2017 Werken op locatie\n28-4-2017 Werken op locatie', 20160406, 593, 1, 2, NULL),
(843, 'visitekaartjes Johan + 2 vlaggen', '', 10, 6, 3, '', '', 20160407, 594, 1, 3, NULL),
(844, 'Pippel Infra logo design', '', 480, 1, 3, '', '', 20160408, 595, 0, 0, NULL),
(845, 'Implementatie en overleg', '', 1600, 2, 2, 'Implementatie en overleg', '10-4-2017 Telefonisch overleg\nAanpassingen musthavedistrict', 20160409, 596, 1, 2, NULL),
(846, 'dtp aanpassingen', '', 120, 1, 3, '', 'teksten plaatsen en product foto aanpassen', 20160397, 577, 1, 3, NULL),
(847, 'stickers + plakken ', '', 30, 1, 3, '', 'bestanden maken', 20160410, 597, 1, 3, NULL),
(848, 'werkzaamheden week 15', '', 600, 2, 2, '', '11-4-2017  Werkzaamheden about astrid / link verwijderen / facturen opnieuw opslaan / DTG printer\n13-4-2017 werken op locatie', 20160411, 598, 1, 2, NULL),
(849, '1000 stickers op rol 30 mm', '', 10, 1, 3, '', '150,- verkoop', 20160412, 599, 1, 3, NULL),
(850, 'drukwerk', '', 0, 0, 0, 'VR 2 ex. € 265,00  (€ 205,00)\r\n\r\nFotein 2 ex. € 283,00 (€ 243,00)', '', 20160410, 0, 0, 0, NULL),
(851, '360 foto Robert Peek', '', 10, 1, 3, '', 'regelen', 20160413, 600, 1, 3, NULL),
(852, '3000 vel', '', 0, 6, 0, '', '', 20160414, 0, 0, 0, NULL),
(853, 'machine domingsstickers div formaten', '', 60, 1, 3, '', '', 20160415, 601, 1, 3, NULL),
(854, '10 x A3 boek b-cat projects', '', 0, 0, 0, '', '', 20160416, 0, 0, 0, NULL),
(855, 'Week 16', '', 480, 2, 2, 'Week 16', '20-4-2017: Punten Danny', 20160417, 602, 1, 2, NULL),
(856, 'Concordia group website', '', 480, 2, 2, 'Concordia group website', '', 20160418, 603, 1, 2, NULL),
(857, 'Funda XML aanpassing', '', 60, 2, 2, 'Funda XML aanpassing', 'Aanpassing Funda XML voor invoegen soort object. Soort objecten (appartement/woonhuis)\n', 20160419, 604, 1, 2, NULL),
(858, '1000 vel brief colvenier biotop', '', 0, 0, 0, '', '', 20160420, 0, 0, 0, NULL),
(859, 'Backend Lijst condities', '', 480, 2, 2, 'Backend Lijst condities', '24-4-2017 start condities\n25-4-2017 afronden condities', 20160273, 605, 0, 0, NULL),
(860, 'Kleine aanpassingen Laura', '', 180, 2, 2, 'Kleine aanpassingen Laura', 'Laura aanapss', 20160421, 606, 1, 2, NULL),
(861, 'Musthave, productfeed aanpassen', '', 60, 2, 2, 'Musthave, productfeed aanpassen', 'Aanpassen musthave productfeed', 20160422, 607, 1, 2, NULL),
(862, 'visitekaartje Kurt Su', '', 15, 1, 3, '', '', 20160423, 608, 1, 3, NULL),
(863, '50 A4 folder + 100 A4 datasheets', '', 0, 0, 0, '', '', 20160424, 609, 0, 0, NULL),
(864, 'opmaak adv', '', 15, 1, 3, '', '', 20160425, 610, 1, 3, NULL),
(865, 'logo ontwerp', '', 360, 1, 3, '', '', 20160426, 611, 1, 3, NULL),
(866, 'Digitransfer week 18', '', 480, 2, 2, 'Digitransfer week 18', '', 20160427, 612, 1, 2, NULL),
(867, 'Maand mei dijkland implementatie', '', 2000, 2, 2, 'Maand mei dijkland implementatie', '', 20160428, 613, 0, 0, NULL),
(868, 'opmaak 2 banners 390x250', '', 180, 1, 3, '', '', 20160429, 614, 1, 3, NULL),
(869, 'omzetten naar vector bestand', '', 30, 1, 3, '', '', 20160430, 615, 1, 3, NULL),
(870, 'folder wijzigingen', '', 60, 1, 3, '', '', 20160431, 616, 1, 3, NULL),
(871, '250 datasheets en 100 folders', '', 0, 0, 0, '', '', 20160432, 0, 0, 0, NULL),
(872, '2 maten domingstickers (40x40 + 140x140) 200 stuks totaal', '', 0, 0, 0, '', '', 20160433, 617, 0, 0, NULL),
(873, 'Willekeurige dingen', NULL, 240, 2, 2, 'Dit is een tset', 'test', 20160434, 618, 1, 2, '59106f6fa133953c1d62e3d7'),
(874, 'Buttons opmaken', NULL, 60, 2, 2, 'Buttons opmaken als ontwerp', '', 20160434, 618, 1, 2, '59106f8264d2b952618b8b11'),
(875, 'Website bouwen', NULL, 600, 2, 1, 'Dit is de omschrijving', '', 20160435, 619, 0, 0, '59108a024f7e3dd510c1c82d');
INSERT INTO `project_lines` (`id`, `name`, `category`, `estimation`, `division_id`, `employee_id`, `description`, `internal_description`, `project_id`, `category_id`, `done`, `done_by`, `trello_id`) VALUES
(876, 'Correcties', NULL, 150, 2, 1, 'Dit zijn correcties', '', 20160435, 620, 0, 0, '59108a6fe549e3d085885041'),
(877, 'aanpassen van huidige presentatie', NULL, 60, 1, 3, 'aanpassingen met Hans bespreken', '', 20160436, 621, 1, 3, '5915caaf72fa51b8ea3791cd'),
(878, 'extra correcties', NULL, 60, 1, 3, '', '', 20160436, 621, 0, 0, '5915cac5cd384a37e1b1b29e'),
(879, 'nieuwe regel', NULL, 60, 2, 9, '', '', 20160436, 622, 0, 0, '5915cb5f1712e9f0836abd56'),
(880, 'asdf', NULL, 1, 3, 7, 'asdf', '', 20160448, 623, 0, 0, '5922d747184ce72c13200afc'),
(881, 'Test', NULL, 3, 1, 7, 'asdfasdf', '', 20160451, 624, 0, 0, '595a3c0c773d8073d97fc65c');

-- --------------------------------------------------------

--
-- Tabelstructuur voor tabel `project_status`
--

CREATE TABLE `project_status` (
  `id` int(2) NOT NULL,
  `name` varchar(50) NOT NULL,
  `priority` int(11) NOT NULL
) ENGINE=InnoDB DEFAULT CHARSET=latin1;

--
-- Gegevens worden geëxporteerd voor tabel `project_status`
--

INSERT INTO `project_status` (`id`, `name`, `priority`) VALUES
(1, 'In aanmaak', 1),
(2, 'In planning', 2),
(3, 'Nog starten', 3),
(4, 'Mee bezig', 4),
(5, 'Afgerond', 8),
(6, 'Check', 7),
(7, 'In proef', 5),
(8, 'Wachten op feedback', 6);

-- --------------------------------------------------------

--
-- Tabelstructuur voor tabel `reports`
--

CREATE TABLE `reports` (
  `id` int(11) NOT NULL,
  `contact_id` int(11) DEFAULT NULL,
  `name` varchar(255) DEFAULT NULL,
  `date_created` datetime DEFAULT NULL ON UPDATE CURRENT_TIMESTAMP,
  `created_by` int(255) DEFAULT NULL
) ENGINE=MyISAM DEFAULT CHARSET=latin1;

--
-- Gegevens worden geëxporteerd voor tabel `reports`
--

INSERT INTO `reports` (`id`, `contact_id`, `name`, `date_created`, `created_by`) VALUES
(1, 1, 'Mijn eerste rapport', '2017-07-27 13:22:37', 1);

-- --------------------------------------------------------

--
-- Tabelstructuur voor tabel `report_channels`
--

CREATE TABLE `report_channels` (
  `id` int(11) NOT NULL,
  `report_id` int(11) DEFAULT NULL,
  `channel_name` varchar(255) DEFAULT NULL,
  `channel_visitors` int(13) DEFAULT NULL,
  `channel_bounce` int(13) DEFAULT NULL,
  `channel_time` decimal(10,0) DEFAULT NULL,
  `channel_conversions` int(13) DEFAULT NULL
) ENGINE=MyISAM DEFAULT CHARSET=latin1;

-- --------------------------------------------------------

--
-- Tabelstructuur voor tabel `report_target`
--

CREATE TABLE `report_target` (
  `id` int(11) NOT NULL,
  `report_id` int(11) DEFAULT NULL,
  `page_name` varchar(255) DEFAULT NULL,
  `page_url` varchar(255) DEFAULT NULL
) ENGINE=MyISAM DEFAULT CHARSET=latin1;

-- --------------------------------------------------------

--
-- Tabelstructuur voor tabel `report_visitors`
--

CREATE TABLE `report_visitors` (
  `id` int(11) NOT NULL,
  `name` varchar(255) DEFAULT NULL,
  `prev_name` varchar(255) DEFAULT NULL,
  `total_visitors` int(255) DEFAULT NULL,
  `total_visitors_prev` int(255) DEFAULT NULL,
  `unique_visitors` int(255) DEFAULT NULL,
  `unique_visitors_prev` int(255) DEFAULT NULL,
  `report_id` int(11) DEFAULT NULL
) ENGINE=MyISAM DEFAULT CHARSET=latin1;

--
-- Gegevens worden geëxporteerd voor tabel `report_visitors`
--

INSERT INTO `report_visitors` (`id`, `name`, `prev_name`, `total_visitors`, `total_visitors_prev`, `unique_visitors`, `unique_visitors_prev`, `report_id`) VALUES
(1, 'Juli 2017', 'Juli 2016', 200, 500, 190, 350, 1);

-- --------------------------------------------------------

--
-- Tabelstructuur voor tabel `rights`
--

CREATE TABLE `rights` (
  `id` int(11) NOT NULL,
  `icon` varchar(12) NOT NULL DEFAULT '0',
  `hasSub` bit(1) NOT NULL DEFAULT b'0',
  `parent_id` int(5) NOT NULL DEFAULT '0',
  `name` varchar(50) NOT NULL,
  `internal_name` varchar(50) DEFAULT NULL,
  `priority` int(5) NOT NULL,
  `link` varchar(150) NOT NULL
) ENGINE=InnoDB DEFAULT CHARSET=latin1;

--
-- Gegevens worden geëxporteerd voor tabel `rights`
--

INSERT INTO `rights` (`id`, `icon`, `hasSub`, `parent_id`, `name`, `internal_name`, `priority`, `link`) VALUES
(1, 'dashboard', b'0', 0, 'Dashboard', 'dashboard', 1, '/dashboard/dashboard'),
(2, 'bug', b'0', 0, 'Mijn correcties', 'tickets', 2, '/tickets/tickets'),
(3, 'tasks', b'0', 0, 'Mijn projecten', 'projects', 3, '/projects/projects'),
(4, 'eur', b'0', 0, 'Offertes', 'offers', 7, '/offers/offers'),
(5, 'table', b'0', 0, 'Planning', 'plan', 8, '/plan/plan'),
(6, 'users', b'0', 0, 'Klanten', 'contacts', 9, '/contacts/contacts'),
(7, 'cogs', b'1', 0, 'Configuratie', 'config', 11, '/config/config'),
(8, '0', b'0', 7, 'Algemeen', 'general', 11, '/config/config/general'),
(9, '0', b'0', 7, 'Gebruikers', 'users', 12, '/config/config/users'),
(10, '0', b'0', 7, 'Rechten', 'rights', 13, '/config/config/rights'),
(11, '0', b'0', 7, 'Standaard offerte regels', 'offerlines', 14, '/config/config/offerlines'),
(12, 'plus-square', b'0', 0, 'Projectbeheer', 'projectsm', 5, '/projectsm/projectsm/'),
(13, 'tasks', b'0', 0, 'Alle projecten', 'allprojects', 4, '/projects/projects/allProjects'),
(14, 'archive', b'0', 0, 'Archief', 'archive', 6, '/projectsm/projectsm/archive'),
(15, 'paint-brush', b'0', 0, 'Drukwerk', 'projects', 4, '/projects/projects/drukwerk'),
(16, 'archive', b'0', 0, 'Dossiers', 'dossiers', 4, 'javascript: alert(\'Jammer Vincent! \\r\\nHier mag jij niet kijken!\');'),
(17, 'key', b'0', 0, 'Vault', 'passwords', 10, '/passwords/passwords'),
(18, 'chrome', b'0', 0, 'Ontwikkeldomeinen', 'domains', 10, '/domains/domains'),
(19, 'list-alt', b'0', 0, 'Checklist', 'checklists', 9, '/checklists/checklists'),
(20, 'clock-o', b'0', 0, 'Werkrapport', 'work', 8, '/work/work'),
(21, 'area-chart', b'0', 0, 'Klantenrapportages', 'reports', 10, '/reports/reports');

-- --------------------------------------------------------

--
-- Tabelstructuur voor tabel `rights_tree`
--

CREATE TABLE `rights_tree` (
  `id` int(5) NOT NULL,
  `profile_id` int(6) NOT NULL,
  `rights_id` int(6) NOT NULL
) ENGINE=InnoDB DEFAULT CHARSET=latin1;

--
-- Gegevens worden geëxporteerd voor tabel `rights_tree`
--

INSERT INTO `rights_tree` (`id`, `profile_id`, `rights_id`) VALUES
(18, 3, 7),
(19, 3, 1),
(20, 3, 3),
(160, 2, 13),
(161, 2, 1),
(162, 2, 2),
(163, 2, 3),
(164, 2, 18),
(165, 2, 17),
(236, 1, 13),
(237, 1, 14),
(238, 1, 19),
(239, 1, 7),
(240, 1, 1),
(241, 1, 6),
(242, 1, 21),
(243, 1, 3),
(244, 1, 4),
(245, 1, 18),
(246, 1, 5),
(247, 1, 12),
(248, 1, 17),
(249, 1, 20);

-- --------------------------------------------------------

--
-- Tabelstructuur voor tabel `sub_projects`
--

CREATE TABLE `sub_projects` (
  `id` int(9) NOT NULL,
  `project_id` int(9) NOT NULL,
  `name` varchar(255) NOT NULL,
  `planned` int(11) DEFAULT NULL,
  `priority` int(11) NOT NULL DEFAULT '0',
  `division_id` int(4) DEFAULT NULL,
  `visible` int(1) DEFAULT NULL
) ENGINE=InnoDB DEFAULT CHARSET=latin1;

--
-- Gegevens worden geëxporteerd voor tabel `sub_projects`
--

INSERT INTO `sub_projects` (`id`, `project_id`, `name`, `planned`, `priority`, `division_id`, `visible`) VALUES
(44, 15, 'Visitekaartjes', 1, 0, 1, 1),
(45, 15, 'Website', 1, 0, 2, 1),
(46, 12, 'test', 1, 0, 2, 1),
(47, 16, 'Implementatie', 1, 0, 2, 1),
(48, 17, 'Front-end design', 1, 0, 1, 1),
(49, 18, 'Schetsen', 1, 0, 1, 1),
(50, 18, 'Creator', 1, 0, 1, 1),
(51, 18, 'Paginas', 1, 0, 1, 1),
(52, 17, 'SEO voorbereiding', 1, 0, 3, 1),
(53, 17, 'SEO voorbereiding', NULL, 0, 0, 1),
(54, 18, 'Template', 1, 0, 2, 1),
(55, 19, 'Implementatie', 1, 0, 2, 1),
(56, 18, 'Creator', 1, 0, 2, 1),
(57, 17, 'Front-end ontwikkelen', NULL, 0, 2, 1),
(58, 17, 'Front-end ontwikkeling', 1, 0, 2, 0),
(59, 17, 'Koppelingen', 1, 0, 2, 1),
(60, 17, 'CMS', 1, 0, 2, 0),
(61, 17, 'Testen Graphic', 1, 0, 2, 1),
(62, 17, 'Testen Web', 1, 0, 1, 1),
(63, 17, 'Testen Search', 1, 0, 3, 1),
(64, 17, 'Overleg', 1, 0, 1, 1),
(65, 17, 'Overleg', 1, 0, 2, 1),
(66, 17, 'Overleg', 1, 0, 3, 1),
(67, 20, 'Implementatie', 1, 0, 2, 1),
(68, 21, 'Design', 1, 0, 1, 1),
(69, 22, 'Schets/Concept', 1, 0, 1, 1),
(70, 23, 'Design', 1, 0, 1, 1),
(71, 23, 'DTP', 1, 0, 1, 1),
(72, 18, 'Design front-end', 1, 0, 1, 1),
(73, 24, 'DTP', 1, 0, 1, 1),
(74, 26, 'design', 1, 0, 1, 1),
(75, 25, 'Design', 1, 0, 1, 1),
(76, 26, 'Design + drukwerk', 1, 0, 1, 1),
(77, 27, 'Back-end', 0, 0, 2, 1),
(78, 28, 'Implementatie', 1, 0, 2, 1),
(79, 22, 'Overleg', 1, 0, 1, 1),
(80, 29, 'Implementatie', 1, 0, 2, 1),
(81, 30, 'Implementatie', 1, 0, 2, 1),
(82, 27, 'Nieuw project', NULL, 0, 1, 1),
(83, 20160031, 'Design', 1, 0, 1, 1),
(84, 20160032, 'DTP werk', 1, 0, 1, 1),
(85, 20160033, 'Design', 1, 0, 1, 1),
(86, 20160034, 'Drukwerk', 1, 0, 1, 1),
(87, 20160035, 'Front-end aanpassing', 1, 0, 2, 1),
(88, 20160036, 'IT', 1, 0, 2, 1),
(89, 18, 'Plugin', 1, 0, 2, 1),
(90, 20160037, 'DTP', 1, 0, 1, 1),
(91, 20160038, 'Front-end', 1, 0, 2, 1),
(92, 20160039, 'Drukwerk', 1, 0, 1, 1),
(93, 20160040, 'Front-end', 1, 0, 2, 1),
(94, 20160038, 'Design', 1, 0, 1, 1),
(95, 20160041, 'Implementatie', 1, 0, 2, 1),
(96, 20160042, 'Implementatie', 1, 0, 2, 1),
(97, 18, 'Creator V2', 1, 0, 2, 1),
(100, 20160044, 'Homepage', 1, 0, 1, 0),
(101, 20160044, 'Dienstenpagina', NULL, 0, 2, 1),
(102, 20160044, 'Dienstenpagina', 1, 0, 1, 0),
(103, 20160044, 'Contactpagina', 1, 0, 1, 0),
(104, 20160045, 'Design', 1, 0, 1, 1),
(105, 20160045, 'DTP uitwerken', 1, 0, 1, 1),
(106, 20160047, 'Implementatie', 1, 0, 2, 1),
(107, 18, 'Extra', 1, 0, 1, 1),
(108, 20160048, 'Implementatie', 1, 0, 2, 1),
(109, 22, 'Offerte uitbreidingen', 1, 0, 1, 1),
(110, 20160043, 'Front-end', 1, 0, 2, 1),
(111, 20160049, 'Front-end', 1, 0, 2, 1),
(112, 20160049, 'CMS', 1, 0, 2, 1),
(113, 20160050, 'Implementatie', 1, 0, 2, NULL),
(114, 20160051, 'Implementatie', 1, 0, 2, 1),
(115, 20160052, 'Implementatie', 1, 0, 2, 1),
(116, 20160053, 'Design', 1, 0, 1, 1),
(117, 20160054, 'Design', 1, 0, 1, 1),
(118, 20160054, 'Frond-end', 1, 0, 2, 1),
(119, 20160055, 'Design', 1, 0, 1, 1),
(120, 20160056, 'Design', 1, 0, 1, 1),
(121, 20160057, 'Design', 1, 0, 1, 1),
(122, 20160058, 'Design', 1, 0, 1, 1),
(123, 20160059, 'Drukwerk', 1, 0, 6, 1),
(124, 20160060, 'Design', 1, 0, 1, 1),
(125, 20160061, 'Design + drukwerk', 1, 0, 1, 1),
(126, 20160062, 'Template', 1, 0, 2, 1),
(127, 20160063, 'Design', 1, 0, 1, 1),
(128, 20160064, 'Implementatie', 1, 0, 2, 1),
(129, 20160065, 'DTP', 1, 0, 1, 1),
(130, 20160049, 'Front-end aanpassing', 1, 0, 2, 1),
(131, 20160054, 'Front-end', 1, 0, 2, 1),
(132, 18, 'Creator aanpassingen, pop ups en invul kaartje', 1, 0, 1, 1),
(133, 20160066, 'Implementatie', 1, 0, 2, 1),
(134, 20160067, 'Design', 1, 0, 1, 1),
(135, 20160068, 'Implementatie', 1, 0, 2, 1),
(136, 20160069, 'Digi week 19', 1, 0, 2, 1),
(137, 20160070, 'Design', 1, 0, 1, 1),
(138, 20160071, 'Nieuw ISO logo', 1, 0, 1, 1),
(139, 20160072, 'Website update front-end', NULL, 0, 0, NULL),
(140, 20160072, 'Front-end', 1, 0, 2, 1),
(141, 20160072, 'Front-end', 1, 0, 1, 1),
(142, 20160072, 'Back-end', 1, 0, 2, 1),
(143, 20160073, 'Design', 1, 0, 1, 1),
(144, 20160074, 'Design', 1, 0, 1, 1),
(145, 20160075, 'concept', 1, 0, 1, 1),
(146, 20160076, 'Blok 1', 1, 0, 2, 0),
(147, 20160076, 'Blok 2', 1, 0, 2, NULL),
(148, 20160076, 'Blok 3', 1, 0, 2, NULL),
(149, 20160076, 'Blok 4', 1, 0, 2, NULL),
(150, 20160076, 'Blok 5', 1, 0, 2, NULL),
(151, 18, 'Nieuwe aanpassingen', 1, 0, 2, 1),
(152, 20160076, 'Blok 6', 1, 0, 2, NULL),
(153, 20160076, 'Blok 7', 1, 0, 2, NULL),
(154, 20160076, 'Blok 8', 1, 0, 2, NULL),
(155, 20160076, 'Design', NULL, 0, 2, NULL),
(156, 20160076, 'Design', 1, 0, 1, 0),
(157, 20160076, 'Test & Fix', 1, 0, 2, NULL),
(158, 20160076, 'Device check', 1, 0, 2, NULL),
(159, 20160077, 'Design', 1, 0, 1, 1),
(160, 20160078, 'Back-end', 1, 0, 2, 1),
(161, 20160079, 'design', 1, 0, 1, 1),
(162, 18, 'Aanpassingen na overleg', 1, 0, 2, 1),
(163, 18, 'Aanpassingen na overleg', NULL, 0, 0, NULL),
(164, 20160080, 'Programeren', 1, 0, 2, 1),
(165, 20160081, 'Design', 1, 0, 1, 1),
(166, 20160082, 'Design', 1, 0, 1, 1),
(167, 20160082, 'Front-end', NULL, 0, 1, NULL),
(168, 20160082, 'Back-end', 1, 0, 2, 1),
(169, 20160082, 'Front-end', 1, 0, 2, 0),
(170, 20160082, 'SEO', 1, 0, 2, NULL),
(171, 20160083, 'Design', 1, 0, 1, 1),
(172, 20160084, 'Design', 1, 0, 1, 1),
(173, 20160084, 'Front-end', 1, 0, 2, 1),
(174, 20160084, 'Back-end', 1, 0, 2, 1),
(175, 20160085, 'Design', 1, 0, 1, 1),
(176, 20160086, 'Design', 1, 0, 1, 1),
(177, 20160086, 'App ontwikkeling', 1, 0, 2, 1),
(178, 20160086, 'Testen', 1, 0, 2, NULL),
(179, 20160086, 'Testen', 1, 0, 1, 1),
(180, 20160087, 'Design', 1, 0, 1, 1),
(181, 20160088, 'Design logo', 1, 0, 1, 1),
(182, 20160089, 'ontwikkeling', 1, 0, 2, 1),
(183, 20160090, 'implementatie ', 1, 0, 2, 1),
(184, 20160091, 'ontwikkeling', 1, 0, 2, 1),
(185, 20160092, 'implementatie ', 1, 0, 2, 1),
(186, 20160093, 'App ontwikkeling', 1, 0, 2, 1),
(187, 17, 'Implementatie', 1, 0, 2, 1),
(188, 20160078, 'CMS', 1, 0, 2, 1),
(189, 20160094, 'Website', 1, 0, 2, 1),
(190, 20160095, 'Hostned', 1, 0, 2, 1),
(191, 20160096, 'Design', 1, 0, 1, 1),
(192, 20160097, 'Implementatie', 1, 0, 2, 1),
(193, 20160098, 'Implementatie', 1, 0, 2, 1),
(194, 20160099, 'Design', 1, 0, 1, 1),
(195, 20160100, 'Design logo', 1, 0, 1, 1),
(196, 20160100, 'Website design', 1, 0, 1, 1),
(197, 20160100, 'Project management', 1, 0, 1, 1),
(198, 20160101, 'Design', 1, 0, 1, 1),
(199, 20160102, 'Design', 1, 0, 1, 1),
(200, 20160103, 'DTP correcties', 1, 0, 1, 1),
(201, 20160104, 'DTP correcties', 1, 0, 1, 1),
(202, 20160105, 'smoelenboek design', 1, 0, 1, 1),
(203, 20160105, 'Front-end', 1, 0, 1, 0),
(204, 20160105, 'Back-end / CMS', 1, 0, 2, 0),
(205, 20160106, 'drukwerk', 1, 0, 1, 1),
(206, 20160107, 'drukwerk', 1, 0, 1, 1),
(207, 20160108, 'Front-end', 1, 0, 2, 1),
(208, 20160108, 'Back-end', 1, 0, 2, 1),
(209, 20160109, 'Implementatie', 1, 0, 2, 1),
(210, 20160110, 'Design logo', 1, 0, 1, 1),
(211, 20160110, 'Front-end', 1, 0, 2, 1),
(212, 20160110, 'front/back-end', 1, 0, 2, 1),
(213, 20160111, 'DTP', 1, 0, 4, 1),
(214, 20160112, 'Implementatie', 1, 0, 2, 1),
(215, 20160108, 'Content', 1, 0, 2, 1),
(216, 20160113, 'Controle en eindfase letterpress', 1, 0, 2, 1),
(217, 20160114, 'DTP', 1, 0, 1, 1),
(218, 20160115, 'DTP', 1, 0, 1, 1),
(219, 20160116, 'Design', 1, 0, 1, 1),
(220, 20160116, 'Front-end', 1, 0, 2, 1),
(221, 20160116, 'Back-end', 1, 0, 2, 1),
(222, 20160118, 'Pools', 1, 0, 1, 1),
(223, 20160118, 'Turks', 1, 0, 1, 1),
(224, 20160118, 'Duits', 1, 0, 1, 1),
(225, 20160119, 'Drukwerk', 1, 0, 6, 1),
(226, 20160120, 'Implementatie', 1, 0, 2, 1),
(227, 20160118, 'Spaans', 1, 0, 1, 1),
(228, 20160118, 'Russisch', 1, 0, 1, 1),
(229, 20160118, 'Frans', 1, 0, 1, 1),
(230, 20160121, 'Frans', 1, 0, 1, 1),
(231, 20160121, 'Russisch', 1, 0, 1, 1),
(232, 20160121, 'Spaans', 1, 0, 1, 1),
(233, 20160122, 'DCA infographic Russisch', 1, 0, 1, 1),
(234, 20160123, 'Design', 1, 0, 1, 1),
(235, 20160123, 'Front-end', NULL, 0, 1, NULL),
(236, 20160123, 'Back-end', 1, 0, 2, 1),
(237, 20160123, 'Front-end', 1, 0, 2, 1),
(238, 18, 'Design', 1, 0, 1, 1),
(239, 20160124, 'voorbereiding', 1, 0, 5, NULL),
(240, 20160124, 'werk', NULL, 0, 6, NULL),
(241, 20160125, 'Implementatie', 1, 0, 2, 1),
(242, 20160126, 'Design', 1, 0, 1, 1),
(243, 20160127, 'Implementatie', 1, 0, 2, 1),
(244, 20160128, 'Dennis', 1, 0, 2, 1),
(245, 20160128, 'JW', 1, 0, 2, 1),
(246, 20160129, 'Design', 1, 0, 1, 1),
(247, 20160130, 'Implementatie', 1, 0, 2, 1),
(248, 20160131, 'Implementatie', 1, 0, 2, 1),
(249, 20160132, 'Implementatie', 1, 0, 2, 1),
(250, 20160133, 'Drukwerk', 1, 0, 6, 1),
(251, 20160134, 'drukwerk', 1, 0, 6, 1),
(252, 20160135, 'design', 1, 0, 1, 1),
(253, 20160136, 'design', 1, 0, 1, 1),
(254, 17, 'Backend koppelen', 1, 0, 2, 1),
(255, 20160137, 'Front-end', 1, 0, 2, 1),
(256, 20160138, 'Implementatie', 1, 0, 2, 1),
(257, 20160139, 'Correcties van Ramzi', 1, 0, 2, 1),
(258, 20160140, 'Implementatie', 1, 0, 2, 1),
(259, 20160141, 'design', 1, 0, 1, 1),
(260, 20160142, 'Aanpassingen', 1, 0, 2, 1),
(261, 20160143, 'front-end', 1, 0, 2, 1),
(262, 20160144, 'design', 1, 0, 1, 1),
(263, 20160145, 'design', 1, 0, 1, 1),
(264, 20160145, 'front-end', 1, 0, 2, 1),
(265, 20160145, 'Back-end', 1, 0, 2, 1),
(266, 20160146, 'Design', 1, 0, 1, 1),
(267, 20160146, 'front-end', 1, 0, 2, 1),
(268, 20160146, 'back-end', 1, 0, 2, 1),
(269, 20160147, 'design en concept', 1, 0, 1, 1),
(270, 20160148, 'Front-end design ', 1, 0, 1, 1),
(271, 20160148, 'flowcahrt ', 1, 0, 1, 1),
(272, 20160149, 'Implementatie', 1, 0, 2, 1),
(273, 20160150, 'ICT', 1, 0, 2, 1),
(274, 20160151, 'Homepage template', 1, 0, 2, 1),
(275, 20160151, 'Over ons template', NULL, 0, 0, NULL),
(276, 20160151, 'Over ons template', 1, 0, 2, 1),
(277, 20160151, 'Contactpagina', 1, 0, 2, 1),
(278, 20160151, 'Werk templates', 1, 0, 2, 1),
(279, 20160151, 'templates koppelen aan CMS', 1, 0, 2, 1),
(280, 20160151, 'website online zetten', 1, 0, 2, 0),
(281, 20160150, 'Implementatie', 1, 0, 2, 1),
(282, 20160152, 'Implementatie', 1, 0, 2, 1),
(283, 20160153, 'Front end JW', 1, 0, 2, 1),
(284, 20160153, 'Front end Dennis', 1, 0, 2, 1),
(285, 20160153, 'Back end Dennis', 1, 0, 2, 1),
(286, 20160143, 'Front en Back End Dennis', 1, 0, 2, 1),
(287, 20160154, 'Logo design', 1, 0, 1, 1),
(288, 20160154, 'huisstijl', 1, 0, 1, 1),
(289, 20160155, 'Design', 1, 0, 1, 1),
(290, 20160156, 'Implementatie', 1, 0, 2, 1),
(291, 20160157, 'design en concept', 1, 0, 1, 1),
(292, 20160158, 'design', 1, 0, 1, 0),
(293, 20160159, 'Implementatie', 1, 0, 2, 1),
(294, 20160156, 'App ontwikkeling', 1, 0, 2, NULL),
(295, 20160160, 'Design', 1, 0, 1, 1),
(296, 20160161, 'Implementatie', 1, 0, 2, 1),
(297, 20160162, 'Implementatie', 1, 0, 2, 1),
(298, 20160163, 'web', 1, 0, 2, 1),
(299, 20160077, 'dtp aanpassingen', 1, 0, 1, 1),
(300, 20160164, 'Design', 1, 0, 1, 1),
(301, 20160164, 'Front-end', 1, 0, 2, 1),
(302, 20160164, 'templates koppelen aan CMS', 1, 0, 2, 1),
(303, 20160165, 'Implementatie', 1, 0, 2, 1),
(304, 20160166, 'dtp aanpassingen', 1, 0, 1, 1),
(305, 20160167, 'Design', 1, 0, 1, 1),
(306, 20160167, 'Front-end', 1, 0, 2, 1),
(307, 20160167, 'Back-end', 1, 0, 2, 1),
(308, 20160163, 'Design', 1, 0, 1, 1),
(309, 20160164, 'Back end', 1, 0, 2, 1),
(310, 20160168, 'DTP', 1, 0, 1, 1),
(311, 20160169, 'Design', 1, 0, 1, 1),
(312, 20160170, 'dtp aanpassingen', 1, 0, 1, 1),
(313, 20160171, 'Implementatie', 1, 0, 2, 1),
(314, 20160172, 'back-end', 1, 0, 2, 1),
(315, 20160173, 'dtp aanpassingen', 1, 0, 1, 1),
(316, 20160164, 'VA service website', 1, 0, 2, 1),
(317, 20160174, 'Overig', 1, 0, 2, 1),
(318, 20160174, 'Overig', NULL, 0, 0, NULL),
(319, 20160146, 'Design', 1, 0, 2, NULL),
(320, 20160175, 'front-end', 1, 0, 2, 1),
(321, 20160175, 'Design', 1, 0, 1, 1),
(322, 20160175, 'back-end', 1, 0, 2, 1),
(323, 20160176, 'Implementatie', 1, 0, 2, 1),
(324, 20160177, 'front-end en back-end aanpassingen', 1, 0, 2, 1),
(325, 20160177, 'History plaatje', 1, 0, 1, 1),
(326, 20160151, 'design', 1, 0, 1, 1),
(327, 20160178, 'design', 1, 0, 1, 1),
(328, 20160179, 'dtp', 1, 0, 6, 1),
(329, 20160181, 'Implementatie', 1, 0, 2, 1),
(330, 20160187, 'front-end', 1, 0, 2, 1),
(331, 20160187, 'Back-end', 1, 0, 2, 1),
(332, 20160188, 'Implementatie', 1, 0, 2, 1),
(333, 20160190, 'dtp aanpassingen', 1, 0, 1, 1),
(334, 20160191, 'Design', 1, 0, 1, 1),
(335, 20160191, 'Website', 1, 0, 1, 1),
(336, 20160191, 'E-mail template', 1, 0, 1, 1),
(337, 20160192, 'Implementatie', 1, 0, 2, 1),
(338, 20160194, 'front-end', 1, 0, 2, 1),
(339, 20160196, 'Punten oktober', 1, 0, 2, 1),
(340, 20160198, 'Design', 1, 0, 1, 1),
(341, 20160198, 'Drukwerk', 1, 0, 1, 1),
(342, 20160198, 'Inpakken en verzenden', 1, 0, 1, 1),
(343, 20160100, 'front-end', 1, 0, 2, 1),
(344, 20160100, 'back-end', 1, 0, 2, 1),
(345, 20160100, 'Back-end Master', 1, 0, 2, 1),
(346, 20160199, 'Implementatie', 1, 0, 2, 1),
(347, 20160200, 'DPT', 1, 0, 1, 1),
(348, 20160201, 'Concept', 1, 0, 1, 1),
(349, 20160202, 'Implementatie', 1, 0, 2, 1),
(350, 20160203, 'logo en ID schets', 1, 0, 1, 1),
(351, 20160204, 'Implementatie', 1, 0, 2, 1),
(352, 20160205, 'Implementatie', 1, 0, 2, 1),
(353, 20160082, 'Ontwikkeling VA corp.', 1, 0, 2, 1),
(354, 20160206, 'Front-end + back-end', 1, 0, 2, 1),
(355, 20160206, 'Design', 1, 0, 1, 1),
(356, 20160207, 'Design + uitwerking', 1, 0, 1, 1),
(357, 20160208, 'Koppeling beslist', 1, 0, 2, 1),
(358, 20160209, 'Design', 1, 0, 1, 1),
(359, 20160210, 'DTP', 1, 0, 1, 1),
(360, 20160211, 'Implementatie', 1, 0, 2, 1),
(361, 20160215, 'Implementatie', 1, 0, 2, 1),
(362, 20160216, 'Design', 1, 0, 1, 1),
(363, 20160216, 'Uitwerking', 1, 0, 1, 1),
(364, 20160217, 'Implementatie', 1, 0, 2, 1),
(365, 20160218, 'dtp', 1, 0, 1, 1),
(366, 20160219, 'Implementatie', 1, 0, 2, 1),
(367, 20160220, 'design', 1, 0, 1, 1),
(368, 20160221, 'Wordpress fix', 1, 0, 2, 1),
(369, 20160224, 'Wand foto op doek', NULL, 0, 6, NULL),
(370, 20160225, 'Bcat 2 x A4 alu plaat', NULL, 0, 6, NULL),
(371, 20160226, 'Mallie EA5 envelop', NULL, 0, 6, NULL),
(372, 20160227, 'Implementatie', 1, 0, 2, 1),
(373, 20160228, 'design', 1, 0, 1, 1),
(374, 20160229, 'Design', 1, 0, 1, 1),
(375, 20160230, 'Front-end design', 1, 0, 1, 1),
(376, 20160230, 'Front-end ', 1, 0, 2, 1),
(377, 20160230, 'Back-end', 1, 0, 2, 1),
(378, 20160231, 'Database', 1, 0, 2, 1),
(379, 20160231, 'Rapportages', 1, 0, 2, 1),
(380, 20160231, 'export naar bestand', 1, 0, 2, 1),
(381, 20160231, 'Besprekingen en correcties', 1, 0, 2, 1),
(382, 20160232, 'design', 1, 0, 1, 1),
(383, 20160233, 'Design', 1, 0, 1, 1),
(384, 20160234, 'Implementatie', 1, 0, 2, 1),
(385, 20160151, 'Design aanpassingen', 1, 0, 1, 1),
(386, 20160151, 'Film homepage ', 1, 0, 2, 1),
(387, 20160151, 'Menu', 1, 0, 2, 1),
(388, 20160151, 'iconen blok wat we doen', 1, 0, 2, 1),
(389, 20160151, 'homepage gemaakt werk volledige breedte', 1, 0, 2, 1),
(390, 20160151, 'footer maken', 1, 0, 2, 1),
(391, 20160151, 'Contact blok, formulier', 1, 0, 2, 1),
(392, 20160151, 'nieuwe pagina "wat we doen"', 1, 0, 2, 1),
(393, 20160151, 'over ons - header + tekst aanpassen', 1, 0, 2, 1),
(394, 20160151, 'over ons - bekijk onze werk omgeving', 1, 0, 2, 1),
(395, 20160151, 'headers gemaaktwerk aanpassen', 1, 0, 2, 1),
(396, 20160082, 'eerste test ronde', 1, 0, 2, 1),
(397, 20160239, 'Implementatie', 1, 0, 2, 1),
(398, 20160240, 'back-end', 1, 0, 2, 1),
(399, 20160241, 'design', 1, 0, 1, 1),
(400, 20160242, 'Design', 1, 0, 1, 1),
(401, 20160243, 'back-end', 1, 0, 2, 1),
(402, 20160244, 'drukwerk', 1, 0, 6, 1),
(403, 20160246, 'Print', NULL, 0, 6, NULL),
(404, 20160246, 'Print', 1, 0, 1, 1),
(405, 20160247, 'Implementatie', 1, 0, 2, 1),
(406, 20160248, 'print', 1, 0, 1, 1),
(407, 20160249, 'Front-end', 1, 0, 2, 1),
(408, 20160250, 'dtp', NULL, 0, 0, NULL),
(409, 20160250, 'dtp', 1, 0, 1, 1),
(410, 20160250, 'pdf-jes maken', 1, 0, 1, 1),
(411, 20160251, 'My Fruit App integreren', 1, 0, 2, 1),
(412, 20160252, 'design', 1, 0, 1, 1),
(413, 20160253, 'Print', 1, 0, 1, 1),
(414, 20160254, 'Design', 1, 0, 1, 1),
(415, 20160255, 'Design', 1, 0, 1, 1),
(416, 20160260, 'Implementatie', 1, 0, 2, 1),
(417, 20160254, 'front-end', 1, 0, 2, 1),
(418, 20160261, 'front-end', 1, 0, 2, 1),
(419, 20160262, 'Front-end', 1, 0, 1, 1),
(420, 20160263, 'hosting', 1, 0, 6, 1),
(421, 20160264, 'Back-end', 1, 0, 2, 1),
(422, 20160265, 'OSO MAIL', 1, 0, 2, 1),
(423, 20160266, 'Implementatie', 1, 0, 2, 1),
(424, 20160262, 'Front-end', 1, 0, 2, 1),
(425, 20160262, 'Back-end', 1, 0, 2, 1),
(426, 20160262, 'Back-end Dennis', 1, 0, 2, 0),
(427, 20160157, 'Front-end', 1, 0, 2, 1),
(428, 20160157, 'back-end', 1, 0, 2, 1),
(429, 20160157, 'Back-end Dennis', 1, 0, 2, 1),
(430, 20160267, 'package project', 1, 0, 2, 1),
(431, 20160268, 'print', 1, 0, 6, 1),
(432, 20160269, 'Design', 1, 0, 1, 1),
(433, 20160270, 'ICT', 1, 0, 2, 1),
(434, 20160271, 'Implementatie', 1, 0, 2, 1),
(435, 20160272, 'Implementatie', 1, 0, 2, 1),
(436, 20160273, 'Front-end design', 1, 0, 2, 1),
(437, 20160274, 'Implementatie', 1, 0, 2, 1),
(438, 20160275, 'Implementatie', 1, 0, 2, 1),
(439, 20160276, 'Front-end', 1, 0, 2, 1),
(440, 20160277, 'CMS', 1, 0, 2, 1),
(441, 20160261, 'inrichten', 1, 0, 2, 1),
(442, 20160278, 'Implementatie', 1, 0, 2, 1),
(443, 20160279, 'Design', 1, 0, 1, 1),
(444, 20160279, 'Front-end', 1, 0, 2, 1),
(445, 20160280, 'Implementatie', 1, 0, 2, 1),
(446, 20160281, 'design', 1, 0, 1, 1),
(447, 20160282, 'DTP', 1, 0, 1, 1),
(448, 20160283, 'Beeldbewerking', 1, 0, 1, 1),
(449, 20160264, 'Duitse tekst plaasten', 1, 0, 2, 1),
(450, 20160284, 'NL + EN Teksten', 1, 0, 2, 1),
(451, 20160285, 'Eco Agri content', 1, 0, 2, 1),
(452, 20160286, 'print', 1, 0, 6, 1),
(453, 20160287, 'print', 1, 0, 1, 1),
(454, 20160288, 'Implementatie', 1, 0, 2, 1),
(455, 20160289, 'Design', 1, 0, 1, 1),
(456, 20160290, 'back-end', 1, 0, 2, 1),
(457, 20160291, 'print + dtp', 1, 0, 1, 1),
(458, 20160292, 'design', 1, 0, 1, 1),
(459, 20160293, 'design', 1, 0, 1, 1),
(460, 20160294, 'design', 1, 0, 1, 1),
(461, 20160295, 'Implementatie', 1, 0, 2, 1),
(462, 20160296, 'print', NULL, 0, 0, NULL),
(463, 20160297, 'print', NULL, 0, 0, NULL),
(464, 20160298, 'SEO', 1, 0, 2, 1),
(465, 20160299, 'Implementatie', 1, 0, 2, 1),
(466, 20160301, 'content', 1, 0, 1, 1),
(467, 20160302, 'Synergie model 2017', 1, 0, 1, 1),
(468, 20160303, 'design', 1, 0, 1, 1),
(469, 20160304, 'design', 1, 0, 1, 1),
(470, 20160305, 'print', NULL, 0, 0, NULL),
(471, 20160306, 'deisgn', 1, 0, 1, 1),
(472, 20160249, 'JW correcties', 1, 0, 2, 1),
(473, 20160307, 'Front-end', 1, 0, 2, 1),
(474, 20160307, 'Front-end / back-end', 1, 0, 2, 1),
(475, 20160307, 'front-end/back-end', 1, 0, 2, 1),
(476, 20160307, 'Back-end', 1, 0, 2, 1),
(477, 20160308, 'back-end/front-end', 1, 0, 2, 1),
(478, 20160308, 'design', 1, 0, 2, 1),
(479, 20160309, 'Insight aanpassingen', 1, 0, 2, 1),
(480, 20160310, 'print', 1, 0, 6, 1),
(481, 20160311, 'dtp', 1, 0, 1, 1),
(482, 20160312, 'Implementatie', 1, 0, 2, 1),
(483, 20160313, 'print', NULL, 0, 0, NULL),
(484, 20160314, 'print', 1, 0, 6, 1),
(485, 20160315, 'Implementatie', 1, 0, 2, 1),
(486, 20160316, 'design', 1, 0, 1, 1),
(487, 20160317, 'design', 1, 0, 1, 1),
(488, 20160318, 'front/back end', 1, 0, 2, 1),
(489, 20160319, 'Implementatie', 1, 0, 2, 1),
(490, 20160320, 'Implementatie', 1, 0, 2, 1),
(491, 20160321, 'design', 1, 0, 1, 1),
(492, 20160321, 'front-end', 1, 0, 1, 1),
(493, 20160321, 'back-end', 1, 0, 2, 1),
(494, 20160322, 'design', 1, 0, 1, 1),
(495, 20160323, 'print', NULL, 0, 0, NULL),
(496, 20160324, 'design / print ', 1, 0, 1, 1),
(497, 20160325, 'design / print', 1, 0, 1, 1),
(498, 20160326, 'print', 1, 0, 1, 1),
(499, 20160327, 'print', 1, 0, 6, 1),
(500, 20160328, 'print', NULL, 0, 0, NULL),
(501, 20160330, 'design', 1, 0, 1, 1),
(502, 20160331, 'print', NULL, 0, 0, NULL),
(503, 20160332, 'Implementatie', 1, 0, 2, 1),
(504, 20160333, 'Implementatie', 1, 0, 2, 1),
(505, 20160230, 'Vincent', 1, 0, 2, 1),
(506, 20160334, 'print', 1, 0, 6, 1),
(507, 20160307, 'design', 1, 0, 1, 1),
(508, 20160337, 'Implementatie', 1, 0, 2, 1),
(509, 20160338, 'Design', 1, 0, 1, 1),
(510, 20160339, 'development', 1, 0, 2, 1),
(511, 20160340, 'back-end', 1, 0, 2, 1),
(512, 20160342, 'Implementatie', 1, 0, 2, 1),
(513, 20160343, 'drukwerk', 1, 0, 6, 1),
(514, 20160345, 'design', 1, 0, 1, 1),
(515, 20160346, 'Implementatie', 1, 0, 2, 1),
(516, 20160308, 'front-end', 1, 0, 2, 1),
(517, 20160348, 'Implementatie', 1, 0, 2, 1),
(518, 20160349, 'back-end', 1, 0, 2, 1),
(519, 20160349, 'Overleg', 1, 0, 2, 1),
(520, 20160349, 'Overleg', 1, 0, 1, 1),
(521, 20160350, 'mail', 1, 0, 1, 1),
(522, 20160351, 'design', 1, 0, 1, 1),
(523, 20160352, 'web', 1, 0, 2, 1),
(524, 20160353, 'back-end', 1, 0, 2, 1),
(525, 20160354, 'design', 1, 0, 1, 1),
(526, 20160355, 'design', 1, 0, 1, 1),
(527, 20160357, 'Implementatie', 1, 0, 2, 1),
(528, 20160358, 'Implementatie', 1, 0, 2, 1),
(529, 20160360, 'Implementatie', 1, 0, 2, 1),
(530, 20160361, 'back-end', 1, 0, 2, 1),
(531, 20160242, 'front-end', 1, 0, 2, 1),
(532, 20160242, 'back-end', 1, 0, 2, 1),
(533, 20160242, 'back-end', NULL, 0, 0, NULL),
(534, 20160242, 'test & fix', 1, 0, 2, 1),
(535, 20160362, 'back-end', 1, 0, 2, 1),
(536, 20160363, 'Implementatie', 1, 0, 2, 1),
(537, 20160364, 'Implementatie', 1, 0, 2, 1),
(538, 20160365, 'design', 1, 0, 1, 1),
(539, 20160366, 'drone beelden', 1, 0, 1, 1),
(540, 20160366, 'nabewerking', 1, 0, 1, 1),
(541, 20160367, 'design', 1, 0, 1, 1),
(542, 20160368, 'design', 1, 0, 1, 1),
(543, 20160369, 'design', 1, 0, 1, 1),
(544, 20160370, 'design', 1, 0, 1, 1),
(545, 20160371, 'Implementatie', 1, 0, 2, 1),
(546, 20160373, 'fotografie', 1, 0, 1, NULL),
(547, 20160374, 'Implementatie', 1, 0, 2, 1),
(548, 20160376, 'Implementatie', 1, 0, 2, 1),
(549, 20160377, 'design', 1, 0, 1, 1),
(550, 20160378, 'design', 1, 0, 1, 1),
(551, 20160381, 'design', 1, 0, 1, 1),
(552, 20160382, 'design', 1, 0, 1, 1),
(553, 20160382, 'web', 1, 0, 2, 1),
(554, 20160383, 'design', 1, 0, 1, 1),
(555, 20160384, 'Implementatie', 1, 0, 2, 1),
(556, 20160385, 'Implementatie', 1, 0, 2, 1),
(557, 20160386, 'design', 1, 0, 1, 1),
(558, 20160307, 'front-end V', 1, 0, 2, 1),
(559, 20160388, 'Implementatie', 1, 0, 2, 1),
(560, 20160308, 'Front end V', 1, 0, 2, 1),
(561, 20160389, 'design', 1, 0, 1, 1),
(562, 20160390, 'design', 1, 0, 1, 0),
(563, 20160390, 'print', 1, 0, 6, 0),
(564, 20160390, 'print', 1, 0, 1, NULL),
(565, 20160391, 'front-end', 1, 0, 2, 1),
(566, 20160262, 'fine - tune', 1, 0, 2, 1),
(567, 20160262, 'Fire prevention', 1, 0, 2, 1),
(568, 20160262, 'Cultural Heritage', 1, 0, 2, 1),
(569, 20160262, 'Insect Treatment', 1, 0, 2, 1),
(570, 20160392, 'Implementatie', 1, 0, 2, 1),
(571, 20160393, 'design', 1, 0, 1, 1),
(572, 20160394, 'design', 1, 0, 1, 1),
(573, 20160395, 'design', 1, 0, 1, 1),
(574, 20160395, 'Inkoop', 1, 0, 1, 1),
(575, 20160395, 'Overleg', 1, 0, 1, 1),
(576, 20160396, 'design', 1, 0, 1, 1),
(577, 20160397, 'design', 1, 0, 1, 1),
(578, 20160398, 'design', 1, 0, 1, 1),
(579, 20160399, 'web', 1, 0, 2, 1),
(580, 20160400, 'Implementatie', 1, 0, 2, 1),
(581, 20160401, 'Office', 1, 0, 1, 1),
(582, 20160391, 'front-end Cees', 1, 0, 2, 1),
(583, 20160402, 'print', 1, 0, 1, 1),
(584, 20160403, 'print', 1, 0, 6, 1),
(585, 20160389, 'front-end / back end', 1, 0, 2, 1),
(586, 20160404, 'front-end / back end', 1, 0, 2, 1),
(587, 20160405, 'back-end', 1, 0, 2, 1),
(588, 20160405, 'front-end', 1, 0, 2, 1),
(589, 20160405, 'design', 1, 0, 2, 1),
(590, 20160273, 'design', 1, 0, 1, 1),
(591, 20160273, 'front-end', 1, 0, 2, 1),
(592, 20160273, 'back-end', 1, 0, 2, 1),
(593, 20160406, 'Implementatie', 1, 0, 2, 1),
(594, 20160407, 'print', 1, 0, 6, 1),
(595, 20160408, 'design', 1, 0, 1, 1),
(596, 20160409, 'Implementatie', 1, 0, 2, 1),
(597, 20160410, 'print', 1, 0, 1, 1),
(598, 20160411, 'ontwikkeling', 1, 0, 2, 1),
(599, 20160412, 'print', 1, 0, 1, 1),
(600, 20160413, 'fotografie', 1, 0, 1, 1),
(601, 20160415, 'design', 1, 0, 1, 1),
(602, 20160417, 'Implementatie', 1, 0, 2, 1),
(603, 20160418, 'Implementatie', 1, 0, 2, 1),
(604, 20160419, 'Implementatie', 1, 0, 2, 1),
(605, 20160273, 'Implementatie', 1, 0, 2, 1),
(606, 20160421, 'Insight aanpassingen', 1, 0, 2, 1),
(607, 20160422, 'Musthave, productfeed aanpassen', 1, 0, 2, 1),
(608, 20160423, 'design', 1, 0, 1, 1),
(609, 20160424, 'print', NULL, 0, 0, NULL),
(610, 20160425, 'design', 1, 0, 1, 1),
(611, 20160426, 'Design', 1, 0, 1, 1),
(612, 20160427, 'SEO aanpassingen', 1, 0, 2, 1),
(613, 20160428, 'Maand mei aanpassingen', 1, 0, 2, 1),
(614, 20160429, 'design', 1, 0, 1, 1),
(615, 20160430, 'design', 1, 0, 1, 1),
(616, 20160431, 'design', 1, 0, 1, 1),
(617, 20160433, 'print', NULL, 0, 0, NULL),
(618, 20160434, 'Website', 1, 0, 2, 1),
(619, 20160435, 'Website', 1, 0, 2, 1),
(620, 20160435, 'Correcties', 1, 0, 2, 1),
(621, 20160436, 'design', 1, 0, 1, 1),
(622, 20160436, 'front-end', 1, 0, 2, 1),
(623, 20160448, 'asdf', NULL, 0, 3, NULL),
(624, 20160451, 'asdf', NULL, 0, 1, NULL);

-- --------------------------------------------------------

--
-- Tabelstructuur voor tabel `sub_project_to_user`
--

CREATE TABLE `sub_project_to_user` (
  `sub_project_id` int(11) NOT NULL,
  `user_id` int(11) NOT NULL,
  `planning_date` datetime NOT NULL
) ENGINE=InnoDB DEFAULT CHARSET=latin1;

--
-- Gegevens worden geëxporteerd voor tabel `sub_project_to_user`
--

INSERT INTO `sub_project_to_user` (`sub_project_id`, `user_id`, `planning_date`) VALUES
(18, 3, '2016-01-15 14:05:58'),
(19, 1, '2016-01-15 14:06:07'),
(20, 2, '2016-01-15 14:06:02'),
(21, 1, '2016-01-15 14:06:05'),
(22, 4, '2016-01-15 14:06:10'),
(23, 4, '0000-00-00 00:00:00'),
(39, 3, '2016-01-29 11:49:15'),
(40, 1, '2016-01-29 11:49:12'),
(42, 2, '2016-01-29 11:49:10'),
(43, 3, '2016-01-29 14:02:11'),
(44, 3, '2016-01-29 14:02:13'),
(45, 1, '2016-01-29 14:02:09'),
(46, 1, '2016-02-01 16:53:17'),
(47, 2, '2016-02-15 12:54:52'),
(48, 3, '2016-02-15 15:37:00'),
(49, 3, '2016-02-15 14:28:18'),
(50, 3, '2016-02-15 14:28:21'),
(51, 3, '2016-02-15 14:28:19'),
(52, 4, '2016-02-15 15:38:45'),
(54, 1, '2016-02-15 14:28:23'),
(55, 2, '2016-02-15 14:22:15'),
(56, 1, '2016-02-15 14:28:24'),
(58, 1, '2016-02-15 15:38:29'),
(59, 2, '2016-02-15 15:38:32'),
(60, 1, '2016-02-15 15:38:20'),
(61, 7, '2016-02-15 15:38:38'),
(62, 7, '2016-02-15 15:38:09'),
(63, 7, '2016-02-15 15:38:47'),
(64, 3, '2016-02-15 15:37:03'),
(65, 2, '2016-02-15 15:38:35'),
(66, 4, '2016-02-15 15:38:42'),
(67, 2, '2016-02-15 15:46:32'),
(68, 3, '2016-02-15 17:49:44'),
(69, 3, '2016-02-15 17:51:26'),
(70, 3, '2016-02-16 16:11:05'),
(71, 3, '2016-02-16 16:11:07'),
(72, 3, '2016-02-16 16:56:45'),
(73, 3, '2016-02-16 17:40:22'),
(74, 3, '2016-02-17 16:17:44'),
(75, 3, '2016-02-17 16:17:42'),
(76, 3, '2016-02-17 16:20:27'),
(77, 2, '2016-02-17 16:51:20'),
(78, 2, '2016-02-17 17:26:21'),
(79, 3, '2016-02-18 15:34:15'),
(80, 2, '2016-02-19 11:00:14'),
(81, 2, '2016-02-22 10:19:46'),
(83, 3, '2016-02-22 17:13:05'),
(84, 3, '2016-02-22 17:15:31'),
(85, 3, '2016-02-22 17:16:39'),
(86, 3, '2016-02-22 17:19:54'),
(87, 1, '2016-02-22 17:22:33'),
(88, 2, '2016-02-22 17:31:34'),
(89, 1, '2016-02-22 17:51:41'),
(90, 3, '2016-02-23 12:25:59'),
(91, 1, '2016-02-24 10:24:55'),
(92, 3, '2016-02-24 17:43:27'),
(93, 1, '2016-02-25 12:47:49'),
(94, 3, '2016-02-26 17:52:57'),
(95, 2, '2016-03-01 11:49:38'),
(96, 2, '2016-03-01 11:49:42'),
(97, 1, '2016-03-01 17:50:42'),
(99, 1, '2016-03-08 10:26:11'),
(100, 3, '2016-03-03 14:21:08'),
(102, 3, '2016-03-03 14:21:06'),
(103, 3, '2016-03-03 14:21:04'),
(104, 3, '2016-03-08 11:18:47'),
(105, 3, '2016-03-08 11:18:49'),
(106, 2, '2016-03-11 17:23:42'),
(107, 3, '2016-03-18 15:57:00'),
(108, 2, '2016-03-21 14:13:52'),
(109, 3, '2016-03-22 17:03:27'),
(110, 1, '2016-03-29 12:07:36'),
(111, 1, '2016-03-29 12:11:02'),
(112, 2, '2016-03-29 12:11:00'),
(113, 2, '2016-04-04 10:35:38'),
(114, 2, '2016-04-04 15:12:51'),
(115, 2, '2016-04-05 15:06:49'),
(116, 3, '2016-04-08 16:14:30'),
(117, 3, '2016-04-08 16:14:33'),
(118, 2, '2016-04-08 16:14:35'),
(119, 3, '2016-04-08 16:18:31'),
(120, 3, '2016-04-08 16:47:40'),
(121, 3, '2016-04-11 11:51:50'),
(122, 3, '2016-04-12 17:06:43'),
(123, 3, '2016-04-13 11:03:38'),
(124, 3, '2016-04-14 16:31:08'),
(125, 3, '2016-04-14 16:32:38'),
(126, 2, '2016-04-14 16:35:37'),
(127, 3, '2016-04-14 16:50:54'),
(128, 2, '2016-04-18 11:44:34'),
(129, 3, '2016-04-19 14:28:42'),
(130, 1, '2016-04-19 14:31:36'),
(131, 1, '2016-04-19 14:33:16'),
(132, 3, '2016-04-28 16:12:13'),
(133, 2, '2016-04-29 09:04:12'),
(134, 3, '2016-04-29 12:46:13'),
(135, 2, '2016-05-03 12:01:11'),
(136, 2, '2016-05-09 11:46:37'),
(137, 3, '2016-05-09 11:49:25'),
(138, 3, '2016-05-09 11:54:11'),
(140, 1, '2016-05-09 14:57:34'),
(141, 3, '2016-05-09 14:57:39'),
(142, 2, '2016-05-09 14:57:37'),
(143, 3, '2016-05-20 14:42:59'),
(144, 3, '2016-05-20 14:44:15'),
(145, 3, '2016-05-24 10:36:36'),
(146, 2, '2016-05-24 11:00:31'),
(147, 2, '2016-05-24 11:00:34'),
(148, 2, '2016-05-24 11:00:36'),
(149, 2, '2016-05-24 11:00:38'),
(150, 2, '2016-05-24 11:00:40'),
(151, 1, '2016-05-24 10:43:07'),
(152, 2, '2016-05-24 11:00:42'),
(153, 2, '2016-05-24 11:00:44'),
(154, 2, '2016-06-21 16:30:51'),
(156, 3, '2016-05-24 11:00:28'),
(157, 2, '2016-05-24 11:01:10'),
(158, 1, '2016-05-24 11:01:02'),
(159, 3, '2016-05-24 11:06:15'),
(160, 3, '2016-05-24 11:13:17'),
(161, 3, '2016-05-24 11:16:45'),
(162, 2, '2016-05-24 12:31:54'),
(164, 1, '2016-05-25 10:57:51'),
(165, 3, '2016-05-26 11:50:31'),
(166, 3, '2016-05-27 16:16:16'),
(168, 2, '2016-05-27 16:16:21'),
(169, 1, '2016-05-27 16:16:23'),
(170, 4, '2016-05-27 16:16:26'),
(171, 3, '2016-05-27 16:19:40'),
(172, 3, '2016-05-27 16:25:55'),
(173, 1, '2016-05-27 16:26:05'),
(174, 1, '2016-05-27 16:26:02'),
(175, 3, '2016-05-27 16:30:29'),
(176, 3, '2016-05-27 16:38:42'),
(177, 2, '2016-05-27 16:38:48'),
(178, 2, '2016-05-27 16:38:50'),
(179, 3, '2016-05-27 16:38:44'),
(180, 3, '2016-05-30 15:07:59'),
(181, 3, '2016-06-07 10:44:44'),
(182, 2, '2016-06-07 11:24:47'),
(183, 2, '2016-06-07 11:28:39'),
(184, 2, '2016-06-07 11:28:37'),
(185, 2, '2016-06-07 11:30:17'),
(186, 2, '2016-06-07 11:33:02'),
(187, 2, '2016-08-02 14:35:28'),
(188, 1, '2016-06-10 11:28:17'),
(189, 1, '2016-06-13 12:40:13'),
(190, 2, '2016-06-14 14:57:05'),
(191, 3, '2016-06-14 14:58:43'),
(192, 2, '2016-06-14 15:01:40'),
(193, 2, '2016-06-16 10:30:02'),
(194, 3, '2016-06-17 16:04:19'),
(195, 3, '2016-06-17 16:09:51'),
(196, 3, '2016-06-17 16:09:54'),
(197, 3, '2016-06-17 16:09:53'),
(198, 3, '2016-06-17 16:18:01'),
(199, 3, '2016-06-17 16:32:04'),
(200, 3, '2016-06-20 11:19:55'),
(201, 3, '2016-06-20 14:26:19'),
(202, 3, '2016-06-21 16:32:37'),
(203, 1, '2016-06-21 16:29:45'),
(204, 1, '2016-06-21 15:48:51'),
(205, 3, '2016-06-21 16:48:03'),
(206, 3, '2016-06-21 16:59:44'),
(207, 1, '2016-06-21 17:02:48'),
(208, 1, '2016-06-21 17:02:50'),
(209, 2, '2016-06-23 10:39:05'),
(210, 3, '2016-06-23 16:25:09'),
(211, 1, '2016-06-23 16:24:38'),
(212, 2, '2016-06-24 17:26:09'),
(213, 3, '2016-06-24 11:07:57'),
(214, 2, '2016-06-27 12:17:38'),
(215, 1, '2016-06-27 14:15:50'),
(216, 2, '2016-06-28 17:54:53'),
(217, 3, '2016-07-01 10:46:50'),
(218, 3, '2016-07-04 14:00:03'),
(219, 3, '2016-07-07 15:50:41'),
(220, 1, '2016-07-07 15:50:44'),
(221, 1, '2016-07-07 15:50:43'),
(222, 3, '2016-07-08 11:23:47'),
(223, 3, '2016-07-08 11:23:49'),
(224, 3, '2016-07-08 11:23:45'),
(225, 3, '2016-07-18 15:00:49'),
(226, 2, '2016-07-08 11:50:35'),
(227, 3, '2016-07-08 16:48:24'),
(228, 3, '2016-07-08 16:48:27'),
(229, 3, '2016-07-08 16:48:28'),
(230, 3, '2016-07-08 16:50:39'),
(231, 3, '2016-07-08 16:50:40'),
(232, 3, '2016-07-08 16:50:43'),
(233, 3, '2016-07-11 17:25:12'),
(234, 3, '2016-07-12 10:08:27'),
(236, 1, '2016-07-12 10:08:25'),
(237, 1, '2016-07-12 10:08:23'),
(238, 3, '2016-07-12 18:27:21'),
(239, 3, '2016-07-13 11:37:51'),
(241, 2, '2016-07-13 10:30:06'),
(242, 3, '2016-07-14 12:02:09'),
(243, 2, '2016-07-15 15:29:22'),
(244, 2, '2016-07-19 09:31:01'),
(245, 1, '2016-07-19 09:31:03'),
(246, 3, '2016-07-19 17:38:26'),
(247, 2, '2016-07-20 16:21:07'),
(248, 2, '2016-07-21 14:09:56'),
(249, 2, '2016-07-29 10:42:52'),
(250, 3, '2016-08-01 10:37:45'),
(251, 3, '2016-08-01 10:45:00'),
(252, 3, '2016-08-01 10:44:58'),
(253, 3, '2016-08-01 11:27:36'),
(254, 2, '2016-08-02 13:53:09'),
(255, 1, '2016-08-02 14:35:16'),
(256, 2, '2016-08-03 10:34:02'),
(257, 2, '2016-08-03 16:00:31'),
(258, 2, '2016-08-03 19:03:30'),
(259, 3, '2016-08-04 15:01:21'),
(260, 2, '2016-08-04 15:13:23'),
(261, 1, '2016-08-09 14:47:49'),
(262, 3, '2016-08-09 15:58:17'),
(263, 3, '2016-08-09 16:00:26'),
(264, 9, '2016-08-09 16:00:22'),
(265, 9, '2016-08-09 16:00:24'),
(266, 3, '2016-08-09 16:02:19'),
(267, 1, '2016-08-09 16:02:14'),
(268, 2, '2016-08-09 16:02:17'),
(269, 3, '2016-08-09 16:03:26'),
(270, 3, '2016-08-10 18:20:01'),
(271, 3, '2016-08-10 18:19:59'),
(272, 2, '2016-08-12 09:18:26'),
(273, 1, '2016-08-12 14:40:13'),
(274, 9, '2016-08-12 14:50:41'),
(276, 9, '2016-08-12 14:50:43'),
(277, 9, '2016-08-12 14:50:39'),
(278, 9, '2016-08-12 14:50:48'),
(279, 9, '2016-08-12 14:50:45'),
(280, 9, '2016-08-12 14:50:47'),
(281, 2, '2016-08-16 09:04:33'),
(282, 2, '2016-08-16 11:17:36'),
(283, 1, '2016-08-19 12:54:28'),
(284, 2, '2016-08-19 12:54:25'),
(285, 2, '2016-08-19 12:54:27'),
(286, 2, '2016-08-19 16:21:21'),
(287, 3, '2016-08-22 11:27:59'),
(288, 3, '2016-08-22 11:27:57'),
(289, 3, '2016-08-22 11:29:31'),
(290, 2, '2016-08-22 11:35:48'),
(291, 3, '2016-08-23 23:47:07'),
(292, 3, '2016-08-23 23:48:33'),
(293, 2, '2016-08-24 10:02:39'),
(294, 2, '2016-08-24 10:12:16'),
(295, 3, '2016-08-25 12:09:03'),
(296, 2, '2016-08-25 17:42:53'),
(297, 2, '2016-08-29 09:40:43'),
(298, 2, '2016-08-29 14:44:08'),
(299, 3, '2016-08-30 11:13:02'),
(300, 3, '2016-08-30 14:24:12'),
(301, 9, '2016-08-30 14:24:08'),
(302, 9, '2016-08-30 14:24:06'),
(303, 2, '2016-08-31 18:00:46'),
(304, 3, '2016-09-01 15:46:27'),
(305, 3, '2016-09-02 15:56:37'),
(306, 9, '2016-09-02 15:56:45'),
(307, 2, '2016-09-02 15:56:40'),
(308, 3, '2016-09-02 16:02:59'),
(309, 2, '2016-09-02 16:19:13'),
(310, 3, '2016-09-05 14:21:34'),
(311, 3, '2016-09-05 14:59:24'),
(312, 3, '2016-09-05 15:46:39'),
(313, 2, '2016-09-06 10:19:05'),
(314, 3, '2016-09-07 15:24:40'),
(315, 3, '2016-09-09 15:41:16'),
(316, 9, '2016-09-09 18:25:09'),
(317, 9, '2016-09-09 18:27:50'),
(319, 3, '2016-09-12 12:34:50'),
(320, 9, '2016-09-14 09:54:09'),
(321, 3, '2016-09-14 09:54:14'),
(322, 2, '2016-09-14 09:54:12'),
(323, 2, '2016-09-16 09:04:35'),
(324, 1, '2016-09-19 17:02:37'),
(325, 3, '2016-09-19 17:02:40'),
(326, 3, '2016-09-20 16:43:00'),
(327, 3, '2016-09-21 10:30:34'),
(328, 3, '2016-09-21 11:26:40'),
(329, 2, '2016-09-22 10:36:09'),
(330, 9, '2016-09-28 10:14:47'),
(331, 2, '2016-09-28 10:14:50'),
(332, 2, '2016-09-28 12:22:18'),
(333, 3, '2016-09-29 13:01:59'),
(334, 3, '2016-09-30 12:47:29'),
(335, 9, '2016-09-30 12:47:35'),
(336, 3, '2016-09-30 12:47:33'),
(337, 2, '2016-10-05 14:20:34'),
(338, 9, '2016-10-05 16:42:20'),
(339, 2, '2016-10-07 10:19:36'),
(340, 3, '2016-10-10 11:08:40'),
(341, 3, '2016-10-10 11:08:42'),
(342, 3, '2016-10-10 11:08:44'),
(343, 9, '2016-10-11 11:19:31'),
(344, 9, '2016-10-11 11:19:37'),
(345, 2, '2016-10-11 11:19:34'),
(346, 2, '2016-10-12 11:03:01'),
(347, 3, '2016-10-12 15:04:09'),
(348, 3, '2016-10-12 16:55:29'),
(349, 2, '2016-10-17 12:51:16'),
(350, 3, '2016-10-17 17:03:43'),
(351, 2, '2016-10-18 14:53:28'),
(352, 2, '2016-10-25 14:40:59'),
(353, 9, '2016-10-25 16:05:21'),
(354, 10, '2017-04-07 09:30:34'),
(355, 3, '2016-10-25 16:28:55'),
(356, 3, '2016-10-25 16:30:28'),
(357, 2, '2016-10-26 12:15:37'),
(358, 3, '2016-10-26 15:36:38'),
(359, 3, '2016-10-28 16:24:43'),
(360, 2, '2016-10-31 12:18:15'),
(361, 2, '2016-11-04 13:09:09'),
(362, 3, '2016-11-07 16:22:42'),
(363, 3, '2016-11-07 16:22:45'),
(364, 2, '2016-11-09 11:12:38'),
(365, 3, '2016-11-11 16:41:54'),
(366, 2, '2016-11-14 10:55:05'),
(367, 3, '2016-11-15 10:41:44'),
(368, 9, '2016-11-15 11:41:27'),
(372, 2, '2016-11-21 12:39:30'),
(373, 3, '2016-11-21 21:02:38'),
(374, 3, '2016-11-22 11:03:59'),
(375, 3, '2016-11-22 11:12:24'),
(376, 1, '2017-01-26 19:13:05'),
(377, 1, '2017-01-26 19:13:08'),
(378, 2, '2016-11-22 11:17:01'),
(379, 2, '2016-11-22 11:17:05'),
(380, 2, '2016-11-22 11:17:03'),
(381, 2, '2016-11-22 11:16:59'),
(382, 3, '2016-11-23 11:15:05'),
(383, 3, '2016-11-25 11:23:21'),
(384, 2, '2016-11-29 14:00:32'),
(385, 3, '2016-12-01 09:44:50'),
(386, 9, '2016-12-01 09:44:44'),
(387, 9, '2016-12-01 09:44:32'),
(388, 9, '2016-12-01 09:44:34'),
(389, 9, '2016-12-01 09:44:37'),
(390, 9, '2016-12-01 09:44:42'),
(391, 9, '2016-12-01 09:44:48'),
(392, 9, '2016-12-01 09:44:30'),
(393, 9, '2016-12-01 09:44:26'),
(394, 9, '2016-12-01 09:44:28'),
(395, 9, '2016-12-01 09:44:39'),
(396, 3, '2016-12-01 09:50:12'),
(397, 2, '2016-12-05 13:08:12'),
(398, 3, '2016-12-06 16:10:08'),
(399, 3, '2016-12-06 16:49:31'),
(400, 3, '2016-12-06 16:51:06'),
(401, 9, '2016-12-06 16:52:29'),
(402, 3, '2016-12-07 13:34:13'),
(404, 3, '2016-12-08 14:57:03'),
(405, 2, '2016-12-08 15:49:33'),
(406, 3, '2016-12-09 17:08:53'),
(407, 9, '2016-12-09 17:11:05'),
(409, 3, '2016-12-12 10:03:22'),
(410, 3, '2016-12-12 10:03:20'),
(411, 9, '2016-12-13 11:02:45'),
(412, 3, '2016-12-13 11:28:15'),
(413, 3, '2016-12-13 11:29:08'),
(414, 3, '2016-12-13 15:20:52'),
(415, 3, '2016-12-13 15:21:27'),
(416, 8, '2016-12-14 08:27:39'),
(417, 9, '2016-12-14 13:55:14'),
(418, 1, '2016-12-14 13:56:40'),
(419, 3, '2016-12-15 11:36:01'),
(420, 3, '2016-12-15 13:17:58'),
(421, 2, '2016-12-15 13:27:35'),
(422, 1, '2016-12-15 14:29:52'),
(423, 2, '2016-12-15 17:02:24'),
(424, 9, '2016-12-20 11:48:00'),
(425, 9, '2016-12-20 11:48:06'),
(426, 2, '2016-12-20 11:49:03'),
(427, 9, '2016-12-20 12:51:13'),
(428, 9, '2016-12-20 12:52:14'),
(429, 2, '2016-12-20 12:51:11'),
(430, 2, '2016-12-20 13:13:16'),
(431, 3, '2016-12-21 09:23:09'),
(432, 3, '2016-12-21 09:24:24'),
(433, 3, '2016-12-21 09:25:05'),
(434, 2, '2016-12-22 15:27:41'),
(435, 2, '2016-12-27 10:31:41'),
(436, 3, '2017-01-02 13:58:00'),
(437, 2, '2017-01-03 11:23:22'),
(438, 2, '2017-01-03 13:25:21'),
(439, 9, '2017-01-03 14:32:12'),
(440, 9, '2017-01-03 14:32:57'),
(441, 9, '2017-01-03 14:33:40'),
(442, 2, '2017-01-04 13:39:13'),
(443, 3, '2017-01-04 16:28:45'),
(444, 9, '2017-01-04 16:28:43'),
(445, 2, '2017-01-09 08:24:31'),
(446, 3, '2017-01-09 09:58:27'),
(447, 3, '2017-01-09 14:35:48'),
(448, 3, '2017-01-09 15:33:05'),
(449, 9, '2017-01-10 13:32:08'),
(450, 9, '2017-01-10 13:32:51'),
(451, 9, '2017-01-10 13:33:33'),
(452, 3, '2017-01-10 13:42:27'),
(453, 3, '2017-01-11 12:00:27'),
(454, 2, '2017-01-11 15:09:44'),
(455, 3, '2017-01-12 10:15:08'),
(456, 2, '2017-01-16 10:58:17'),
(457, 3, '2017-01-16 17:15:33'),
(458, 3, '2017-01-16 17:16:41'),
(459, 3, '2017-01-16 17:17:55'),
(460, 3, '2017-01-16 19:47:29'),
(461, 2, '2017-01-17 13:51:03'),
(464, 9, '2017-01-17 20:48:33'),
(465, 2, '2017-01-18 09:08:25'),
(466, 3, '2017-01-18 17:07:22'),
(467, 3, '2017-01-19 14:36:00'),
(468, 3, '2017-01-19 16:48:57'),
(469, 3, '2017-01-19 16:49:40'),
(471, 3, '2017-01-19 19:20:28'),
(472, 1, '2017-01-19 19:31:32'),
(473, 1, '2017-04-06 11:18:44'),
(474, 2, '2017-01-20 15:11:45'),
(475, 2, '2017-01-20 15:11:46'),
(476, 2, '2017-01-20 15:11:39'),
(477, 1, '2017-01-20 15:13:53'),
(478, 3, '2017-01-20 15:14:37'),
(479, 2, '2017-01-20 15:37:42'),
(480, 3, '2017-01-20 15:40:17'),
(481, 3, '2017-01-23 13:56:26'),
(482, 2, '2017-01-23 15:28:04'),
(484, 3, '2017-01-25 15:18:56'),
(485, 2, '2017-01-26 10:40:53'),
(486, 3, '2017-01-26 11:17:19'),
(487, 3, '2017-01-31 09:24:20'),
(488, 1, '2017-02-03 16:59:21'),
(489, 2, '2017-02-01 09:12:10'),
(490, 2, '2017-02-01 09:13:40'),
(491, 3, '2017-02-01 12:01:51'),
(492, 9, '2017-02-01 12:01:54'),
(493, 2, '2017-02-01 12:01:57'),
(494, 3, '2017-02-01 15:00:42'),
(496, 3, '2017-02-03 17:00:06'),
(497, 3, '2017-02-03 17:02:27'),
(498, 3, '2017-02-03 17:03:07'),
(499, 3, '2017-02-07 11:35:39'),
(501, 3, '2017-02-09 15:30:29'),
(503, 2, '2017-02-10 13:57:55'),
(504, 2, '2017-02-10 13:59:10'),
(505, 9, '2017-02-10 15:29:26'),
(506, 3, '2017-02-10 16:31:15'),
(507, 3, '2017-02-10 17:02:11'),
(508, 2, '2017-02-14 10:24:34'),
(509, 3, '2017-02-15 13:21:10'),
(510, 2, '2017-02-15 13:25:00'),
(511, 2, '2017-02-15 13:26:38'),
(512, 2, '2017-02-21 09:10:04'),
(513, 3, '2017-02-21 14:01:49'),
(514, 3, '2017-02-22 17:17:31'),
(515, 2, '2017-02-22 21:34:00'),
(516, 1, '2017-02-27 13:24:14'),
(517, 2, '2017-02-28 13:31:52'),
(518, 2, '2017-02-28 14:04:04'),
(519, 2, '2017-02-28 14:04:00'),
(520, 3, '2017-02-28 14:04:06'),
(521, 3, '2017-02-28 14:05:03'),
(522, 3, '2017-02-28 14:50:57'),
(523, 2, '2017-02-28 15:25:40'),
(524, 2, '2017-02-28 15:41:14'),
(525, 3, '2017-03-01 10:31:12'),
(526, 3, '2017-03-01 11:22:44'),
(527, 2, '2017-03-03 11:53:49'),
(528, 2, '2017-03-03 11:56:14'),
(529, 2, '2017-03-06 10:54:45'),
(530, 9, '2017-03-06 13:44:07'),
(531, 9, '2017-03-06 14:11:13'),
(532, 9, '2017-03-06 14:11:11'),
(534, 9, '2017-03-06 14:11:15'),
(535, 2, '2017-03-06 15:08:20'),
(536, 2, '2017-03-07 11:31:21'),
(537, 2, '2017-03-07 15:46:24'),
(538, 3, '2017-03-10 16:06:33'),
(539, 9, '2017-03-10 16:07:55'),
(540, 3, '2017-03-10 16:07:53'),
(541, 3, '2017-03-10 16:08:43'),
(542, 3, '2017-03-10 16:09:20'),
(543, 3, '2017-03-10 16:32:25'),
(544, 3, '2017-03-10 16:33:42'),
(545, 2, '2017-03-13 11:06:18'),
(546, 3, '2017-03-14 12:08:38'),
(547, 2, '2017-03-14 12:54:30'),
(548, 2, '2017-03-14 14:35:37'),
(549, 3, '2017-03-20 12:39:44'),
(550, 3, '2017-03-20 12:40:52'),
(551, 3, '2017-03-20 12:55:50'),
(552, 3, '2017-03-20 13:06:28'),
(553, 2, '2017-03-20 13:06:31'),
(554, 3, '2017-03-20 14:34:06'),
(555, 2, '2017-03-20 15:07:53'),
(556, 2, '2017-03-21 11:22:32'),
(557, 3, '2017-03-23 14:51:19'),
(558, 9, '2017-03-24 08:59:56'),
(559, 2, '2017-03-27 09:25:06'),
(560, 9, '2017-03-27 14:57:41'),
(561, 3, '2017-03-28 14:16:08'),
(562, 3, '2017-03-28 14:18:02'),
(563, 3, '2017-03-28 14:18:04'),
(564, 3, '2017-03-28 14:18:05'),
(565, 9, '2017-04-03 16:34:00'),
(566, 9, '2017-04-03 16:58:03'),
(567, 10, '2017-04-03 16:57:39'),
(568, 10, '2017-04-03 16:57:37'),
(569, 10, '2017-04-03 16:57:41'),
(570, 2, '2017-03-29 10:58:02'),
(571, 3, '2017-03-29 13:00:50'),
(572, 3, '2017-03-30 13:45:46'),
(573, 3, '2017-03-31 11:34:01'),
(574, 3, '2017-03-31 11:34:03'),
(575, 3, '2017-03-31 11:34:05'),
(576, 3, '2017-03-31 11:35:25'),
(577, 3, '2017-04-03 10:46:02'),
(578, 3, '2017-04-03 11:44:15'),
(579, 2, '2017-04-03 15:16:54'),
(580, 2, '2017-04-04 10:36:49'),
(581, 10, '2017-04-05 10:07:55'),
(582, 10, '2017-04-05 10:13:49'),
(583, 3, '2017-04-05 10:55:32'),
(584, 3, '2017-04-05 13:32:57'),
(585, 2, '2017-04-05 16:21:57'),
(586, 2, '2017-04-05 16:25:02'),
(587, 2, '2017-04-05 16:30:35'),
(588, 9, '2017-04-05 16:30:42'),
(589, 3, '2017-04-05 16:30:50'),
(590, 3, '2017-04-07 09:08:14'),
(591, 9, '2017-04-07 09:29:53'),
(592, 2, '2017-04-07 09:29:57'),
(593, 2, '2017-04-10 12:12:10'),
(594, 3, '2017-04-10 14:56:43'),
(595, 3, '2017-04-10 14:57:44'),
(596, 2, '2017-04-10 17:13:27'),
(597, 3, '2017-04-12 09:18:20'),
(598, 2, '2017-04-12 11:10:36'),
(599, 3, '2017-04-13 13:17:56'),
(600, 3, '2017-04-13 14:22:56'),
(601, 3, '2017-04-14 13:13:25'),
(602, 2, '2017-04-20 10:23:10'),
(603, 2, '2017-05-01 11:12:05'),
(604, 2, '2017-04-24 10:01:16'),
(605, 2, '2017-04-26 08:27:58'),
(606, 2, '2017-04-26 08:50:22'),
(607, 2, '2017-04-26 16:40:05'),
(608, 3, '2017-05-01 11:11:48'),
(610, 3, '2017-05-01 14:24:38'),
(611, 3, '2017-05-01 14:25:46'),
(612, 2, '2017-05-01 16:19:03'),
(613, 2, '2017-05-02 10:02:33'),
(614, 3, '2017-05-02 22:46:22'),
(615, 3, '2017-05-02 22:47:31'),
(616, 3, '2017-05-04 14:36:40'),
(618, 2, '2017-05-08 15:15:53'),
(619, 1, '2017-05-08 17:08:58'),
(620, 1, '2017-05-08 17:10:43'),
(621, 3, '2017-05-12 16:46:33'),
(622, 9, '2017-05-12 16:49:06');

-- --------------------------------------------------------

--
-- Tabelstructuur voor tabel `tickets`
--

CREATE TABLE `tickets` (
  `id` int(11) DEFAULT NULL,
  `name` varchar(50) DEFAULT NULL,
  `contact_id` int(11) DEFAULT NULL,
  `description` text,
  `done` int(11) DEFAULT NULL,
  `done_by` int(11) DEFAULT NULL,
  `visible` int(11) DEFAULT NULL,
  `user_id` int(11) DEFAULT NULL,
  `internal_description` text,
  `emergency` int(11) DEFAULT NULL
) ENGINE=InnoDB DEFAULT CHARSET=utf8;

-- --------------------------------------------------------

--
-- Tabelstructuur voor tabel `users`
--

CREATE TABLE `users` (
  `id` int(11) NOT NULL,
  `name` varchar(80) NOT NULL,
  `username` varchar(80) DEFAULT NULL,
  `password` varchar(80) DEFAULT NULL,
  `email` varchar(60) NOT NULL,
  `profile_image` varchar(200) DEFAULT NULL,
  `profile_id` int(11) NOT NULL,
  `division_id` int(11) NOT NULL,
  `menu_state` varchar(6) DEFAULT NULL,
  `active` bit(1) NOT NULL,
  `start_page` varchar(50) DEFAULT NULL,
  `date_created` datetime NOT NULL,
  `slogan` varchar(200) DEFAULT NULL,
  `trello_name` varchar(100) DEFAULT NULL,
  `calendar_link` text
) ENGINE=InnoDB DEFAULT CHARSET=latin1;

--
-- Gegevens worden geëxporteerd voor tabel `users`
--

INSERT INTO `users` (`id`, `name`, `username`, `password`, `email`, `profile_image`, `profile_id`, `division_id`, `menu_state`, `active`, `start_page`, `date_created`, `slogan`, `trello_name`, `calendar_link`) VALUES
(1, 'Jan-Willem Huisman', 'janwillem', '8caaacac90db73ccf7127bba5c29c8621cbf0087', 'janwillem@mixfinity.nl', '/custom/image/profile/janwillem.jpg', 1, 2, NULL, b'1', NULL, '0000-00-00 00:00:00', 'The power to wow!', 'janwillemhuisman', 'https://calendar.google.com/calendar/embed?mode=WEEK&src=janwillem%40mixfinity.nl&ctz=Europe/Amsterdam'),
(2, 'Dennis Tijnagel', 'dtijnagel', '3214698a30c546e843ed9f8648d7c4cf4076690e', 'dtijnagel@mixfinity.nl', '/custom/image/profile/dennis.jpg', 1, 2, NULL, b'1', NULL, '2015-10-16 16:28:00', 'Before software can be reusable it first has to be usable', 'dennistijnagel1', 'https://calendar.google.com/calendar/embed?mode=WEEK&src=dtijnagel%40mixfinity.nl&ctz=Europe/Amsterdam'),
(3, 'Peter Roodhart', 'peter', '030aabdd856bffc0ab0efaf6a9b73a120a9060ca', 'peter@mixfinity.nl', '/custom/image/profile/peter.jpg', 1, 1, NULL, b'1', NULL, '2015-10-16 16:29:00', 'If you can\'t make it good, make it big!', 'peterroodhart1', 'https://calendar.google.com/calendar/embed?mode=WEEK&src=peter%40mixfinity.nl&ctz=Europe/Amsterdam'),
(4, 'Danny Bijl', 'danny', '0489c07fb966f2b3911e5182f59fdc4761520a33', 'danny@dpgwa.nl', '/custom/image/profile/danny.jpg', 2, 3, NULL, b'1', NULL, '2015-10-16 16:31:00', 'Learn, Rank, Dominatrix!', 'dannybijl1', NULL),
(5, 'Bram Dijkstra', 'bram', '101c7602ad18d9aa4e03c6c83c6ba7c4956cdfc1', 'bram@dpgwa.nl', '/custom/image/profile/bram.jpg', 2, 3, NULL, b'1', NULL, '2016-02-15 15:08:44', 'There\'s a name for people without beards: Women!', NULL, NULL),
(6, 'Heidi Copray', 'heidi', 'f145fbc1c1aae430104ede78ddfbbb5c4095740f', 'post@copraycommunicatie.com', '/custom/image/profile/heidi.jpg', 2, 3, NULL, b'1', NULL, '2016-02-15 15:09:37', 'We find the words when you need them', NULL, NULL),
(7, 'Daniëlla Geerlings', 'daniella', '7224eb558da18a2ee42eaa63fef99bc1ee0c27a7', 'daniella@xquisite.nl', '/custom/image/profile/daniella.jpg', 2, 3, NULL, b'1', NULL, '2016-02-15 15:10:09', 'I\'d like to press your button!', NULL, NULL),
(8, 'Annerieke Maathuis', 'annerieke', 'df9226b1122fbc932243ba36de9e55e2', 'annerieke.maathuis@gmail.com', '/custom/image/profile/annerieke.jpg', 2, 3, NULL, b'1', NULL, '2016-02-15 15:10:40', 'When words fail you, I can help', NULL, NULL),
(9, 'Vincent van de Water', 'vincent', '9d96bfaecb857b46df4ea2d1bbca9b5b122e1e8b', 'vincent@mixfinity.nl', '/custom/image/profile/vincent.jpg', 2, 2, NULL, b'1', NULL, '2016-08-11 10:16:29', 'Even aan m\'n moeder vragen', 'vincentvandewater', 'https://calendar.google.com/calendar/embed?mode=WEEK&src=vincent%40mixfinity.nl&ctz=Europe/Amsterdam'),
(10, 'Cees Graafland', 'cees', '09545fad81efb2f6be4165b08828dc1f00e770a4', 'cees@mixfinity.nl', '/custom/image/profile/cees.jpg', 2, 2, NULL, b'1', NULL, '2017-04-03 08:46:49', 'Even een TestKees opstellen!', 'cees67', 'https://calendar.google.com/calendar/embed?mode=WEEK&src=cees%40mixfinity.nl&ctz=Europe/Amsterdam');

-- --------------------------------------------------------

--
-- Tabelstructuur voor tabel `user_activities`
--

CREATE TABLE `user_activities` (
  `id` int(11) NOT NULL,
  `user_id` int(11) NOT NULL,
  `checksum` varchar(100) NOT NULL,
  `date_modify` datetime NOT NULL
) ENGINE=InnoDB DEFAULT CHARSET=latin1;

--
-- Gegevens worden geëxporteerd voor tabel `user_activities`
--

INSERT INTO `user_activities` (`id`, `user_id`, `checksum`, `date_modify`) VALUES
(1, 1, '51a1aaf214f99c5a74a8ad299cd16f730240c605', '2017-08-02 14:50:40'),
(2, 2, '9b8b0a34a1ac3bc13c9f78a2855992dc1304b8da', '2017-05-08 15:27:33'),
(3, 3, 'a0c33cbac70102eae5bbf6ec8ca998b03e24da46', '2017-05-12 16:55:51'),
(4, 4, '9ff870d3700c2f27e34d10f58', '2016-02-17 13:23:21'),
(5, 9, '1860fe93a71c31951968c124e05d33773b95f44b', '2017-06-26 09:43:36'),
(6, 5, 'e3092ede4ca618d7bdb4ef146', '2016-02-15 15:25:28'),
(7, 6, '312fb5699f4643aab53ac64d1', '2016-02-15 15:24:55'),
(8, 7, '331ab2dd5e3e133ba295df8a8', '2016-10-17 14:41:01'),
(9, 8, 'f5a0e2a066697829602449cea', '2017-01-11 20:20:50'),
(10, 10, 'ef127944ea3f4240e9c281265a1b765530c053a6', '2017-05-10 08:59:22');

-- --------------------------------------------------------

--
-- Tabelstructuur voor tabel `working_minutes`
--

CREATE TABLE `working_minutes` (
  `id` int(9) NOT NULL,
  `minutes` int(4) NOT NULL,
  `project_line_id` int(9) NOT NULL,
  `created_at` datetime NOT NULL,
  `user_id` int(11) NOT NULL,
  `ticket_id` int(11) DEFAULT NULL,
  `description` varchar(255) DEFAULT NULL
) ENGINE=InnoDB DEFAULT CHARSET=latin1;

--
-- Gegevens worden geëxporteerd voor tabel `working_minutes`
--

INSERT INTO `working_minutes` (`id`, `minutes`, `project_line_id`, `created_at`, `user_id`, `ticket_id`, `description`) VALUES
(38, 240, 73, '2016-02-08 14:28:52', 1, NULL, ''),
(39, 150, 74, '2016-02-08 14:28:52', 1, NULL, ''),
(40, 240, 78, '2016-02-09 14:29:59', 1, NULL, ''),
(41, 120, 80, '2016-02-09 14:29:59', 1, NULL, ''),
(42, 240, 80, '2016-02-12 15:29:50', 1, NULL, ''),
(43, 60, 79, '2016-02-15 15:34:46', 2, NULL, ''),
(44, 120, 62, '2016-02-15 15:35:09', 2, NULL, ''),
(45, 120, 106, '2016-02-15 15:47:16', 2, NULL, ''),
(46, 400, 63, '2016-02-15 16:43:06', 3, NULL, ''),
(47, 60, 79, '2016-02-15 17:33:25', 2, NULL, ''),
(48, 120, 107, '2016-02-15 18:09:30', 3, NULL, ''),
(49, 60, 108, '2016-02-15 18:09:53', 3, NULL, ''),
(50, 120, 109, '2016-02-16 14:30:11', 2, NULL, ''),
(51, 240, 110, '2016-02-16 14:33:28', 2, NULL, ''),
(52, 240, 83, '2016-02-16 14:55:23', 1, NULL, ''),
(53, 120, 108, '2016-02-16 15:25:16', 3, NULL, ''),
(54, 30, 106, '2016-02-16 15:37:01', 2, NULL, ''),
(55, 30, 106, '2016-02-16 15:37:04', 2, NULL, ''),
(56, 360, 68, '2016-02-16 16:12:13', 3, NULL, ''),
(57, 660, 70, '2016-02-16 16:12:35', 3, NULL, ''),
(58, 120, 71, '2016-02-16 16:13:49', 3, NULL, ''),
(59, 780, 66, '2016-02-16 16:14:32', 3, NULL, ''),
(60, 360, 67, '2016-02-16 16:14:50', 3, NULL, ''),
(61, 150, 84, '2016-02-16 17:52:21', 1, NULL, ''),
(62, 120, 124, '2016-02-17 13:59:52', 2, NULL, ''),
(63, 30, 103, '2016-02-17 16:36:18', 3, NULL, ''),
(64, 45, 132, '2016-02-17 17:27:21', 2, NULL, ''),
(65, 120, 124, '2016-02-18 11:16:57', 2, NULL, ''),
(66, 120, 133, '2016-02-18 11:19:05', 2, NULL, ''),
(67, 60, 79, '2016-02-18 14:58:35', 2, NULL, ''),
(68, 240, 134, '2016-02-18 15:34:33', 3, NULL, ''),
(69, 30, 122, '2016-02-18 15:35:48', 3, NULL, ''),
(70, 240, 133, '2016-02-18 18:01:13', 2, NULL, ''),
(71, 60, 79, '2016-02-19 10:57:27', 2, NULL, ''),
(72, 60, 136, '2016-02-19 11:00:28', 2, NULL, ''),
(73, 180, 116, '2016-02-19 18:05:38', 3, NULL, ''),
(74, 120, 116, '2016-02-19 18:05:48', 3, NULL, ''),
(75, 60, 119, '2016-02-19 18:06:04', 3, NULL, ''),
(76, 60, 120, '2016-02-19 18:06:09', 3, NULL, ''),
(77, 120, 138, '2016-02-22 10:34:11', 2, NULL, ''),
(78, 20, 84, '2016-02-22 11:55:38', 1, NULL, ''),
(79, 90, 85, '2016-02-22 11:55:44', 1, NULL, ''),
(80, 240, 147, '2016-02-22 17:52:01', 1, NULL, ''),
(81, 30, 86, '2016-02-22 17:52:12', 1, NULL, ''),
(82, 20, 145, '2016-02-23 10:01:37', 1, NULL, ''),
(83, 240, 133, '2016-02-23 13:39:42', 2, NULL, ''),
(84, 10, 144, '2016-02-23 14:10:06', 3, NULL, ''),
(85, 20, 142, '2016-02-23 14:24:35', 3, NULL, ''),
(86, 40, 141, '2016-02-23 15:17:29', 3, NULL, ''),
(87, 90, 111, '2016-02-23 15:32:34', 3, NULL, ''),
(88, 60, 111, '2016-02-23 16:17:31', 3, NULL, ''),
(89, 120, 86, '2016-02-23 16:55:46', 1, NULL, ''),
(90, 180, 88, '2016-02-23 16:55:57', 1, NULL, ''),
(91, 75, 87, '2016-02-23 16:58:15', 1, NULL, ''),
(92, 8, 142, '2016-02-23 17:30:43', 3, NULL, ''),
(93, 60, 138, '2016-02-24 17:26:45', 2, NULL, ''),
(94, 360, 133, '2016-02-24 17:27:13', 2, NULL, ''),
(95, 300, 108, '2016-02-24 17:33:08', 3, NULL, ''),
(96, 10, 150, '2016-02-24 17:49:50', 3, NULL, ''),
(97, 60, 106, '2016-02-25 11:27:37', 2, NULL, ''),
(98, 120, 151, '2016-02-25 11:43:43', 2, NULL, ''),
(99, 25, 148, '2016-02-25 12:50:12', 3, NULL, ''),
(100, 35, 143, '2016-02-25 16:49:45', 3, NULL, ''),
(101, 90, 153, '2016-02-26 14:42:31', 1, NULL, ''),
(102, 120, 108, '2016-02-26 16:22:11', 3, NULL, ''),
(103, 60, 149, '2016-02-26 17:40:03', 1, NULL, ''),
(104, 240, 138, '2016-02-26 18:06:57', 2, NULL, ''),
(105, 240, 133, '2016-02-29 09:42:38', 2, NULL, ''),
(106, 30, 149, '2016-02-29 09:50:54', 1, NULL, ''),
(107, 50, 154, '2016-02-29 11:42:15', 3, NULL, ''),
(108, 60, 118, '2016-02-29 14:32:18', 3, NULL, ''),
(109, 75, 117, '2016-02-29 15:27:32', 3, NULL, ''),
(110, 240, 87, '2016-02-29 16:05:19', 1, NULL, ''),
(111, 60, 106, '2016-02-29 16:46:17', 2, NULL, ''),
(112, 30, 149, '2016-03-01 17:50:51', 1, NULL, ''),
(113, 240, 158, '2016-03-01 17:51:01', 1, NULL, ''),
(114, 90, 159, '2016-03-01 17:51:07', 1, NULL, ''),
(115, 60, 157, '2016-03-03 14:17:39', 2, NULL, ''),
(116, 420, 151, '2016-03-03 14:23:04', 2, NULL, ''),
(117, 210, 159, '2016-03-04 13:05:19', 1, NULL, ''),
(118, 360, 151, '2016-03-04 17:44:17', 2, NULL, ''),
(119, 120, 151, '2016-03-07 09:58:43', 2, NULL, ''),
(120, 240, 159, '2016-03-07 17:52:32', 1, NULL, ''),
(121, 180, 158, '2016-03-07 17:52:40', 1, NULL, ''),
(122, 120, 146, '2016-03-08 10:36:00', 2, NULL, ''),
(123, 15, 165, '2016-03-08 12:01:55', 3, NULL, ''),
(124, 30, 166, '2016-03-08 12:02:06', 3, NULL, ''),
(125, 180, 151, '2016-03-09 12:59:39', 2, NULL, ''),
(126, 60, 157, '2016-03-09 12:59:50', 2, NULL, ''),
(127, 480, 109, '2016-03-10 10:19:35', 2, NULL, ''),
(128, 480, 133, '2016-03-10 10:20:03', 2, NULL, ''),
(129, 30, 63, '2016-03-11 12:42:27', 3, NULL, ''),
(130, 120, 64, '2016-03-11 12:42:42', 3, NULL, ''),
(131, 120, 64, '2016-03-11 16:45:34', 3, NULL, ''),
(132, 60, 167, '2016-03-11 17:25:25', 2, NULL, ''),
(133, 60, 167, '2016-03-11 17:25:51', 2, NULL, ''),
(134, 180, 65, '2016-03-14 16:48:33', 3, NULL, ''),
(135, 60, 69, '2016-03-14 16:48:53', 3, NULL, ''),
(136, 60, 69, '2016-03-14 16:49:26', 3, NULL, ''),
(137, 60, 156, '2016-03-15 11:14:23', 2, NULL, ''),
(138, 480, 129, '2016-03-15 11:16:06', 2, NULL, ''),
(139, 120, 113, '2016-03-16 12:22:34', 3, NULL, ''),
(140, 10, 166, '2016-03-16 12:29:36', 3, NULL, ''),
(141, 45, 113, '2016-03-18 15:53:43', 3, NULL, ''),
(142, 60, 168, '2016-03-18 15:58:20', 3, NULL, ''),
(143, 10, 166, '2016-03-18 16:00:06', 3, NULL, ''),
(144, 240, 158, '2016-03-18 17:36:05', 1, NULL, ''),
(145, 120, 91, '2016-03-18 17:36:30', 1, NULL, ''),
(146, 60, 170, '2016-03-21 14:14:35', 2, NULL, ''),
(147, 420, 109, '2016-03-22 11:29:01', 2, NULL, ''),
(148, 480, 109, '2016-03-22 11:29:18', 2, NULL, ''),
(149, 180, 171, '2016-03-22 17:04:35', 3, NULL, ''),
(150, 60, 170, '2016-03-24 08:57:41', 2, NULL, ''),
(151, 180, 156, '2016-03-24 09:32:19', 2, NULL, ''),
(152, 60, 170, '2016-03-24 12:19:22', 2, NULL, ''),
(153, 60, 156, '2016-03-24 15:15:30', 2, NULL, ''),
(154, 60, 170, '2016-03-25 15:31:46', 2, NULL, ''),
(155, 240, 133, '2016-03-29 09:56:40', 2, NULL, ''),
(156, 480, 175, '2016-03-30 14:19:07', 2, NULL, ''),
(157, 60, 156, '2016-04-01 08:56:22', 2, NULL, ''),
(158, 60, 156, '2016-04-01 14:15:11', 2, NULL, ''),
(159, 120, 177, '2016-04-04 15:13:27', 2, NULL, ''),
(160, 360, 173, '2016-04-05 09:48:37', 1, NULL, ''),
(161, 10, 114, '2016-04-05 15:04:17', 3, NULL, ''),
(162, 30, 172, '2016-04-05 17:29:26', 1, NULL, ''),
(163, 330, 173, '2016-04-05 17:33:32', 1, NULL, ''),
(164, 480, 177, '2016-04-08 09:13:38', 2, NULL, ''),
(165, 90, 172, '2016-04-08 10:40:12', 1, NULL, ''),
(166, 180, 174, '2016-04-08 10:43:20', 2, NULL, ''),
(167, 45, 179, '2016-04-08 16:15:38', 3, NULL, ''),
(168, 75, 180, '2016-04-08 16:32:14', 3, NULL, ''),
(169, 60, 182, '2016-04-08 16:32:40', 3, NULL, ''),
(170, 10, 179, '2016-04-08 16:43:05', 3, NULL, ''),
(171, 30, 180, '2016-04-11 11:19:38', 3, NULL, ''),
(172, 20, 183, '2016-04-11 11:45:02', 3, NULL, ''),
(173, 60, 180, '2016-04-12 11:02:05', 3, NULL, ''),
(174, 140, 182, '2016-04-12 11:12:11', 3, NULL, ''),
(175, 10, 186, '2016-04-13 11:04:32', 3, NULL, ''),
(176, 10, 183, '2016-04-14 16:42:54', 3, NULL, ''),
(177, 10, 190, '2016-04-14 17:20:47', 3, NULL, ''),
(178, 10, 188, '2016-04-14 17:40:06', 3, NULL, ''),
(179, 180, 109, '2016-04-15 08:53:12', 2, NULL, ''),
(180, 480, 178, '2016-04-15 08:53:50', 2, NULL, ''),
(181, 60, 178, '2016-04-15 08:54:10', 2, NULL, ''),
(182, 15, 183, '2016-04-15 15:04:55', 3, NULL, ''),
(183, 5, 183, '2016-04-18 11:11:43', 3, NULL, ''),
(184, 120, 187, '2016-04-18 11:12:20', 3, NULL, ''),
(185, 10, 182, '2016-04-18 11:12:41', 3, NULL, ''),
(186, 120, 191, '2016-04-18 11:45:08', 2, NULL, ''),
(187, 60, 187, '2016-04-19 14:00:01', 3, NULL, ''),
(188, 25, 187, '2016-04-19 14:29:05', 3, NULL, ''),
(189, 30, 180, '2016-04-20 12:20:02', 3, NULL, ''),
(190, 5, 190, '2016-04-20 12:20:31', 3, NULL, ''),
(191, 35, 194, '2016-04-20 15:41:04', 3, NULL, ''),
(192, 75, 194, '2016-04-20 17:05:41', 3, NULL, ''),
(193, 5, 194, '2016-04-20 17:05:52', 3, NULL, ''),
(194, 20, 180, '2016-04-22 11:22:18', 3, NULL, ''),
(195, 300, 191, '2016-04-22 11:40:54', 2, NULL, ''),
(196, 15, 180, '2016-04-22 14:09:34', 3, NULL, ''),
(197, 225, 196, '2016-04-22 14:23:19', 1, NULL, ''),
(198, 120, 195, '2016-04-22 16:15:32', 1, NULL, ''),
(199, 120, 177, '2016-04-25 11:36:16', 2, NULL, ''),
(200, 300, 82, '2016-04-26 09:46:41', 1, NULL, ''),
(201, 300, 197, '2016-04-28 16:12:59', 3, NULL, ''),
(202, 10, 189, '2016-04-29 09:04:45', 2, NULL, ''),
(203, 480, 198, '2016-04-29 09:06:15', 2, NULL, ''),
(204, 480, 198, '2016-04-29 09:06:24', 2, NULL, ''),
(205, 120, 197, '2016-04-29 12:42:50', 3, NULL, ''),
(206, 180, 184, '2016-04-29 12:49:32', 3, NULL, ''),
(207, 45, 199, '2016-04-29 14:18:51', 3, NULL, ''),
(208, 120, 177, '2016-04-29 16:01:49', 2, NULL, ''),
(209, 480, 200, '2016-05-03 12:01:33', 2, NULL, ''),
(210, 240, 200, '2016-05-06 16:31:08', 2, NULL, ''),
(211, 420, 200, '2016-05-06 16:38:16', 2, NULL, ''),
(212, 420, 200, '2016-05-06 16:38:56', 2, NULL, ''),
(213, 120, 200, '2016-05-06 16:48:21', 2, NULL, ''),
(214, 60, 202, '2016-05-09 16:27:52', 3, NULL, ''),
(215, 75, 207, '2016-05-10 11:43:29', 3, NULL, ''),
(216, 5, 202, '2016-05-10 11:59:17', 3, NULL, ''),
(217, 45, 203, '2016-05-10 15:07:08', 3, NULL, ''),
(218, 10, 208, '2016-05-11 18:14:34', 1, NULL, ''),
(219, 20, 202, '2016-05-12 11:31:41', 3, NULL, ''),
(220, 180, 210, '2016-05-20 20:54:17', 3, NULL, ''),
(221, 120, 210, '2016-05-24 10:34:44', 3, NULL, ''),
(222, 120, 211, '2016-05-24 10:35:05', 3, NULL, ''),
(223, 780, 89, '2016-05-24 10:41:06', 1, NULL, ''),
(224, 600, 159, '2016-05-24 10:41:21', 1, NULL, ''),
(225, 180, 159, '2016-05-24 10:41:37', 1, NULL, ''),
(226, 2160, 221, '2016-05-24 10:43:31', 1, NULL, ''),
(227, 360, 90, '2016-05-24 10:44:25', 1, NULL, ''),
(228, 10, 211, '2016-05-24 11:43:07', 3, NULL, ''),
(229, 10, 211, '2016-05-24 11:43:11', 3, NULL, ''),
(230, 300, 201, '2016-05-24 12:17:10', 2, NULL, ''),
(231, 360, 90, '2016-05-24 17:54:07', 1, NULL, ''),
(232, 60, 94, '2016-05-24 17:54:27', 1, NULL, ''),
(233, 75, 230, '2016-05-24 18:05:26', 3, NULL, ''),
(234, 60, 210, '2016-05-24 18:05:45', 3, NULL, ''),
(235, 60, 231, '2016-05-25 15:20:04', 3, NULL, ''),
(236, 120, 232, '2016-05-27 16:08:40', 3, NULL, ''),
(237, 240, 208, '2016-05-30 11:31:05', 1, NULL, ''),
(238, 90, 265, '2016-05-30 16:44:06', 3, NULL, ''),
(239, 10, 266, '2016-05-31 10:56:04', 3, NULL, ''),
(240, 30, 265, '2016-05-31 13:51:47', 3, NULL, ''),
(241, 120, 214, '2016-05-31 14:29:15', 3, NULL, ''),
(242, 240, 209, '2016-06-07 10:05:20', 2, NULL, ''),
(243, 120, 235, '2016-06-07 11:27:23', 2, NULL, ''),
(244, 60, 96, '2016-06-07 15:08:48', 2, NULL, ''),
(245, 300, 94, '2016-06-07 16:47:59', 1, NULL, ''),
(246, 660, 270, '2016-06-10 09:23:59', 2, NULL, ''),
(247, 480, 276, '2016-06-10 09:31:27', 2, NULL, ''),
(248, 120, 276, '2016-06-10 09:31:58', 2, NULL, ''),
(249, 120, 276, '2016-06-10 09:31:59', 2, NULL, ''),
(250, 460, 269, '2016-06-10 12:21:35', 3, NULL, ''),
(251, 180, 234, '2016-06-10 16:33:37', 2, NULL, ''),
(252, 45, 234, '2016-06-10 16:33:44', 2, NULL, ''),
(253, 300, 96, '2016-06-10 17:52:00', 1, NULL, ''),
(254, 60, 277, '2016-06-10 17:52:33', 1, NULL, ''),
(255, 210, 278, '2016-06-13 12:40:28', 1, NULL, ''),
(256, 600, 248, '2016-06-13 14:11:27', 3, NULL, ''),
(257, 180, 237, '2016-06-13 16:50:12', 2, NULL, ''),
(258, 60, 269, '2016-06-14 12:47:03', 3, NULL, ''),
(259, 120, 248, '2016-06-14 14:21:11', 3, NULL, ''),
(260, 480, 281, '2016-06-14 15:02:10', 2, NULL, ''),
(261, 480, 281, '2016-06-14 15:02:33', 2, NULL, ''),
(262, 10, 279, '2016-06-14 17:08:51', 2, NULL, ''),
(263, 480, 282, '2016-06-16 10:31:00', 2, NULL, ''),
(264, 120, 282, '2016-06-16 10:31:04', 2, NULL, ''),
(265, 240, 255, '2016-06-16 17:32:28', 3, NULL, ''),
(266, 30, 283, '2016-06-17 16:05:09', 3, NULL, ''),
(267, 480, 281, '2016-06-17 18:04:41', 2, NULL, ''),
(268, 45, 289, '2016-06-20 11:20:17', 3, NULL, ''),
(269, 120, 286, '2016-06-20 11:33:34', 3, NULL, ''),
(270, 30, 288, '2016-06-20 14:08:36', 3, NULL, ''),
(271, 180, 290, '2016-06-20 17:35:59', 3, NULL, ''),
(272, 60, 256, '2016-06-21 14:45:36', 3, NULL, ''),
(273, 45, 290, '2016-06-21 16:11:01', 3, NULL, ''),
(274, 10, 290, '2016-06-21 16:42:14', 3, NULL, ''),
(275, 480, 300, '2016-06-23 10:41:33', 2, NULL, ''),
(276, 480, 300, '2016-06-23 10:41:34', 2, NULL, ''),
(277, 60, 300, '2016-06-23 10:41:36', 2, NULL, ''),
(279, 240, 95, '2016-06-23 10:50:43', 2, NULL, ''),
(280, 60, 93, '2016-06-23 10:51:25', 2, NULL, ''),
(281, 10, 295, '2016-06-23 15:09:30', 3, NULL, ''),
(282, 5, 288, '2016-06-23 16:47:27', 3, NULL, ''),
(283, 10, 305, '2016-06-24 11:08:09', 3, NULL, ''),
(284, 240, 257, '2016-06-24 11:11:58', 2, NULL, ''),
(285, 60, 257, '2016-06-24 11:12:31', 2, NULL, ''),
(286, 60, 257, '2016-06-24 11:12:44', 2, NULL, ''),
(287, 60, 255, '2016-06-24 11:48:41', 3, NULL, ''),
(288, 240, 296, '2016-06-24 17:50:30', 1, NULL, ''),
(289, 60, 297, '2016-06-24 17:50:36', 1, NULL, ''),
(290, 45, 298, '2016-06-24 17:50:45', 1, NULL, ''),
(291, 300, 281, '2016-06-24 17:51:31', 2, NULL, ''),
(292, 280, 301, '2016-06-24 17:59:22', 3, NULL, ''),
(293, 480, 306, '2016-06-27 12:18:17', 2, NULL, ''),
(294, 5, 288, '2016-06-27 14:07:59', 3, NULL, ''),
(295, 240, 307, '2016-06-27 14:16:03', 1, NULL, ''),
(296, 10, 298, '2016-06-27 14:23:37', 1, NULL, ''),
(297, 180, 249, '2016-06-27 17:43:24', 1, NULL, ''),
(298, 15, 289, '2016-06-27 21:47:04', 3, NULL, ''),
(299, 15, 294, '2016-06-28 11:33:45', 3, NULL, ''),
(300, 360, 249, '2016-06-28 17:52:11', 1, NULL, ''),
(301, 480, 308, '2016-06-28 17:55:07', 2, NULL, ''),
(302, 30, 255, '2016-06-29 10:47:00', 3, NULL, ''),
(303, 240, 284, '2016-06-29 18:01:26', 3, NULL, ''),
(304, 480, 306, '2016-06-30 12:38:42', 2, NULL, ''),
(305, 120, 306, '2016-06-30 12:39:03', 2, NULL, ''),
(306, 30, 309, '2016-07-01 10:47:08', 3, NULL, ''),
(307, 15, 255, '2016-07-01 11:07:40', 3, NULL, ''),
(308, 300, 249, '2016-07-04 10:18:56', 1, NULL, ''),
(309, 480, 257, '2016-07-04 14:29:53', 2, NULL, ''),
(310, 240, 251, '2016-07-04 17:45:40', 1, NULL, ''),
(311, 180, 250, '2016-07-04 17:45:46', 1, NULL, ''),
(312, 240, 292, '2016-07-05 17:13:28', 1, NULL, ''),
(313, 15, 255, '2016-07-05 22:26:18', 3, NULL, ''),
(314, 75, 310, '2016-07-05 22:27:53', 3, NULL, ''),
(315, 300, 280, '2016-07-06 16:29:55', 3, NULL, ''),
(316, 480, 318, '2016-07-08 11:50:58', 2, NULL, ''),
(317, 30, 316, '2016-07-08 16:45:18', 3, NULL, ''),
(318, 30, 315, '2016-07-08 16:45:25', 3, NULL, ''),
(319, 30, 314, '2016-07-08 16:45:33', 3, NULL, ''),
(320, 60, 318, '2016-07-08 17:17:28', 2, NULL, ''),
(321, 60, 318, '2016-07-08 17:18:17', 2, NULL, ''),
(322, 30, 318, '2016-07-08 17:18:35', 2, NULL, ''),
(323, 1260, 274, '2016-07-08 17:20:01', 2, NULL, ''),
(324, 420, 257, '2016-07-08 17:20:43', 2, NULL, ''),
(325, 35, 320, '2016-07-11 14:46:30', 3, NULL, ''),
(326, 75, 323, '2016-07-11 16:58:22', 3, NULL, ''),
(327, 25, 321, '2016-07-11 17:21:05', 3, NULL, ''),
(328, 420, 274, '2016-07-12 11:48:47', 2, NULL, ''),
(329, 240, 327, '2016-07-12 12:57:31', 3, NULL, ''),
(330, 300, 302, '2016-07-12 17:37:46', 1, NULL, ''),
(331, 300, 303, '2016-07-12 17:37:48', 1, NULL, ''),
(332, 210, 330, '2016-07-12 17:38:22', 1, NULL, ''),
(333, 180, 331, '2016-07-12 18:27:37', 3, NULL, ''),
(334, 420, 274, '2016-07-13 10:28:30', 2, NULL, ''),
(335, 120, 334, '2016-07-13 10:30:33', 2, NULL, ''),
(336, 35, 335, '2016-07-13 11:38:05', 3, NULL, ''),
(337, 20, 336, '2016-07-14 12:24:29', 3, NULL, ''),
(338, 120, 286, '2016-07-14 12:31:14', 3, NULL, ''),
(339, 120, 284, '2016-07-14 12:31:38', 3, NULL, ''),
(340, 480, 334, '2016-07-14 17:45:03', 2, NULL, ''),
(341, 45, 287, '2016-07-15 11:27:31', 3, NULL, ''),
(342, 20, 326, '2016-07-15 14:55:55', 3, NULL, ''),
(343, 25, 326, '2016-07-15 15:21:30', 3, NULL, ''),
(344, 60, 337, '2016-07-15 15:29:53', 2, NULL, ''),
(345, 60, 257, '2016-07-15 15:31:16', 2, NULL, ''),
(346, 180, 329, '2016-07-18 17:16:11', 1, NULL, ''),
(347, 240, 302, '2016-07-18 17:16:25', 1, NULL, ''),
(348, 30, 238, '2016-07-18 17:35:05', 1, NULL, ''),
(349, 480, 339, '2016-07-19 09:36:24', 2, NULL, ''),
(350, 10, 287, '2016-07-19 11:35:54', 3, NULL, ''),
(351, 30, 319, '2016-07-19 11:54:26', 3, NULL, ''),
(352, 60, 324, '2016-07-19 14:37:45', 3, NULL, ''),
(353, 60, 322, '2016-07-19 17:36:36', 3, NULL, ''),
(354, 20, 342, '2016-07-20 16:21:24', 2, NULL, ''),
(355, 420, 339, '2016-07-20 16:23:24', 2, NULL, ''),
(356, 480, 343, '2016-07-21 14:10:31', 2, NULL, ''),
(357, 60, 343, '2016-07-21 14:11:10', 2, NULL, ''),
(358, 30, 337, '2016-07-22 10:03:25', 2, NULL, ''),
(359, 360, 339, '2016-07-26 09:20:55', 2, NULL, ''),
(360, 960, 344, '2016-07-29 10:45:09', 2, NULL, ''),
(361, 600, 340, '2016-08-01 12:25:04', 1, NULL, ''),
(362, 480, 349, '2016-08-02 14:00:58', 2, NULL, ''),
(363, 360, 349, '2016-08-02 14:01:16', 2, NULL, ''),
(364, 80, 350, '2016-08-02 17:03:52', 1, NULL, ''),
(365, 60, 351, '2016-08-03 10:34:49', 2, NULL, ''),
(366, 60, 353, '2016-08-03 19:03:57', 2, NULL, ''),
(367, 180, 348, '2016-08-04 14:48:17', 3, NULL, ''),
(368, 20, 348, '2016-08-04 15:00:30', 3, NULL, ''),
(369, 15, 354, '2016-08-04 16:36:16', 3, NULL, ''),
(370, 90, 348, '2016-08-05 11:58:23', 3, NULL, ''),
(371, 60, 348, '2016-08-05 14:44:42', 3, NULL, ''),
(372, 300, 352, '2016-08-09 15:04:18', 2, NULL, ''),
(373, 180, 352, '2016-08-09 15:04:56', 2, NULL, ''),
(374, 60, 357, '2016-08-10 14:00:14', 3, NULL, ''),
(375, 300, 240, '2016-08-10 18:21:53', 3, NULL, ''),
(376, 60, 238, '2016-08-11 16:25:20', 1, NULL, ''),
(377, 120, 340, '2016-08-11 16:26:00', 1, NULL, ''),
(378, 60, 253, '2016-08-11 16:29:15', 1, NULL, ''),
(379, 300, 364, '2016-08-11 17:19:48', 3, NULL, ''),
(380, 420, 367, '2016-08-12 09:19:00', 2, NULL, ''),
(381, 15, 367, '2016-08-12 09:21:06', 2, NULL, ''),
(382, 15, 367, '2016-08-12 09:22:43', 2, NULL, ''),
(383, 30, 367, '2016-08-12 09:22:46', 2, NULL, ''),
(384, 240, 351, '2016-08-12 11:19:41', 2, NULL, ''),
(385, 120, 252, '2016-08-15 11:50:21', 1, NULL, ''),
(386, 240, 356, '2016-08-15 11:50:45', 1, NULL, ''),
(387, 1, 369, '2016-08-16 09:37:34', 9, NULL, ''),
(388, 300, 376, '2016-08-16 09:39:57', 2, NULL, ''),
(389, 240, 355, '2016-08-16 09:43:46', 2, NULL, ''),
(390, 180, 240, '2016-08-16 10:33:16', 3, NULL, ''),
(391, 30, 377, '2016-08-16 11:18:13', 2, NULL, ''),
(392, 30, 377, '2016-08-16 11:20:11', 2, NULL, ''),
(393, 420, 352, '2016-08-16 17:46:30', 2, NULL, ''),
(394, 240, 369, '2016-08-17 18:19:30', 9, NULL, ''),
(395, 420, 369, '2016-08-17 18:23:32', 9, NULL, ''),
(396, 60, 377, '2016-08-19 09:05:07', 2, NULL, ''),
(397, 360, 349, '2016-08-19 09:07:08', 2, NULL, ''),
(398, 360, 349, '2016-08-19 09:07:23', 2, NULL, ''),
(399, 420, 369, '2016-08-19 09:53:48', 9, NULL, ''),
(400, 300, 368, '2016-08-19 14:20:07', 1, NULL, ''),
(401, 10, 384, '2016-08-19 14:31:03', 2, NULL, ''),
(402, 60, 378, '2016-08-19 15:02:14', 1, NULL, ''),
(403, 45, 379, '2016-08-19 15:49:26', 1, NULL, ''),
(404, 30, 383, '2016-08-19 16:05:04', 2, NULL, ''),
(405, 30, 380, '2016-08-19 16:46:44', 1, NULL, ''),
(406, 120, 238, '2016-08-19 16:46:57', 1, NULL, ''),
(407, 45, 382, '2016-08-19 17:25:44', 2, NULL, ''),
(408, 120, 371, '2016-08-19 17:58:02', 9, NULL, ''),
(409, 90, 369, '2016-08-19 17:58:41', 9, NULL, ''),
(410, 60, 377, '2016-08-22 11:32:53', 2, NULL, ''),
(411, 60, 291, '2016-08-22 11:34:14', 3, NULL, ''),
(412, 420, 393, '2016-08-22 11:36:33', 2, NULL, ''),
(413, 60, 386, '2016-08-22 12:26:27', 2, NULL, ''),
(414, 30, 386, '2016-08-22 12:26:33', 2, NULL, ''),
(415, 240, 371, '2016-08-22 17:54:01', 9, NULL, ''),
(416, 420, 349, '2016-08-22 18:08:44', 2, NULL, ''),
(417, 240, 390, '2016-08-23 10:59:20', 3, NULL, ''),
(418, 60, 240, '2016-08-23 12:35:13', 3, NULL, ''),
(419, 24, 390, '2016-08-23 23:27:49', 3, NULL, ''),
(420, 480, 371, '2016-08-24 09:49:25', 9, NULL, ''),
(421, 120, 396, '2016-08-24 12:35:16', 2, NULL, ''),
(422, 120, 373, '2016-08-24 18:21:25', 9, NULL, ''),
(423, 260, 392, '2016-08-24 23:07:04', 3, NULL, ''),
(424, 240, 358, '2016-08-24 23:07:28', 3, NULL, ''),
(425, 60, 358, '2016-08-25 10:57:49', 3, NULL, ''),
(426, 480, 399, '2016-08-25 17:43:31', 2, NULL, ''),
(427, 90, 398, '2016-08-25 18:12:45', 3, NULL, ''),
(428, 90, 392, '2016-08-25 18:13:28', 3, NULL, ''),
(429, 360, 373, '2016-08-25 18:34:06', 9, NULL, ''),
(430, 60, 358, '2016-08-25 22:04:15', 3, NULL, ''),
(431, 120, 399, '2016-08-26 08:52:55', 2, NULL, ''),
(433, 360, 373, '2016-08-29 09:33:53', 9, NULL, ''),
(434, 60, 400, '2016-08-29 10:54:18', 2, NULL, ''),
(435, 60, 351, '2016-08-29 10:55:34', 2, NULL, ''),
(436, 240, 372, '2016-08-29 18:04:01', 9, NULL, ''),
(437, 60, 403, '2016-08-30 11:13:19', 3, NULL, ''),
(438, 90, 392, '2016-08-30 16:08:29', 3, NULL, ''),
(439, 90, 390, '2016-08-30 16:08:43', 3, NULL, ''),
(440, 240, 374, '2016-08-31 10:28:35', 9, NULL, ''),
(441, 30, 371, '2016-08-31 17:53:32', 9, NULL, ''),
(442, 60, 372, '2016-08-31 17:53:52', 9, NULL, ''),
(443, 240, 374, '2016-08-31 17:54:32', 9, NULL, ''),
(444, 60, 407, '2016-08-31 18:13:20', 2, NULL, ''),
(445, 60, 407, '2016-09-01 10:31:24', 2, NULL, ''),
(446, 60, 407, '2016-09-01 10:32:01', 2, NULL, ''),
(447, 5, 403, '2016-09-01 12:58:07', 3, NULL, ''),
(448, 180, 388, '2016-09-01 14:42:29', 2, NULL, ''),
(449, 120, 407, '2016-09-01 16:54:45', 2, NULL, ''),
(450, 90, 311, '2016-09-01 21:53:46', 3, NULL, ''),
(451, 75, 408, '2016-09-01 21:54:09', 3, NULL, ''),
(452, 360, 374, '2016-09-02 10:14:39', 9, NULL, ''),
(453, 10, 408, '2016-09-02 10:34:15', 3, NULL, ''),
(454, 60, 280, '2016-09-02 16:00:11', 3, NULL, ''),
(455, 90, 412, '2016-09-02 16:03:14', 3, NULL, ''),
(456, 360, 374, '2016-09-02 18:17:05', 9, NULL, ''),
(457, 120, 404, '2016-09-05 22:17:16', 3, NULL, ''),
(458, 60, 416, '2016-09-06 10:19:44', 2, NULL, ''),
(459, 240, 402, '2016-09-06 14:56:44', 2, NULL, ''),
(460, 300, 402, '2016-09-06 14:57:08', 2, NULL, ''),
(461, 210, 361, '2016-09-06 16:23:49', 3, NULL, ''),
(462, 90, 391, '2016-09-06 16:24:16', 3, NULL, ''),
(463, 180, 391, '2016-09-06 16:24:50', 3, NULL, ''),
(464, 30, 413, '2016-09-06 16:25:01', 3, NULL, ''),
(465, 120, 407, '2016-09-06 17:53:12', 2, NULL, ''),
(466, 420, 374, '2016-09-06 18:04:40', 9, NULL, ''),
(467, 30, 391, '2016-09-06 22:05:44', 3, NULL, ''),
(468, 75, 391, '2016-09-06 22:06:00', 3, NULL, ''),
(469, 120, 406, '2016-09-07 13:03:05', 9, NULL, ''),
(470, 60, 417, '2016-09-07 15:24:57', 3, NULL, ''),
(471, 60, 415, '2016-09-07 17:06:22', 3, NULL, ''),
(472, 90, 391, '2016-09-07 17:06:50', 3, NULL, ''),
(473, 360, 405, '2016-09-07 17:07:21', 2, NULL, ''),
(474, 30, 280, '2016-09-07 17:12:31', 3, NULL, ''),
(475, 120, 286, '2016-09-07 17:33:40', 3, NULL, ''),
(476, 300, 416, '2016-09-08 14:46:00', 2, NULL, ''),
(477, 360, 406, '2016-09-08 18:01:09', 9, NULL, ''),
(478, 180, 349, '2016-09-08 18:33:05', 2, NULL, ''),
(479, 300, 409, '2016-09-09 10:34:20', 3, NULL, ''),
(480, 220, 409, '2016-09-09 15:16:05', 3, NULL, ''),
(481, 45, 414, '2016-09-09 15:16:19', 3, NULL, ''),
(482, 60, 391, '2016-09-09 17:12:35', 3, NULL, ''),
(483, 360, 419, '2016-09-09 18:28:12', 9, NULL, ''),
(484, 360, 405, '2016-09-12 10:10:06', 2, NULL, ''),
(485, 120, 406, '2016-09-13 11:09:19', 9, NULL, ''),
(486, 300, 410, '2016-09-13 11:10:35', 9, NULL, ''),
(487, 30, 406, '2016-09-13 11:24:00', 9, NULL, ''),
(488, 60, 406, '2016-09-13 12:17:16', 9, NULL, ''),
(489, 240, 405, '2016-09-13 16:58:28', 2, NULL, ''),
(490, 180, 423, '2016-09-13 17:08:30', 3, NULL, ''),
(492, 360, 349, '2016-09-14 12:15:25', 2, NULL, ''),
(493, 360, 285, '2016-09-14 16:31:34', 3, NULL, ''),
(494, 420, 410, '2016-09-14 18:03:40', 9, NULL, ''),
(495, 120, 425, '2016-09-15 10:33:34', 3, NULL, ''),
(496, 480, 427, '2016-09-16 09:04:57', 2, NULL, ''),
(497, 480, 407, '2016-09-16 09:06:09', 2, NULL, ''),
(498, 420, 410, '2016-09-16 09:22:03', 9, NULL, ''),
(499, 30, 421, '2016-09-16 09:22:13', 9, NULL, ''),
(500, 60, 427, '2016-09-16 11:32:22', 2, NULL, ''),
(501, 60, 407, '2016-09-16 18:10:18', 2, NULL, ''),
(502, 300, 349, '2016-09-16 18:10:50', 2, NULL, ''),
(503, 420, 410, '2016-09-16 18:15:27', 9, NULL, ''),
(504, 360, 407, '2016-09-20 11:41:35', 2, NULL, ''),
(505, 240, 430, '2016-09-20 16:43:18', 3, NULL, ''),
(506, 90, 418, '2016-09-20 16:43:58', 3, NULL, ''),
(507, 420, 359, '2016-09-20 17:41:10', 9, NULL, ''),
(508, 420, 359, '2016-09-20 17:41:14', 9, NULL, ''),
(509, 30, 421, '2016-09-20 17:41:44', 9, NULL, ''),
(510, 60, 425, '2016-09-20 17:44:43', 3, NULL, ''),
(511, 20, 431, '2016-09-21 10:30:48', 3, NULL, ''),
(512, 20, 432, '2016-09-21 11:26:56', 3, NULL, ''),
(513, 60, 429, '2016-09-21 12:24:17', 3, NULL, ''),
(514, 30, 418, '2016-09-21 16:37:32', 3, NULL, ''),
(515, 60, 434, '2016-09-22 10:37:01', 2, NULL, ''),
(516, 120, 402, '2016-09-22 10:52:00', 2, NULL, ''),
(517, 120, 407, '2016-09-22 10:52:19', 2, NULL, ''),
(518, 840, 424, '2016-09-22 18:18:30', 9, NULL, ''),
(519, 60, 434, '2016-09-23 14:36:09', 2, NULL, ''),
(520, 180, 363, '2016-09-23 14:36:43', 2, NULL, ''),
(521, 180, 438, '2016-09-23 14:40:05', 2, NULL, ''),
(522, 175, 428, '2016-09-23 17:42:54', 1, NULL, ''),
(523, 180, 312, '2016-09-23 17:54:21', 1, NULL, ''),
(524, 360, 360, '2016-09-28 09:41:37', 9, NULL, ''),
(525, 240, 360, '2016-09-28 09:42:14', 9, NULL, ''),
(526, 120, 349, '2016-09-28 09:42:20', 2, NULL, ''),
(527, 240, 359, '2016-09-28 09:42:24', 9, NULL, ''),
(528, 60, 443, '2016-09-28 12:22:35', 2, NULL, ''),
(529, 360, 441, '2016-09-28 18:40:53', 9, NULL, ''),
(530, 60, 421, '2016-09-28 18:41:08', 9, NULL, ''),
(531, 420, 407, '2016-09-28 18:42:31', 2, NULL, ''),
(532, 360, 441, '2016-09-29 18:25:23', 9, NULL, ''),
(533, 30, 421, '2016-09-29 18:25:36', 9, NULL, ''),
(534, 75, 446, '2016-09-30 12:47:52', 3, NULL, ''),
(535, 60, 445, '2016-09-30 16:24:59', 3, NULL, ''),
(536, 20, 448, '2016-09-30 16:25:11', 3, NULL, ''),
(537, 120, 240, '2016-09-30 16:25:27', 3, NULL, ''),
(538, 120, 240, '2016-09-30 16:25:41', 3, NULL, ''),
(539, 120, 240, '2016-09-30 16:25:44', 3, NULL, ''),
(540, 100, 441, '2016-10-04 09:38:22', 9, NULL, ''),
(541, 120, 447, '2016-10-04 09:38:46', 9, NULL, ''),
(542, 120, 447, '2016-10-04 09:38:53', 9, NULL, ''),
(543, 240, 240, '2016-10-04 10:55:52', 3, NULL, ''),
(544, 60, 449, '2016-10-05 14:21:40', 2, NULL, ''),
(545, 90, 447, '2016-10-05 18:16:52', 9, NULL, ''),
(546, 360, 451, '2016-10-05 18:17:42', 9, NULL, ''),
(547, 360, 451, '2016-10-05 18:17:48', 9, NULL, ''),
(548, 30, 448, '2016-10-06 12:20:49', 3, NULL, ''),
(549, 360, 438, '2016-10-06 15:08:00', 2, NULL, ''),
(550, 240, 438, '2016-10-06 15:08:36', 2, NULL, ''),
(552, 240, 424, '2016-10-07 08:59:29', 9, NULL, ''),
(553, 60, 455, '2016-10-07 11:06:09', 2, NULL, ''),
(554, 60, 455, '2016-10-07 11:22:16', 2, NULL, ''),
(555, 60, 449, '2016-10-07 14:34:52', 2, NULL, ''),
(556, 25, 445, '2016-10-07 14:55:02', 3, NULL, ''),
(557, 60, 449, '2016-10-07 15:45:59', 2, NULL, ''),
(558, 360, 240, '2016-10-07 17:43:17', 3, NULL, ''),
(559, 420, 312, '2016-10-07 18:08:53', 1, NULL, ''),
(560, 240, 349, '2016-10-10 12:10:59', 2, NULL, ''),
(561, 60, 455, '2016-10-10 15:25:06', 2, NULL, ''),
(562, 180, 451, '2016-10-10 17:57:40', 9, NULL, ''),
(563, 300, 460, '2016-10-11 18:20:13', 9, NULL, ''),
(564, 60, 465, '2016-10-12 11:03:23', 2, NULL, ''),
(565, 60, 465, '2016-10-12 11:03:26', 2, NULL, ''),
(566, 500, 240, '2016-10-12 15:02:58', 3, NULL, ''),
(567, 35, 466, '2016-10-12 16:54:42', 3, NULL, ''),
(568, 60, 457, '2016-10-12 17:02:47', 3, NULL, ''),
(569, 360, 460, '2016-10-12 18:42:04', 9, NULL, ''),
(570, 420, 455, '2016-10-13 10:05:31', 2, NULL, ''),
(571, 420, 442, '2016-10-13 10:06:03', 2, NULL, ''),
(572, 360, 460, '2016-10-13 17:27:10', 9, NULL, ''),
(573, 300, 455, '2016-10-14 17:00:45', 2, NULL, ''),
(574, 240, 312, '2016-10-14 18:23:09', 1, NULL, ''),
(575, 360, 460, '2016-10-14 18:23:31', 9, NULL, ''),
(576, 400, 469, '2016-10-17 17:04:04', 3, NULL, ''),
(577, 60, 285, '2016-10-17 17:04:34', 3, NULL, ''),
(578, 300, 460, '2016-10-17 18:46:41', 9, NULL, ''),
(579, 360, 469, '2016-10-18 16:53:26', 3, NULL, ''),
(580, 60, 468, '2016-10-18 17:14:25', 2, NULL, ''),
(581, 360, 460, '2016-10-19 18:20:17', 9, NULL, ''),
(582, 180, 460, '2016-10-19 18:20:24', 9, NULL, ''),
(583, 60, 468, '2016-10-20 12:05:02', 2, NULL, ''),
(584, 360, 461, '2016-10-20 17:51:54', 9, NULL, ''),
(585, 180, 469, '2016-10-24 12:30:53', 3, NULL, ''),
(586, 300, 469, '2016-10-24 17:49:01', 3, NULL, ''),
(587, 15, 285, '2016-10-25 15:51:50', 3, NULL, ''),
(588, 120, 241, '2016-10-25 15:52:28', 3, NULL, ''),
(589, 180, 244, '2016-10-25 15:52:40', 3, NULL, ''),
(590, 60, 472, '2016-10-26 12:07:55', 2, NULL, ''),
(591, 60, 462, '2016-10-26 12:24:34', 2, NULL, ''),
(592, 60, 462, '2016-10-26 12:25:11', 2, NULL, ''),
(593, 60, 243, '2016-10-26 13:58:50', 2, NULL, ''),
(594, 15, 478, '2016-10-26 16:49:43', 3, NULL, ''),
(595, 480, 472, '2016-10-28 09:57:02', 2, NULL, ''),
(596, 10, 478, '2016-10-28 16:31:08', 3, NULL, ''),
(597, 300, 455, '2016-10-31 14:30:47', 2, NULL, ''),
(598, 420, 473, '2016-10-31 18:08:52', 9, NULL, ''),
(599, 420, 473, '2016-10-31 18:08:58', 9, NULL, ''),
(600, 420, 473, '2016-10-31 18:09:04', 9, NULL, ''),
(601, 420, 473, '2016-10-31 18:09:08', 9, NULL, ''),
(602, 420, 473, '2016-10-31 18:09:19', 9, NULL, ''),
(603, 180, 477, '2016-11-01 15:56:39', 2, NULL, ''),
(604, 60, 479, '2016-11-01 16:20:34', 3, NULL, ''),
(605, 180, 477, '2016-11-01 17:46:29', 2, NULL, ''),
(606, 180, 243, '2016-11-02 11:11:33', 2, NULL, ''),
(607, 180, 480, '2016-11-02 14:20:49', 2, NULL, ''),
(608, 420, 473, '2016-11-02 17:59:35', 9, NULL, ''),
(609, 240, 480, '2016-11-03 14:19:22', 2, NULL, ''),
(610, 60, 480, '2016-11-03 16:19:23', 2, NULL, ''),
(611, 420, 473, '2016-11-03 18:24:10', 9, NULL, ''),
(612, 480, 484, '2016-11-04 13:45:44', 2, NULL, ''),
(613, 60, 457, '2016-11-07 12:40:16', 3, NULL, ''),
(614, 60, 458, '2016-11-07 12:40:29', 3, NULL, ''),
(615, 480, 484, '2016-11-08 17:37:02', 2, NULL, ''),
(616, 360, 473, '2016-11-08 17:57:13', 9, NULL, ''),
(617, 360, 473, '2016-11-08 17:57:25', 9, NULL, ''),
(618, 360, 473, '2016-11-08 17:57:33', 9, NULL, ''),
(619, 60, 487, '2016-11-09 11:13:02', 2, NULL, ''),
(620, 240, 485, '2016-11-09 21:08:20', 3, NULL, ''),
(621, 420, 473, '2016-11-10 17:59:08', 9, NULL, ''),
(622, 420, 473, '2016-11-10 17:59:10', 9, NULL, ''),
(623, 360, 486, '2016-11-11 10:31:08', 3, NULL, ''),
(624, 480, 487, '2016-11-11 10:44:19', 2, NULL, ''),
(625, 480, 484, '2016-11-11 10:44:59', 2, NULL, ''),
(626, 240, 473, '2016-11-11 12:57:43', 9, NULL, ''),
(627, 30, 488, '2016-11-11 16:42:09', 3, NULL, ''),
(628, 420, 473, '2016-11-14 18:06:50', 9, NULL, ''),
(629, 45, 490, '2016-11-15 11:38:46', 3, NULL, ''),
(630, 60, 486, '2016-11-15 14:38:07', 3, NULL, ''),
(631, 480, 484, '2016-11-15 18:00:07', 2, NULL, ''),
(632, 60, 489, '2016-11-15 18:00:35', 2, NULL, ''),
(633, 120, 492, '2016-11-16 17:05:52', 9, NULL, ''),
(634, 420, 473, '2016-11-16 17:06:13', 9, NULL, ''),
(635, 180, 473, '2016-11-16 17:06:44', 9, NULL, ''),
(636, 240, 489, '2016-11-17 09:41:41', 2, NULL, ''),
(637, 75, 491, '2016-11-17 11:15:37', 3, NULL, ''),
(638, 240, 489, '2016-11-17 17:44:46', 2, NULL, ''),
(639, 480, 484, '2016-11-18 11:14:41', 2, NULL, ''),
(640, 240, 473, '2016-11-21 12:36:15', 9, NULL, ''),
(641, 720, 473, '2016-11-21 12:36:49', 9, NULL, ''),
(642, 60, 499, '2016-11-21 12:39:46', 2, NULL, ''),
(643, 60, 500, '2016-11-21 21:03:12', 3, NULL, ''),
(644, 250, 467, '2016-11-21 21:03:32', 3, NULL, ''),
(645, 30, 501, '2016-11-22 16:06:38', 3, NULL, ''),
(646, 480, 484, '2016-11-23 10:31:27', 2, NULL, ''),
(647, 480, 484, '2016-11-23 10:31:42', 2, NULL, ''),
(648, 360, 509, '2016-11-23 11:54:41', 3, NULL, ''),
(649, 60, 509, '2016-11-23 14:44:21', 3, NULL, ''),
(650, 60, 509, '2016-11-23 15:57:59', 3, NULL, ''),
(651, 480, 499, '2016-11-24 17:50:43', 2, NULL, ''),
(652, 35, 510, '2016-11-25 12:28:07', 3, NULL, ''),
(653, 60, 462, '2016-11-25 13:56:45', 2, NULL, ''),
(654, 300, 451, '2016-11-25 13:57:49', 9, NULL, ''),
(655, 60, 484, '2016-11-25 15:13:39', 2, NULL, ''),
(656, 480, 484, '2016-11-29 08:46:41', 2, NULL, ''),
(657, 60, 511, '2016-11-29 14:00:55', 2, NULL, ''),
(658, 1680, 473, '2016-11-30 09:55:28', 9, NULL, ''),
(659, 420, 473, '2016-11-30 17:12:21', 9, NULL, ''),
(660, 300, 475, '2016-12-01 09:33:09', 3, NULL, ''),
(661, 280, 526, '2016-12-01 09:53:00', 3, NULL, ''),
(662, 60, 517, '2016-12-01 13:27:50', 9, NULL, ''),
(663, 60, 519, '2016-12-01 16:42:28', 9, NULL, ''),
(664, 480, 484, '2016-12-02 09:56:20', 2, NULL, ''),
(665, 480, 511, '2016-12-02 09:57:16', 2, NULL, ''),
(666, 240, 505, '2016-12-02 09:58:16', 2, NULL, ''),
(667, 45, 516, '2016-12-02 11:52:28', 9, NULL, ''),
(668, 30, 520, '2016-12-02 11:52:43', 9, NULL, ''),
(669, 360, 529, '2016-12-05 13:09:13', 2, NULL, ''),
(670, 60, 530, '2016-12-06 16:10:26', 3, NULL, ''),
(671, 30, 531, '2016-12-06 16:49:43', 3, NULL, ''),
(672, 600, 515, '2016-12-06 16:49:54', 3, NULL, ''),
(673, 60, 516, '2016-12-07 09:04:29', 9, NULL, ''),
(674, 60, 517, '2016-12-07 09:04:44', 9, NULL, ''),
(675, 30, 520, '2016-12-07 09:05:10', 9, NULL, ''),
(676, 300, 522, '2016-12-07 09:05:36', 9, NULL, ''),
(677, 75, 525, '2016-12-07 09:05:57', 9, NULL, ''),
(678, 60, 524, '2016-12-07 09:06:11', 9, NULL, ''),
(679, 300, 505, '2016-12-07 15:31:20', 2, NULL, ''),
(680, 120, 518, '2016-12-07 16:04:32', 9, NULL, ''),
(681, 30, 523, '2016-12-07 16:05:15', 9, NULL, ''),
(682, 480, 459, '2016-12-07 16:57:53', 3, NULL, ''),
(683, 60, 538, '2016-12-08 15:49:51', 2, NULL, ''),
(684, 10, 537, '2016-12-09 14:04:57', 3, NULL, ''),
(685, 120, 529, '2016-12-12 08:17:49', 2, NULL, ''),
(686, 480, 529, '2016-12-12 08:18:10', 2, NULL, ''),
(687, 120, 543, '2016-12-12 11:20:23', 3, NULL, ''),
(688, 15, 544, '2016-12-12 11:20:32', 3, NULL, ''),
(689, 420, 473, '2016-12-13 17:25:53', 9, NULL, ''),
(690, 420, 473, '2016-12-13 17:25:56', 9, NULL, ''),
(691, 240, 505, '2016-12-14 09:57:46', 2, NULL, ''),
(692, 360, 505, '2016-12-14 10:00:11', 2, NULL, ''),
(693, 60, 533, '2016-12-14 11:31:24', 9, NULL, ''),
(694, 60, 550, '2016-12-14 13:53:59', 3, NULL, ''),
(695, 300, 541, '2016-12-14 17:33:38', 9, NULL, ''),
(696, 30, 557, '2016-12-14 17:33:52', 9, NULL, ''),
(697, 480, 556, '2016-12-14 17:37:41', 8, NULL, ''),
(698, 20, 549, '2016-12-15 10:06:17', 3, NULL, ''),
(699, 60, 551, '2016-12-15 10:06:37', 3, NULL, ''),
(700, 480, 566, '2016-12-15 17:02:43', 2, NULL, ''),
(701, 480, 529, '2016-12-16 08:08:11', 2, NULL, ''),
(702, 420, 541, '2016-12-19 08:57:53', 9, NULL, ''),
(703, 180, 541, '2016-12-19 08:58:19', 9, NULL, ''),
(704, 300, 541, '2016-12-19 14:00:28', 9, NULL, ''),
(705, 180, 559, '2016-12-19 16:38:16', 3, NULL, ''),
(706, 480, 529, '2016-12-20 11:21:39', 2, NULL, ''),
(707, 30, 545, '2016-12-20 17:41:39', 9, NULL, ''),
(708, 240, 546, '2016-12-20 17:42:08', 9, NULL, ''),
(709, 60, 602, '2016-12-21 09:25:16', 3, NULL, ''),
(710, 180, 546, '2016-12-21 11:55:48', 9, NULL, ''),
(711, 480, 529, '2016-12-21 12:01:58', 2, NULL, ''),
(712, 180, 546, '2016-12-21 16:55:39', 9, NULL, ''),
(713, 90, 601, '2016-12-22 10:25:44', 3, NULL, ''),
(714, 360, 502, '2016-12-22 10:26:02', 3, NULL, ''),
(715, 180, 546, '2016-12-22 11:56:44', 9, NULL, ''),
(716, 420, 505, '2016-12-22 15:25:32', 2, NULL, ''),
(717, 360, 505, '2016-12-22 15:25:48', 2, NULL, ''),
(718, 420, 603, '2016-12-22 15:27:56', 2, NULL, ''),
(719, 120, 547, '2016-12-22 16:56:41', 9, NULL, ''),
(720, 300, 558, '2016-12-23 08:47:49', 1, NULL, ''),
(721, 120, 605, '2016-12-27 10:31:54', 2, NULL, ''),
(722, 60, 605, '2016-12-27 17:51:05', 2, NULL, ''),
(723, 240, 605, '2016-12-28 14:12:57', 2, NULL, ''),
(724, 240, 505, '2017-01-02 10:36:46', 2, NULL, ''),
(725, 60, 508, '2017-01-02 10:39:34', 2, NULL, ''),
(726, 60, 507, '2017-01-02 10:39:46', 2, NULL, ''),
(727, 180, 565, '2017-01-02 10:48:35', 1, NULL, ''),
(728, 180, 564, '2017-01-02 10:48:44', 1, NULL, ''),
(729, 30, 563, '2017-01-02 10:48:51', 1, NULL, ''),
(730, 20, 601, '2017-01-02 14:03:15', 3, NULL, ''),
(731, 60, 473, '2017-01-02 17:37:17', 9, NULL, ''),
(732, 300, 541, '2017-01-02 17:37:40', 9, NULL, ''),
(733, 120, 473, '2017-01-03 10:30:05', 9, NULL, ''),
(734, 60, 608, '2017-01-03 11:23:53', 2, NULL, ''),
(735, 60, 609, '2017-01-03 13:25:34', 2, NULL, ''),
(736, 60, 609, '2017-01-03 14:46:01', 2, NULL, ''),
(737, 180, 562, '2017-01-03 16:10:50', 2, NULL, ''),
(738, 120, 473, '2017-01-03 17:25:40', 9, NULL, ''),
(739, 30, 610, '2017-01-04 09:42:41', 9, NULL, ''),
(740, 35, 611, '2017-01-04 11:04:15', 9, NULL, ''),
(741, 60, 612, '2017-01-04 11:27:53', 9, NULL, ''),
(742, 360, 559, '2017-01-04 16:25:40', 3, NULL, ''),
(743, 60, 541, '2017-01-04 17:27:17', 9, NULL, ''),
(744, 120, 473, '2017-01-04 17:28:01', 9, NULL, ''),
(745, 60, 547, '2017-01-04 17:28:34', 9, NULL, ''),
(746, 60, 547, '2017-01-04 17:28:41', 9, NULL, ''),
(747, 240, 608, '2017-01-05 13:11:49', 2, NULL, ''),
(748, 60, 608, '2017-01-05 13:11:55', 2, NULL, ''),
(749, 300, 473, '2017-01-05 17:00:51', 9, NULL, ''),
(750, 60, 541, '2017-01-06 16:59:29', 9, NULL, ''),
(751, 120, 567, '2017-01-06 16:59:56', 9, NULL, ''),
(752, 240, 558, '2017-01-06 17:02:15', 1, NULL, ''),
(753, 180, 238, '2017-01-06 17:02:37', 1, NULL, ''),
(754, 480, 609, '2017-01-08 12:50:35', 2, NULL, ''),
(755, 120, 620, '2017-01-09 08:24:42', 2, NULL, ''),
(756, 240, 616, '2017-01-09 10:21:06', 3, NULL, ''),
(757, 60, 559, '2017-01-09 10:21:44', 3, NULL, ''),
(758, 240, 617, '2017-01-09 17:24:52', 9, NULL, ''),
(759, 180, 618, '2017-01-09 17:25:16', 9, NULL, ''),
(760, 15, 622, '2017-01-10 13:42:53', 3, NULL, ''),
(761, 90, 621, '2017-01-10 13:43:05', 3, NULL, ''),
(762, 480, 614, '2017-01-10 13:56:34', 2, NULL, ''),
(763, 240, 609, '2017-01-10 13:56:55', 2, NULL, ''),
(764, 15, 601, '2017-01-10 14:04:47', 3, NULL, ''),
(765, 60, 625, '2017-01-10 14:06:20', 9, NULL, ''),
(766, 120, 548, '2017-01-10 17:19:05', 3, NULL, ''),
(767, 90, 626, '2017-01-10 17:31:03', 9, NULL, ''),
(768, 45, 624, '2017-01-10 17:31:12', 9, NULL, ''),
(769, 120, 243, '2017-01-11 09:27:39', 2, NULL, ''),
(770, 90, 548, '2017-01-11 10:48:02', 3, NULL, ''),
(771, 120, 629, '2017-01-11 15:09:56', 2, NULL, ''),
(772, 25, 619, '2017-01-11 17:12:49', 3, NULL, ''),
(773, 60, 360, '2017-01-11 17:41:18', 9, NULL, ''),
(774, 120, 473, '2017-01-11 17:41:40', 9, NULL, ''),
(775, 60, 556, '2017-01-11 20:15:49', 8, NULL, ''),
(776, 360, 556, '2017-01-11 20:17:27', 8, NULL, ''),
(777, 300, 556, '2017-01-11 20:17:42', 8, NULL, ''),
(778, 75, 631, '2017-01-12 10:15:28', 3, NULL, ''),
(779, 120, 629, '2017-01-13 12:12:23', 2, NULL, ''),
(780, 420, 609, '2017-01-13 12:13:12', 2, NULL, ''),
(781, 240, 243, '2017-01-13 12:14:14', 2, NULL, ''),
(782, 30, 628, '2017-01-16 17:15:47', 3, NULL, ''),
(783, 240, 567, '2017-01-16 17:24:12', 9, NULL, ''),
(784, 60, 597, '2017-01-16 17:25:22', 2, NULL, ''),
(785, 240, 243, '2017-01-16 17:25:42', 2, NULL, ''),
(786, 60, 609, '2017-01-17 10:03:15', 2, NULL, ''),
(787, 240, 473, '2017-01-17 11:55:29', 9, NULL, ''),
(788, 60, 640, '2017-01-17 13:51:16', 2, NULL, ''),
(789, 15, 638, '2017-01-17 14:28:41', 3, NULL, ''),
(790, 90, 637, '2017-01-17 14:29:06', 3, NULL, ''),
(791, 90, 637, '2017-01-17 14:29:13', 3, NULL, ''),
(792, 180, 473, '2017-01-17 17:08:41', 9, NULL, ''),
(793, 120, 645, '2017-01-18 09:09:10', 2, NULL, ''),
(794, 20, 645, '2017-01-18 09:10:51', 2, NULL, ''),
(795, 60, 647, '2017-01-18 17:07:39', 3, NULL, ''),
(796, 300, 619, '2017-01-18 17:08:36', 3, NULL, ''),
(797, 240, 473, '2017-01-18 17:29:10', 9, NULL, ''),
(798, 240, 473, '2017-01-18 17:29:19', 9, NULL, ''),
(799, 480, 609, '2017-01-19 10:08:13', 2, NULL, ''),
(800, 30, 649, '2017-01-19 17:01:08', 3, NULL, ''),
(801, 120, 636, '2017-01-19 17:57:42', 3, NULL, ''),
(802, 45, 650, '2017-01-19 18:21:42', 3, NULL, ''),
(803, 30, 653, '2017-01-19 19:20:40', 3, NULL, ''),
(804, 60, 636, '2017-01-19 21:06:07', 3, NULL, ''),
(805, 15, 632, '2017-01-20 14:04:13', 2, NULL, ''),
(806, 30, 633, '2017-01-20 14:04:23', 2, NULL, ''),
(807, 15, 635, '2017-01-20 14:04:31', 2, NULL, ''),
(808, 180, 651, '2017-01-20 14:31:17', 3, NULL, ''),
(809, 60, 609, '2017-01-20 14:59:41', 2, NULL, ''),
(810, 120, 661, '2017-01-20 15:38:33', 2, NULL, ''),
(811, 300, 654, '2017-01-20 17:12:33', 1, NULL, ''),
(812, 60, 663, '2017-01-23 13:56:38', 3, NULL, ''),
(813, 60, 662, '2017-01-23 13:56:48', 3, NULL, ''),
(814, 60, 664, '2017-01-23 15:28:17', 2, NULL, ''),
(815, 60, 651, '2017-01-23 16:36:57', 3, NULL, ''),
(816, 180, 243, '2017-01-24 15:31:16', 2, NULL, ''),
(817, 120, 243, '2017-01-24 17:19:48', 2, NULL, ''),
(818, 460, 607, '2017-01-24 21:33:58', 3, NULL, ''),
(819, 180, 607, '2017-01-24 21:34:16', 3, NULL, ''),
(820, 60, 667, '2017-01-26 10:41:23', 2, NULL, ''),
(821, 30, 668, '2017-01-26 11:17:28', 3, NULL, ''),
(822, 240, 609, '2017-01-26 11:28:03', 2, NULL, ''),
(823, 240, 609, '2017-01-27 12:11:41', 2, NULL, ''),
(824, 480, 609, '2017-01-27 12:11:46', 2, NULL, ''),
(825, 300, 247, '2017-01-30 16:35:27', 3, NULL, ''),
(826, 30, 669, '2017-01-31 09:24:35', 3, NULL, ''),
(827, 10, 669, '2017-01-31 13:35:41', 3, NULL, ''),
(828, 60, 671, '2017-02-01 09:12:26', 2, NULL, ''),
(829, 60, 672, '2017-02-01 09:27:10', 2, NULL, ''),
(830, 120, 671, '2017-02-01 11:22:14', 2, NULL, ''),
(831, 90, 676, '2017-02-01 15:01:00', 3, NULL, ''),
(832, 720, 473, '2017-02-01 16:37:33', 9, NULL, ''),
(833, 720, 473, '2017-02-01 16:37:38', 9, NULL, ''),
(834, 240, 473, '2017-02-01 16:37:57', 9, NULL, ''),
(835, 480, 243, '2017-02-01 16:39:53', 2, NULL, ''),
(836, 300, 247, '2017-02-03 17:00:27', 3, NULL, ''),
(837, 360, 532, '2017-02-03 17:00:50', 3, NULL, ''),
(838, 30, 678, '2017-02-03 17:01:22', 3, NULL, ''),
(839, 420, 541, '2017-02-03 17:11:33', 9, NULL, ''),
(840, 260, 503, '2017-02-03 17:31:26', 1, NULL, ''),
(841, 120, 670, '2017-02-03 17:31:32', 1, NULL, ''),
(842, 300, 541, '2017-02-06 17:27:14', 9, NULL, ''),
(843, 15, 680, '2017-02-07 12:41:32', 3, NULL, ''),
(844, 480, 672, '2017-02-07 14:45:50', 2, NULL, ''),
(845, 180, 541, '2017-02-09 10:01:29', 9, NULL, ''),
(846, 60, 567, '2017-02-09 10:01:44', 9, NULL, ''),
(847, 180, 577, '2017-02-09 10:02:00', 9, NULL, ''),
(848, 480, 672, '2017-02-09 13:27:54', 2, NULL, ''),
(849, 300, 607, '2017-02-09 15:31:07', 3, NULL, ''),
(850, 90, 606, '2017-02-09 15:31:13', 3, NULL, ''),
(851, 220, 568, '2017-02-09 16:05:46', 9, NULL, ''),
(852, 480, 672, '2017-02-09 16:16:26', 2, NULL, ''),
(853, 60, 686, '2017-02-10 13:58:07', 2, NULL, ''),
(854, 60, 687, '2017-02-10 13:59:22', 2, NULL, ''),
(855, 300, 679, '2017-02-10 16:31:45', 3, NULL, ''),
(856, 120, 679, '2017-02-10 16:31:55', 3, NULL, ''),
(857, 180, 654, '2017-02-10 17:12:19', 1, NULL, ''),
(858, 60, 659, '2017-02-10 17:12:30', 1, NULL, ''),
(859, 90, 684, '2017-02-13 14:03:29', 3, NULL, ''),
(860, 5, 679, '2017-02-13 14:03:50', 3, NULL, ''),
(861, 5, 679, '2017-02-13 14:25:22', 3, NULL, ''),
(862, 210, 684, '2017-02-13 17:02:41', 3, NULL, ''),
(863, 420, 688, '2017-02-13 17:30:10', 9, NULL, ''),
(864, 480, 672, '2017-02-15 12:52:40', 2, NULL, ''),
(865, 30, 673, '2017-02-15 19:36:04', 3, NULL, ''),
(866, 60, 660, '2017-02-15 20:23:10', 3, NULL, ''),
(867, 300, 560, '2017-02-16 14:36:55', 3, NULL, ''),
(868, 360, 688, '2017-02-16 14:39:57', 9, NULL, ''),
(869, 180, 568, '2017-02-16 14:40:24', 9, NULL, ''),
(870, 540, 698, '2017-02-17 13:15:19', 2, NULL, ''),
(871, 60, 238, '2017-02-20 17:20:14', 1, NULL, ''),
(872, 300, 659, '2017-02-20 17:20:22', 1, NULL, ''),
(873, 180, 674, '2017-02-20 17:23:44', 9, NULL, ''),
(874, 120, 578, '2017-02-20 17:24:47', 9, NULL, ''),
(875, 60, 575, '2017-02-20 17:25:14', 9, NULL, ''),
(876, 60, 700, '2017-02-21 09:10:14', 2, NULL, ''),
(877, 30, 674, '2017-02-21 11:03:55', 9, NULL, ''),
(878, 70, 674, '2017-02-21 12:54:22', 9, NULL, ''),
(879, 120, 694, '2017-02-21 14:02:54', 3, NULL, ''),
(880, 120, 576, '2017-02-22 16:02:01', 9, NULL, ''),
(881, 300, 703, '2017-02-22 17:17:51', 3, NULL, ''),
(882, 920, 695, '2017-02-22 21:33:00', 2, NULL, ''),
(883, 180, 704, '2017-02-22 21:34:13', 2, NULL, ''),
(884, 180, 569, '2017-02-23 09:19:51', 9, NULL, ''),
(885, 60, 570, '2017-02-23 09:20:50', 9, NULL, ''),
(886, 60, 571, '2017-02-23 09:21:03', 9, NULL, ''),
(887, 60, 573, '2017-02-23 09:21:19', 9, NULL, ''),
(888, 300, 704, '2017-02-23 14:15:19', 2, NULL, ''),
(889, 120, 572, '2017-02-23 17:37:59', 9, NULL, ''),
(890, 60, 574, '2017-02-23 17:38:06', 9, NULL, ''),
(891, 480, 672, '2017-02-24 12:34:26', 2, NULL, ''),
(892, 300, 672, '2017-02-24 12:34:45', 2, NULL, ''),
(893, 120, 541, '2017-02-24 16:48:39', 9, NULL, ''),
(894, 30, 708, '2017-02-28 13:34:26', 2, NULL, ''),
(895, 60, 713, '2017-02-28 14:51:13', 3, NULL, ''),
(896, 60, 712, '2017-02-28 14:51:24', 3, NULL, ''),
(897, 90, 711, '2017-02-28 14:52:01', 3, NULL, ''),
(898, 180, 710, '2017-02-28 17:15:55', 2, NULL, ''),
(899, 240, 709, '2017-02-28 17:16:16', 2, NULL, ''),
(900, 45, 717, '2017-03-01 13:56:09', 3, NULL, ''),
(901, 60, 716, '2017-03-01 15:43:55', 3, NULL, ''),
(902, 60, 716, '2017-03-02 16:33:04', 3, NULL, ''),
(903, 60, 717, '2017-03-02 16:33:30', 3, NULL, ''),
(904, 480, 719, '2017-03-03 11:54:05', 2, NULL, ''),
(905, 30, 715, '2017-03-03 11:54:25', 2, NULL, ''),
(906, 300, 714, '2017-03-03 11:54:48', 2, NULL, ''),
(907, 480, 695, '2017-03-03 11:55:04', 2, NULL, ''),
(908, 1200, 720, '2017-03-03 11:56:33', 2, NULL, ''),
(909, 60, 576, '2017-03-06 16:50:29', 9, NULL, ''),
(910, 60, 579, '2017-03-06 16:50:37', 9, NULL, ''),
(911, 120, 569, '2017-03-06 16:50:50', 9, NULL, ''),
(912, 30, 724, '2017-03-06 17:25:43', 9, NULL, ''),
(913, 270, 238, '2017-03-06 17:29:12', 1, NULL, ''),
(914, 180, 738, '2017-03-07 11:31:36', 2, NULL, ''),
(915, 300, 709, '2017-03-07 12:49:25', 2, NULL, ''),
(916, 60, 738, '2017-03-07 12:49:46', 2, NULL, ''),
(917, 60, 739, '2017-03-07 15:47:40', 2, NULL, ''),
(918, 60, 580, '2017-03-07 17:06:47', 9, NULL, ''),
(919, 360, 569, '2017-03-07 17:07:09', 9, NULL, ''),
(920, 300, 532, '2017-03-07 20:19:48', 3, NULL, ''),
(921, 60, 739, '2017-03-08 15:27:05', 2, NULL, ''),
(922, 120, 723, '2017-03-08 15:35:26', 2, NULL, ''),
(923, 60, 709, '2017-03-08 15:38:08', 2, NULL, ''),
(924, 120, 709, '2017-03-08 15:38:10', 2, NULL, ''),
(925, 300, 696, '2017-03-09 10:11:09', 2, NULL, ''),
(926, 120, 578, '2017-03-09 10:33:06', 9, NULL, ''),
(927, 120, 740, '2017-03-10 16:31:34', 3, NULL, ''),
(928, 65, 741, '2017-03-10 16:31:39', 3, NULL, ''),
(929, 30, 742, '2017-03-10 16:31:46', 3, NULL, ''),
(930, 480, 719, '2017-03-13 10:25:12', 2, NULL, ''),
(931, 60, 750, '2017-03-13 11:17:34', 2, NULL, ''),
(932, 210, 745, '2017-03-13 14:19:17', 3, NULL, ''),
(933, 25, 743, '2017-03-13 14:34:34', 3, NULL, ''),
(934, 55, 748, '2017-03-13 15:50:54', 3, NULL, ''),
(935, 120, 723, '2017-03-13 16:06:24', 2, NULL, ''),
(936, 60, 688, '2017-03-14 09:17:09', 9, NULL, ''),
(937, 60, 726, '2017-03-14 09:17:29', 9, NULL, ''),
(938, 240, 728, '2017-03-14 09:17:36', 9, NULL, ''),
(939, 120, 729, '2017-03-14 09:18:00', 9, NULL, ''),
(940, 240, 733, '2017-03-14 09:18:11', 9, NULL, ''),
(941, 60, 744, '2017-03-14 09:18:42', 9, NULL, ''),
(942, 120, 690, '2017-03-14 10:53:30', 3, NULL, ''),
(943, 120, 690, '2017-03-14 10:53:31', 3, NULL, ''),
(944, 120, 709, '2017-03-14 12:54:58', 2, NULL, ''),
(945, 60, 753, '2017-03-14 13:11:25', 2, NULL, ''),
(946, 60, 675, '2017-03-14 14:33:26', 2, NULL, ''),
(947, 120, 697, '2017-03-14 14:34:05', 2, NULL, ''),
(948, 90, 747, '2017-03-15 10:35:34', 3, NULL, ''),
(949, 360, 731, '2017-03-15 17:25:28', 9, NULL, ''),
(950, 180, 750, '2017-03-16 13:36:53', 2, NULL, ''),
(951, 60, 753, '2017-03-16 15:11:21', 2, NULL, ''),
(952, 600, 749, '2017-03-17 09:15:36', 3, NULL, ''),
(953, 120, 755, '2017-03-17 10:07:14', 2, NULL, ''),
(954, 480, 719, '2017-03-20 08:43:43', 2, NULL, ''),
(955, 60, 719, '2017-03-20 09:57:28', 2, NULL, ''),
(956, 180, 756, '2017-03-20 12:54:33', 3, NULL, ''),
(957, 180, 756, '2017-03-20 12:54:46', 3, NULL, ''),
(958, 300, 394, '2017-03-20 12:59:47', 3, NULL, ''),
(959, 60, 764, '2017-03-20 15:08:13', 2, NULL, ''),
(960, 360, 730, '2017-03-20 17:13:56', 9, NULL, ''),
(961, 300, 732, '2017-03-20 17:14:13', 9, NULL, ''),
(962, 150, 765, '2017-03-21 13:21:41', 2, NULL, ''),
(963, 420, 736, '2017-03-21 17:05:31', 9, NULL, ''),
(964, 300, 746, '2017-03-21 17:22:16', 3, NULL, ''),
(965, 180, 394, '2017-03-21 17:22:53', 3, NULL, ''),
(966, 60, 764, '2017-03-22 11:26:33', 2, NULL, ''),
(967, 240, 757, '2017-03-23 11:57:50', 3, NULL, ''),
(968, 30, 766, '2017-03-23 14:51:35', 3, NULL, ''),
(969, 60, 736, '2017-03-23 17:44:54', 9, NULL, ''),
(970, 60, 726, '2017-03-24 09:12:04', 9, NULL, ''),
(971, 20, 732, '2017-03-24 09:12:33', 9, NULL, ''),
(972, 60, 764, '2017-03-24 14:58:32', 2, NULL, ''),
(973, 480, 658, '2017-03-24 14:58:50', 2, NULL, ''),
(974, 300, 598, '2017-03-24 14:59:07', 2, NULL, ''),
(975, 300, 597, '2017-03-24 14:59:20', 2, NULL, ''),
(976, 480, 719, '2017-03-24 14:59:49', 2, NULL, ''),
(977, 60, 770, '2017-03-27 09:25:28', 2, NULL, ''),
(978, 240, 394, '2017-03-27 14:58:49', 3, NULL, ''),
(979, 15, 766, '2017-03-27 15:01:00', 3, NULL, ''),
(980, 60, 759, '2017-03-27 15:01:19', 3, NULL, ''),
(981, 300, 238, '2017-03-27 17:11:46', 1, NULL, ''),
(982, 420, 768, '2017-03-28 10:38:53', 9, NULL, ''),
(983, 60, 720, '2017-03-28 13:56:28', 2, NULL, ''),
(984, 60, 719, '2017-03-29 08:29:38', 2, NULL, ''),
(985, 60, 785, '2017-03-29 13:55:04', 2, NULL, ''),
(986, 60, 743, '2017-03-29 14:07:06', 3, NULL, ''),
(987, 240, 771, '2017-03-29 14:44:46', 9, NULL, ''),
(988, 60, 785, '2017-03-30 10:36:00', 2, NULL, ''),
(989, 30, 746, '2017-03-30 13:38:12', 3, NULL, ''),
(990, 30, 788, '2017-03-30 13:53:03', 3, NULL, ''),
(991, 30, 746, '2017-03-31 12:01:09', 3, NULL, ''),
(992, 480, 719, '2017-04-03 09:30:35', 2, NULL, ''),
(993, 30, 786, '2017-04-03 11:58:42', 3, NULL, ''),
(994, 60, 772, '2017-04-03 13:46:06', 3, NULL, ''),
(995, 90, 581, '2017-04-03 13:58:35', 9, NULL, ''),
(996, 30, 800, '2017-04-03 14:58:03', 3, NULL, ''),
(997, 120, 656, '2017-04-03 15:22:43', 2, NULL, ''),
(998, 30, 802, '2017-04-03 15:41:30', 2, NULL, ''),
(999, 360, 737, '2017-04-03 16:29:45', 2, NULL, ''),
(1000, 360, 585, '2017-04-03 17:18:30', 9, NULL, ''),
(1001, 180, 781, '2017-04-03 17:20:49', 10, NULL, ''),
(1002, 120, 779, '2017-04-03 17:21:42', 10, NULL, ''),
(1003, 60, 803, '2017-04-04 10:37:20', 2, NULL, ''),
(1004, 240, 783, '2017-04-04 13:58:31', 10, NULL, ''),
(1005, 240, 586, '2017-04-05 09:25:27', 9, NULL, ''),
(1006, 120, 801, '2017-04-05 09:57:58', 3, NULL, ''),
(1007, 5, 801, '2017-04-05 10:08:28', 3, NULL, ''),
(1008, 15, 807, '2017-04-05 10:55:41', 3, NULL, ''),
(1009, 30, 804, '2017-04-05 11:50:34', 10, NULL, ''),
(1010, 15, 786, '2017-04-05 12:41:59', 3, NULL, ''),
(1011, 15, 800, '2017-04-05 12:42:05', 3, NULL, ''),
(1012, 45, 772, '2017-04-05 13:31:53', 3, NULL, ''),
(1013, 60, 772, '2017-04-05 16:21:13', 3, NULL, ''),
(1014, 60, 585, '2017-04-05 17:27:54', 9, NULL, ''),
(1015, 420, 806, '2017-04-05 17:30:31', 10, NULL, ''),
(1016, 90, 816, '2017-04-05 17:31:33', 9, NULL, ''),
(1017, 120, 586, '2017-04-05 17:31:44', 9, NULL, ''),
(1018, 60, 806, '2017-04-06 09:43:41', 10, NULL, ''),
(1019, 60, 783, '2017-04-06 16:54:12', 10, NULL, ''),
(1020, 60, 781, '2017-04-06 16:54:24', 10, NULL, ''),
(1021, 60, 779, '2017-04-06 16:54:29', 10, NULL, ''),
(1022, 60, 781, '2017-04-06 16:55:57', 10, NULL, ''),
(1023, 60, 779, '2017-04-06 16:56:03', 10, NULL, ''),
(1024, 240, 587, '2017-04-06 17:14:22', 9, NULL, ''),
(1025, 120, 588, '2017-04-06 17:14:36', 9, NULL, ''),
(1026, 120, 799, '2017-04-06 17:16:58', 3, NULL, ''),
(1027, 300, 803, '2017-04-06 17:37:24', 2, NULL, ''),
(1028, 60, 842, '2017-04-10 12:12:24', 2, NULL, ''),
(1029, 480, 842, '2017-04-10 15:43:37', 2, NULL, '');
INSERT INTO `working_minutes` (`id`, `minutes`, `project_line_id`, `created_at`, `user_id`, `ticket_id`, `description`) VALUES
(1030, 120, 657, '2017-04-10 16:31:31', 2, NULL, ''),
(1031, 300, 238, '2017-04-10 16:32:05', 1, NULL, ''),
(1032, 30, 845, '2017-04-10 17:14:36', 2, NULL, ''),
(1033, 60, 846, '2017-04-11 09:45:25', 3, NULL, ''),
(1034, 300, 790, '2017-04-11 16:20:51', 3, NULL, ''),
(1035, 480, 474, '2017-04-11 16:43:46', 10, NULL, ''),
(1036, 10, 847, '2017-04-12 10:48:42', 3, NULL, ''),
(1037, 45, 809, '2017-04-12 11:11:45', 2, NULL, ''),
(1038, 60, 848, '2017-04-12 11:12:04', 2, NULL, ''),
(1039, 60, 848, '2017-04-12 11:13:05', 2, NULL, ''),
(1040, 30, 760, '2017-04-12 11:38:19', 3, NULL, ''),
(1041, 240, 790, '2017-04-12 17:05:34', 3, NULL, ''),
(1042, 10, 849, '2017-04-13 13:18:05', 3, NULL, ''),
(1043, 120, 790, '2017-04-13 13:18:26', 3, NULL, ''),
(1044, 20, 843, '2017-04-13 14:05:25', 3, NULL, ''),
(1045, 15, 846, '2017-04-13 14:38:31', 3, NULL, ''),
(1046, 10, 851, '2017-04-13 14:39:14', 3, NULL, ''),
(1047, 60, 795, '2017-04-13 14:40:02', 3, NULL, ''),
(1048, 360, 848, '2017-04-13 15:02:15', 2, NULL, ''),
(1049, 240, 474, '2017-04-13 17:02:44', 10, NULL, ''),
(1050, 120, 848, '2017-04-13 19:33:44', 2, NULL, ''),
(1051, 60, 474, '2017-04-14 15:05:47', 10, NULL, ''),
(1052, 120, 587, '2017-04-14 15:06:00', 9, NULL, ''),
(1053, 300, 589, '2017-04-14 15:06:16', 9, NULL, ''),
(1054, 300, 590, '2017-04-14 15:06:31', 9, NULL, ''),
(1055, 240, 591, '2017-04-14 15:07:21', 9, NULL, ''),
(1056, 60, 592, '2017-04-14 15:07:35', 9, NULL, ''),
(1057, 60, 816, '2017-04-14 15:07:43', 9, NULL, ''),
(1058, 120, 789, '2017-04-18 15:36:58', 3, NULL, ''),
(1059, 480, 474, '2017-04-19 17:07:24', 10, NULL, ''),
(1060, 300, 474, '2017-04-19 17:07:41', 10, NULL, ''),
(1061, 60, 842, '2017-04-20 08:49:02', 2, NULL, ''),
(1062, 60, 855, '2017-04-20 10:24:04', 2, NULL, ''),
(1063, 360, 816, '2017-04-20 10:29:18', 9, NULL, ''),
(1064, 240, 593, '2017-04-20 10:29:30', 9, NULL, ''),
(1065, 240, 592, '2017-04-20 10:29:39', 9, NULL, ''),
(1066, 120, 588, '2017-04-20 10:30:08', 9, NULL, ''),
(1067, 420, 474, '2017-04-20 17:02:33', 10, NULL, ''),
(1068, 180, 818, '2017-04-20 17:22:06', 9, NULL, ''),
(1069, 15, 821, '2017-04-20 17:22:25', 9, NULL, ''),
(1070, 15, 821, '2017-04-21 10:42:01', 9, NULL, ''),
(1071, 60, 819, '2017-04-21 10:42:18', 9, NULL, ''),
(1072, 30, 827, '2017-04-21 17:15:36', 9, NULL, ''),
(1073, 60, 820, '2017-04-21 17:15:55', 9, NULL, ''),
(1074, 60, 820, '2017-04-21 17:17:05', 9, NULL, ''),
(1075, 60, 819, '2017-04-21 17:17:24', 9, NULL, ''),
(1076, 120, 822, '2017-04-21 17:17:36', 9, NULL, ''),
(1077, 480, 842, '2017-04-24 08:33:42', 2, NULL, ''),
(1078, 60, 857, '2017-04-24 10:01:39', 2, NULL, ''),
(1079, 60, 853, '2017-04-24 10:47:56', 3, NULL, ''),
(1080, 180, 817, '2017-04-24 10:48:12', 3, NULL, ''),
(1081, 90, 834, '2017-04-24 12:41:26', 9, NULL, ''),
(1082, 60, 826, '2017-04-24 12:41:54', 9, NULL, ''),
(1083, 420, 474, '2017-04-24 16:39:14', 10, NULL, ''),
(1084, 300, 238, '2017-04-24 17:24:15', 1, NULL, ''),
(1085, 240, 825, '2017-04-25 16:54:26', 9, NULL, ''),
(1086, 240, 824, '2017-04-25 16:54:39', 9, NULL, ''),
(1087, 120, 859, '2017-04-26 08:28:37', 2, NULL, ''),
(1088, 120, 859, '2017-04-26 08:28:39', 2, NULL, ''),
(1089, 120, 859, '2017-04-26 08:28:53', 2, NULL, ''),
(1090, 120, 859, '2017-04-26 08:28:55', 2, NULL, ''),
(1091, 60, 860, '2017-04-26 08:51:05', 2, NULL, ''),
(1092, 60, 861, '2017-04-26 16:40:16', 2, NULL, ''),
(1093, 420, 474, '2017-04-26 17:47:47', 10, NULL, ''),
(1095, 120, 238, '2017-05-01 10:38:29', 1, NULL, 'Omschrijvingveld toegevoegd in Wiped bij het invullen van minutedn'),
(1096, 30, 595, '2017-05-01 11:02:46', 9, NULL, 'email en trello puntjes'),
(1097, 10, 238, '2017-05-01 11:10:30', 1, NULL, 'Eigenlijk weinig'),
(1098, 30, 238, '2017-05-01 11:21:42', 1, NULL, ''),
(1099, 10, 238, '2017-05-01 11:21:49', 1, NULL, ''),
(1100, 15, 864, '2017-05-01 15:04:04', 3, NULL, 'opmaak aangepast'),
(1101, 120, 790, '2017-05-01 15:05:06', 3, NULL, '3e voorstel gemaakt'),
(1102, 15, 862, '2017-05-01 15:10:29', 3, NULL, 'tekst aangepast'),
(1103, 300, 789, '2017-05-01 15:11:03', 3, NULL, 'Taco concept uren script voorstel 1'),
(1104, 480, 842, '2017-05-01 16:14:58', 2, NULL, ''),
(1105, 480, 842, '2017-05-01 16:16:06', 2, NULL, ''),
(1106, 210, 238, '2017-05-01 16:59:27', 1, NULL, 'Optimalisaties'),
(1107, 30, 474, '2017-05-02 16:57:15', 10, NULL, ''),
(1108, 60, 595, '2017-05-02 17:34:13', 9, NULL, 'bugs gefixt'),
(1109, 60, 595, '2017-05-02 17:34:15', 9, NULL, 'bugs gefixt'),
(1110, 60, 595, '2017-05-02 17:34:16', 9, NULL, 'bugs gefixt'),
(1111, 60, 595, '2017-05-02 17:34:17', 9, NULL, 'bugs gefixt'),
(1112, 60, 595, '2017-05-02 17:34:17', 9, NULL, 'bugs gefixt'),
(1113, 30, 831, '2017-05-02 17:34:45', 9, NULL, ''),
(1114, 60, 828, '2017-05-02 17:35:03', 9, NULL, ''),
(1115, 120, 832, '2017-05-02 17:35:18', 9, NULL, ''),
(1116, 45, 833, '2017-05-02 17:35:27', 9, NULL, ''),
(1117, 180, 868, '2017-05-02 22:48:21', 3, NULL, 'opmaak, correcties en beeldbewerking'),
(1118, 120, 865, '2017-05-02 22:49:03', 3, NULL, '2 voorstellen gemaakt voor cool'),
(1119, 120, 839, '2017-05-03 14:04:01', 2, NULL, ''),
(1120, 120, 840, '2017-05-03 14:04:33', 2, NULL, '120'),
(1121, 480, 841, '2017-05-03 14:05:05', 2, NULL, ''),
(1122, 480, 856, '2017-05-03 14:05:22', 2, NULL, ''),
(1123, 120, 831, '2017-05-03 17:34:02', 9, NULL, ''),
(1124, 60, 824, '2017-05-03 17:34:20', 9, NULL, ''),
(1125, 60, 825, '2017-05-03 17:34:27', 9, NULL, ''),
(1126, 60, 870, '2017-05-04 14:37:18', 3, NULL, 'foto\'s in pdf aangepast, veel werk ivm uitlijningen e.d.'),
(1127, 120, 829, '2017-05-04 17:29:48', 9, NULL, ''),
(1128, 30, 833, '2017-05-04 17:30:05', 9, NULL, ''),
(1129, 480, 867, '2017-05-08 08:58:47', 2, NULL, ''),
(1130, 60, 866, '2017-05-08 10:04:32', 2, NULL, 'DAnny punten'),
(1131, 120, 596, '2017-05-08 10:05:05', 2, NULL, ''),
(1132, 480, 810, '2017-05-08 10:05:41', 2, NULL, ''),
(1133, 480, 810, '2017-05-08 10:05:43', 2, NULL, ''),
(1134, 480, 810, '2017-05-08 10:05:48', 2, NULL, ''),
(1135, 480, 810, '2017-05-08 10:05:59', 2, NULL, ''),
(1136, 20, 870, '2017-05-08 10:08:58', 3, NULL, ''),
(1137, 30, 869, '2017-05-08 10:09:09', 3, NULL, ''),
(1138, 10, 874, '2017-05-08 15:17:30', 2, NULL, 'Ontwerp geopend'),
(1139, 60, 873, '2017-05-08 15:20:07', 2, NULL, 'SEO Punten danny'),
(1140, 600, 875, '2017-05-08 17:09:11', 1, NULL, 'Website afgemaakt'),
(1141, 60, 877, '2017-05-12 16:47:21', 3, NULL, 'test '),
(1142, 250, 238, '2017-06-12 16:22:44', 1, NULL, 'Dingen'),
(1143, 30, 238, '2017-06-26 09:11:30', 1, NULL, 'Getest'),
(1144, 60, 876, '2017-06-26 09:11:57', 1, NULL, 'Dingen');

--
-- Indexen voor geëxporteerde tabellen
--

--
-- Indexen voor tabel `availability`
--
ALTER TABLE `availability`
  ADD KEY `day_id` (`day_id`),
  ADD KEY `user_id` (`user_id`);

--
-- Indexen voor tabel `availability_days`
--
ALTER TABLE `availability_days`
  ADD PRIMARY KEY (`id`),
  ADD KEY `id` (`id`);

--
-- Indexen voor tabel `check_categories`
--
ALTER TABLE `check_categories`
  ADD PRIMARY KEY (`id`);

--
-- Indexen voor tabel `check_items`
--
ALTER TABLE `check_items`
  ADD PRIMARY KEY (`id`);

--
-- Indexen voor tabel `ci_sessions`
--
ALTER TABLE `ci_sessions`
  ADD PRIMARY KEY (`id`),
  ADD KEY `ci_sessions_timestamp` (`timestamp`);

--
-- Indexen voor tabel `contacts`
--
ALTER TABLE `contacts`
  ADD PRIMARY KEY (`id`),
  ADD KEY `parent_id` (`parent_id`),
  ADD KEY `created_by` (`created_by`);

--
-- Indexen voor tabel `customer_login`
--
ALTER TABLE `customer_login`
  ADD PRIMARY KEY (`id`);

--
-- Indexen voor tabel `details`
--
ALTER TABLE `details`
  ADD PRIMARY KEY (`id`);

--
-- Indexen voor tabel `divisions`
--
ALTER TABLE `divisions`
  ADD PRIMARY KEY (`id`),
  ADD KEY `id` (`id`);

--
-- Indexen voor tabel `offers`
--
ALTER TABLE `offers`
  ADD PRIMARY KEY (`id`),
  ADD KEY `id` (`id`),
  ADD KEY `contact_id` (`contact_id`),
  ADD KEY `created_by` (`created_by`);

--
-- Indexen voor tabel `offer_default_categories`
--
ALTER TABLE `offer_default_categories`
  ADD PRIMARY KEY (`id`),
  ADD KEY `id` (`id`);

--
-- Indexen voor tabel `offer_default_lines`
--
ALTER TABLE `offer_default_lines`
  ADD PRIMARY KEY (`id`),
  ADD KEY `id` (`id`),
  ADD KEY `category_id` (`category_id`),
  ADD KEY `created_by` (`created_by`);

--
-- Indexen voor tabel `offer_lines`
--
ALTER TABLE `offer_lines`
  ADD PRIMARY KEY (`id`),
  ADD KEY `id` (`id`),
  ADD KEY `offer_id` (`offer_id`),
  ADD KEY `created_by` (`created_by`);

--
-- Indexen voor tabel `offer_status`
--
ALTER TABLE `offer_status`
  ADD PRIMARY KEY (`id`),
  ADD KEY `id` (`id`);

--
-- Indexen voor tabel `profiles`
--
ALTER TABLE `profiles`
  ADD PRIMARY KEY (`id`),
  ADD KEY `id` (`id`);

--
-- Indexen voor tabel `projects`
--
ALTER TABLE `projects`
  ADD PRIMARY KEY (`id`),
  ADD KEY `id` (`id`),
  ADD KEY `contact_id` (`contact_id`),
  ADD KEY `user_id` (`user_id`),
  ADD KEY `offer_id` (`offer_id`),
  ADD KEY `status_id` (`status_id`);

--
-- Indexen voor tabel `project_lines`
--
ALTER TABLE `project_lines`
  ADD PRIMARY KEY (`id`),
  ADD KEY `division_id` (`division_id`),
  ADD KEY `employee_id` (`employee_id`),
  ADD KEY `project_id` (`project_id`),
  ADD KEY `category_id` (`category_id`);

--
-- Indexen voor tabel `project_status`
--
ALTER TABLE `project_status`
  ADD PRIMARY KEY (`id`);

--
-- Indexen voor tabel `reports`
--
ALTER TABLE `reports`
  ADD PRIMARY KEY (`id`);

--
-- Indexen voor tabel `report_channels`
--
ALTER TABLE `report_channels`
  ADD PRIMARY KEY (`id`);

--
-- Indexen voor tabel `report_target`
--
ALTER TABLE `report_target`
  ADD PRIMARY KEY (`id`);

--
-- Indexen voor tabel `report_visitors`
--
ALTER TABLE `report_visitors`
  ADD PRIMARY KEY (`id`);

--
-- Indexen voor tabel `rights`
--
ALTER TABLE `rights`
  ADD PRIMARY KEY (`id`),
  ADD KEY `id` (`id`);

--
-- Indexen voor tabel `rights_tree`
--
ALTER TABLE `rights_tree`
  ADD PRIMARY KEY (`id`),
  ADD KEY `profile_id` (`profile_id`),
  ADD KEY `rights_id` (`rights_id`);

--
-- Indexen voor tabel `sub_projects`
--
ALTER TABLE `sub_projects`
  ADD PRIMARY KEY (`id`),
  ADD KEY `project_id` (`project_id`),
  ADD KEY `division_id` (`division_id`),
  ADD KEY `id` (`id`);

--
-- Indexen voor tabel `sub_project_to_user`
--
ALTER TABLE `sub_project_to_user`
  ADD UNIQUE KEY `sub_project_id_2` (`sub_project_id`),
  ADD KEY `sub_project_id` (`sub_project_id`),
  ADD KEY `user_id` (`user_id`);

--
-- Indexen voor tabel `users`
--
ALTER TABLE `users`
  ADD PRIMARY KEY (`id`),
  ADD KEY `id` (`id`),
  ADD KEY `profile_id` (`profile_id`),
  ADD KEY `division_id` (`division_id`),
  ADD KEY `menu_state` (`menu_state`);

--
-- Indexen voor tabel `user_activities`
--
ALTER TABLE `user_activities`
  ADD PRIMARY KEY (`id`),
  ADD KEY `user_id` (`user_id`);

--
-- Indexen voor tabel `working_minutes`
--
ALTER TABLE `working_minutes`
  ADD PRIMARY KEY (`id`),
  ADD KEY `project_line_id` (`project_line_id`),
  ADD KEY `user_id` (`user_id`),
  ADD KEY `correction_id` (`ticket_id`);

--
-- AUTO_INCREMENT voor geëxporteerde tabellen
--

--
-- AUTO_INCREMENT voor een tabel `availability_days`
--
ALTER TABLE `availability_days`
  MODIFY `id` int(1) NOT NULL AUTO_INCREMENT, AUTO_INCREMENT=8;
--
-- AUTO_INCREMENT voor een tabel `check_categories`
--
ALTER TABLE `check_categories`
  MODIFY `id` int(11) NOT NULL AUTO_INCREMENT, AUTO_INCREMENT=9;
--
-- AUTO_INCREMENT voor een tabel `check_items`
--
ALTER TABLE `check_items`
  MODIFY `id` int(11) NOT NULL AUTO_INCREMENT, AUTO_INCREMENT=59;
--
-- AUTO_INCREMENT voor een tabel `contacts`
--
ALTER TABLE `contacts`
  MODIFY `id` int(11) NOT NULL AUTO_INCREMENT, AUTO_INCREMENT=62;
--
-- AUTO_INCREMENT voor een tabel `customer_login`
--
ALTER TABLE `customer_login`
  MODIFY `id` int(11) NOT NULL AUTO_INCREMENT;
--
-- AUTO_INCREMENT voor een tabel `details`
--
ALTER TABLE `details`
  MODIFY `id` int(10) NOT NULL AUTO_INCREMENT, AUTO_INCREMENT=12;
--
-- AUTO_INCREMENT voor een tabel `divisions`
--
ALTER TABLE `divisions`
  MODIFY `id` int(11) NOT NULL AUTO_INCREMENT, AUTO_INCREMENT=7;
--
-- AUTO_INCREMENT voor een tabel `offers`
--
ALTER TABLE `offers`
  MODIFY `id` int(11) NOT NULL AUTO_INCREMENT, AUTO_INCREMENT=137;
--
-- AUTO_INCREMENT voor een tabel `offer_default_categories`
--
ALTER TABLE `offer_default_categories`
  MODIFY `id` int(11) NOT NULL AUTO_INCREMENT, AUTO_INCREMENT=5;
--
-- AUTO_INCREMENT voor een tabel `offer_default_lines`
--
ALTER TABLE `offer_default_lines`
  MODIFY `id` int(11) NOT NULL AUTO_INCREMENT, AUTO_INCREMENT=14;
--
-- AUTO_INCREMENT voor een tabel `offer_lines`
--
ALTER TABLE `offer_lines`
  MODIFY `id` int(11) NOT NULL AUTO_INCREMENT, AUTO_INCREMENT=212;
--
-- AUTO_INCREMENT voor een tabel `profiles`
--
ALTER TABLE `profiles`
  MODIFY `id` int(11) NOT NULL AUTO_INCREMENT, AUTO_INCREMENT=4;
--
-- AUTO_INCREMENT voor een tabel `projects`
--
ALTER TABLE `projects`
  MODIFY `id` int(6) NOT NULL AUTO_INCREMENT, AUTO_INCREMENT=20160454;
--
-- AUTO_INCREMENT voor een tabel `project_lines`
--
ALTER TABLE `project_lines`
  MODIFY `id` int(11) NOT NULL AUTO_INCREMENT, AUTO_INCREMENT=882;
--
-- AUTO_INCREMENT voor een tabel `project_status`
--
ALTER TABLE `project_status`
  MODIFY `id` int(2) NOT NULL AUTO_INCREMENT, AUTO_INCREMENT=9;
--
-- AUTO_INCREMENT voor een tabel `reports`
--
ALTER TABLE `reports`
  MODIFY `id` int(11) NOT NULL AUTO_INCREMENT, AUTO_INCREMENT=2;
--
-- AUTO_INCREMENT voor een tabel `report_target`
--
ALTER TABLE `report_target`
  MODIFY `id` int(11) NOT NULL AUTO_INCREMENT;
--
-- AUTO_INCREMENT voor een tabel `report_visitors`
--
ALTER TABLE `report_visitors`
  MODIFY `id` int(11) NOT NULL AUTO_INCREMENT, AUTO_INCREMENT=2;
--
-- AUTO_INCREMENT voor een tabel `rights`
--
ALTER TABLE `rights`
  MODIFY `id` int(11) NOT NULL AUTO_INCREMENT, AUTO_INCREMENT=22;
--
-- AUTO_INCREMENT voor een tabel `rights_tree`
--
ALTER TABLE `rights_tree`
  MODIFY `id` int(5) NOT NULL AUTO_INCREMENT, AUTO_INCREMENT=250;
--
-- AUTO_INCREMENT voor een tabel `sub_projects`
--
ALTER TABLE `sub_projects`
  MODIFY `id` int(9) NOT NULL AUTO_INCREMENT, AUTO_INCREMENT=625;
--
-- AUTO_INCREMENT voor een tabel `users`
--
ALTER TABLE `users`
  MODIFY `id` int(11) NOT NULL AUTO_INCREMENT, AUTO_INCREMENT=11;
--
-- AUTO_INCREMENT voor een tabel `user_activities`
--
ALTER TABLE `user_activities`
  MODIFY `id` int(11) NOT NULL AUTO_INCREMENT, AUTO_INCREMENT=11;
--
-- AUTO_INCREMENT voor een tabel `working_minutes`
--
ALTER TABLE `working_minutes`
  MODIFY `id` int(9) NOT NULL AUTO_INCREMENT, AUTO_INCREMENT=1145;
/*!40101 SET CHARACTER_SET_CLIENT=@OLD_CHARACTER_SET_CLIENT */;
/*!40101 SET CHARACTER_SET_RESULTS=@OLD_CHARACTER_SET_RESULTS */;
/*!40101 SET COLLATION_CONNECTION=@OLD_COLLATION_CONNECTION */;
